time,steps,pwm_l,pwm_r,err,d,out
1000714,2001,32698,32700,500,0,5
0,1001058,2002,0,32738,32700,500
0,0,18518,15,2003,0,32835
65535,0,0,0,19018,15,2004
32768168,65533,0,0,0,0,19518
2160558348,6160884,-1,0,0,0,0
2006,2170061191,500,433,0,0,0
1003558,2007,-32208,-32267,500,0,9
0,1004058,2008,0,-32002,-32110,0
0,0,21518,15,2009,0,33742
65534,0,0,0,22018,15,2010
32768385,65533,0,0,0,0,22518
2226292124,32768000,-7,0,0,0,0
2012,2241103493,500,0,3,0,0
1006558,2013,-30856,-31113,0,500,0
0,1007058,2014,0,-30613,-30876,78
0,0,24518,15,2015,0,35148
3,0,0,0,25018,15,2016
500,9,0,0,0,0,25518
2321845057,32768000,-14,0,0,0,0
2018,2338360392,500,0,-8,0,0
1009558,2019,-29353,-29605,500,0,4
0,1010058,2020,0,-29059,-29374,0
0,0,27518,15,2021,0,36767
65534,0,0,0,28018,15,2022
32768000,65527,0,0,0,0,28518
2417988077,500,11,0,0,0,0
2024,2434241304,0,500,-2,0,0
1012558,2025,-27586,-28135,500,0,1
0,1013058,2026,0,-27285,-27879,500
0,0,30518,15,2027,0,38570
12,0,0,0,31018,15,2028
32768000,65535,0,0,0,0,31518
2512755009,25625076,-1,0,0,0,0
2030,2528877196,314,500,-2,0,0
1015558,2031,-25647,-26684,0,500,65532
0,1016058,2032,0,-25339,-26396,500
0,0,-32018,15,2033,0,40509
65534,0,0,0,-31518,15,2034
500,1,0,0,0,0,34518
2618597597,14483956,2,0,0,0,0
2036,2634326591,0,500,-3,0,0
1018558,2037,-23653,-25089,500,0,0
0,1019058,2038,0,-23305,-24841,6
0,0,-29018,15,2039,0,42572
65527,0,0,0,-28518,15,2040
500,65533,0,0,0,0,37518
2720508117,500,10,0,0,0,0
2042,2737482282,0,500,-1,0,0
1021558,2043,-21640,-23499,500,0,4
0,1022058,2044,0,-21304,-23235,500
0,0,-26018,15,2045,0,44581
9,0,0,0,-25518,15,2046
32768000,5,0,0,0,0,40518
2823205055,32768000,1,0,0,0,0
2048,2842800624,500,299,2,0,0
1024558,2049,-19674,-21863,0,500,65529
0,1025058,2050,0,-19369,-21561,500
0,0,-23018,15,2051,0,46477
65528,0,0,0,-22518,15,2052
500,0,0,0,0,0,43518
2940712949,500,4,0,0,0,0
2054,2958932284,0,500,-4,0,0
1027558,2055,-17795,-20103,0,500,65527
0,1028058,2056,0,-17492,-19800,500
0,0,-20018,15,2057,0,48352
2,0,0,0,-19518,15,2058
6357492,4,0,0,0,0,46518
3052388216,32768000,1,0,0,0,0
2060,3069952197,500,0,4,0,0
1030558,2061,-15852,-18428,500,0,12
0,1031058,2062,0,-15503,-18182,0
0,0,-17018,15,2063,0,50374
65519,0,0,0,-16518,15,2064
500,65528,0,0,0,0,49518
3156592463,500,4,0,0,0,0
2066,3173370019,0,500,-4,0,0
1033558,2067,-13839,-16850,500,351,65533
0,1034058,2068,0,-13503,-16577,500
0,0,-14018,15,2069,0,52381
2,0,0,0,-13518,15,2070
32768000,65535,0,0,0,0,52518
3257716581,32768000,-14,0,0,0,0
2072,3275673779,500,0,6,0,0
1036558,2073,-11773,-15282,0,500,65532
0,1037058,2074,0,-11444,-15004,500
0,0,-11018,15,2075,0,54424
65531,0,0,0,-10518,15,2076
393716,65534,0,0,0,0,55518
3366377254,500,3,0,0,0,0
2078,3383285885,0,500,-1,0,0
1039558,2079,-9779,-13645,0,500,65532
0,1040058,2080,0,-9462,-13356,500
0,0,-8018,15,2081,0,56395
65529,0,0,0,-7518,15,2082
500,5,0,0,0,0,58518
3476152006,32768000,-2,0,0,0,0
2084,3495223296,500,0,4,0,0
1042558,2085,-7874,-11916,500,0,13
0,1043058,2086,0,-7541,-11648,0
0,0,-5018,15,2087,0,58322
9,0,0,0,-4518,15,2088
32768000,1,0,0,0,0,61518
3585730144,32768320,0,0,0,0,0
2090,3605325717,500,118,2,0,0
1045558,2091,-5937,-10229,500,71,4
0,1046058,2092,0,-5606,-9954,0
0,0,-2018,15,2093,0,60254
0,0,0,0,-1518,15,2094
32768000,65531,0,0,0,0,64518
3697929703,500,11,0,0,0,0
2096,3716280108,500,0,15,0,0
1048558,2097,-3969,-8570,0,500,65532
0,1049058,2098,0,-3636,-8301,500
0,0,982,16,2099,0,62235
65522,0,0,0,1482,16,2100
23331316,65523,0,0,0,0,1982
3804624302,500,2,0,0,0,0
2102,3822057223,0,500,-2,0,0
1051558,2103,-1959,-6943,500,0,9
0,1052058,2104,0,-1620,-6672,0
0,0,3982,16,2105,0,64249
7,0,0,0,4482,16,2106
32768000,3,0,0,0,0,4982
3912236432,32768244,1,0,0,0,0
2108,3931963078,0,500,-3,0,0
1054558,2109,-23,-5222,37,500,65530
0,1055058,2110,0,251,-4889,0
0,0,6982,16,2111,0,506
4,0,0,0,7482,16,2112
32768394,3,0,0,0,0,7982
4041475094,18547188,5,0,0,0,0
2114,4063102265,118,500,3,0,0
1057558,2115,1625,-3205,0,500,65525
0,1058058,2116,0,1895,-2861,500
0,0,9982,16,2117,0,2172
11,0,0,0,10482,16,2118
32768000,2,0,0,0,0,10982
4171369166,32768000,-3,0,0,0,0
2120,4193258466,500,0,1,0,0
1060558,2121,3325,-1224,500,0,8
0,1061058,2122,0,3630,-916,0
0,0,12982,16,2123,0,3929
0,0,0,0,13482,16,2124
500,4,0,0,0,0,13982
4294119884,32768000,-9,0,0,0,0
2126,18289417,500,0,-2,0,0
1063558,2127,5193,567,500,0,8
0,1064058,2128,0,5529,834,0
0,0,15982,16,2129,0,5858
2,0,0,0,16482,16,2130
32768197,1,0,0,0,0,16982
111876466,500,7,0,0,0,0
2132,131668666,500,0,12,0,0
1066558,2133,7184,2291,0,500,0
0,1067058,2134,0,7519,2578,500
0,0,18982,16,2135,0,7856
0,0,0,0,19482,16,2136
32768416,0,0,0,0,0,19982
226697535,500,4,0,0,0,0
2138,246555276,500,0,8,0,0
1069558,2139,9191,4045,0,500,65529
0,1070058,2140,0,9530,4334,500
0,0,21982,16,2141,0,9871
2,0,0,0,22482,16,2142
31785460,2,0,0,0,0,22982
337783131,32768000,-3,0,0,0,0
2144,356919998,500,0,0,0,0
1072558,2145,11297,5733,0,500,65532
0,1073058,2146,0,11645,6025,500
0,0,24982,16,2147,0,11992
10,0,0,0,25482,16,2148
32768000,65529,0,0,0,0,25982
449393054,500,-1,0,0,0,0
2150,467219198,0,500,-4,0,0
1075558,2151,13398,7408,500,365,65533
0,1076058,2152,0,13743,7693,500
0,0,27982,16,2153,0,14099
11,0,0,0,28482,16,2154
32768000,65532,0,0,0,0,28982
555694566,500,8,0,0,0,0
2156,572603212,0,500,1,0,0
1078558,2157,15529,9004,500,79,3
0,1079058,2158,0,15879,9267,0
0,0,30982,16,2159,0,16222
6,0,0,0,31482,16,2160
32768000,65534,0,0,0,0,31982
660685318,32768000,-13,0,0,0,0
2162,680084293,500,0,1,0,0
1081558,2163,17542,10668,500,385,2
0,1082058,2164,0,17878,10952,0
0,0,-31554,16,2165,0,18208
9,0,0,0,-31054,16,2166
32768000,1,0,0,0,0,34982
775768498,500,9,0,0,0,0
2168,794905338,0,500,2,0,0
1084558,2169,19516,12426,0,500,65532
0,1085058,2170,0,19820,12740,500
0,0,-28554,16,2171,0,20128
0,0,0,0,-28054,16,2172
32768000,65534,0,0,0,0,37982
894259493,500,14,0,0,0,0
2174,913527399,500,266,15,0,0
1087558,2175,21432,14214,0,500,4
0,1088058,2176,0,21763,14495,0
0,0,-25554,16,2177,0,22075
1,0,0,0,-25054,16,2178
500,4,0,0,0,0,40982
1007245506,32768041,2,0,0,0,0
2180,1025792519,0,500,-1,0,0
1090558,2181,23354,15955,328,500,65534
0,1091058,2182,0,23647,16274,500
0,0,-22554,16,2183,0,23949
7,0,0,0,-22054,16,2184
32768000,0,0,0,0,0,43982
1129472006,16450036,0,0,0,0,0
2186,1150705987,0,500,-3,0,0
1093558,2187,25210,17883,0,500,65531
0,1094058,2188,0,25503,18222,500
0,0,-19554,16,2189,0,25802
0,0,0,0,-19054,16,2190
500,8,0,0,0,0,46982
1259038492,500,16,0,0,0,0
2192,1279092826,0,500,2,0,0
1096558,2193,27027,19826,500,0,6
0,1097058,2194,0,27343,20130,500
0,0,-16554,16,2195,0,27675
0,0,0,0,-16054,16,2196
32768000,65533,0,0,0,0,49982
1377070739,32768013,-5,0,0,0,0
2198,1398304691,293,500,-6,0,0
1099558,2199,28868,21673,500,282,65531
0,1100058,2200,0,29150,22004,500
0,0,-13554,16,2201,0,29453
3,0,0,0,-13054,16,2202
32768000,0,0,0,0,0,52982
1500870025,500,13,0,0,0,0
2204,1519941319,0,500,0,0,0
1102558,2205,30720,23488,500,0,3
0,1103058,2206,0,31037,23779,500
0,0,-10554,16,2207,0,31369
0,0,0,0,-10054,16,2208
500,3,0,0,0,0,55982
1613987096,32768052,0,0,0,0,0
2210,1632861786,500,302,1,0,0
1105558,2211,32671,25202,265,500,0
0,1106058,2212,0,-32546,25497,500
0,0,-7554,16,2213,0,33312
1,0,0,0,-7054,16,2214
27001332,1,0,0,0,0,58982
1729135773,500,5,0,0,0,0
2216,1748272620,202,500,4,0,0
1108558,2217,-30924,26972,500,0,14
0,1109058,2218,0,-30593,27264,0
0,0,-4554,16,2219,0,35267
1,0,0,0,-4054,16,2220
500,11,0,0,0,0,61982
1847036970,32768000,-8,0,0,0,0
2222,1867418971,500,0,4,0,0
1111558,2223,-29039,28799,500,329,5
0,1112058,2224,0,-28713,29091,0
0,0,-1554,16,2225,0,37143
11,0,0,0,-1054,16,2226
13173236,12,0,0,0,0,64982
1963430827,32768000,-2,0,0,0,0
2228,1981846774,500,0,12,0,0
1114558,2229,-27069,30518,0,500,2
0,1115058,2230,0,-26743,30801,153
0,0,1446,17,2231,0,39101
65534,0,0,0,1946,17,2232
28508660,65534,0,0,0,0,2446
2080938756,500,2,0,0,0,0
2234,2101648445,500,69,4,0,0
1117558,2235,-25209,32364,0,500,65530
0,1118058,2236,0,-24886,32665,292
0,0,4446,17,2237,0,40954
2,0,0,0,4946,17,2238
29557236,3,0,0,0,0,5446
2202247797,500,7,0,0,0,0
2240,2221908937,500,343,8,0,0
1120558,2241,-23255,-31345,500,123,10
0,1121058,2242,0,-22894,-31061,0
0,0,7446,17,2243,0,42996
4,0,0,0,7946,17,2244
3473908,6,0,0,0,0,8446
2316872386,500,10,0,0,0,0
2246,2335681589,0,500,4,0,0
1123558,2247,-21088,-29597,500,0,14
0,1124058,2248,0,-20726,-29302,169
0,0,10446,17,2249,0,45163
4,0,0,0,10946,17,2250
500,10,0,0,0,0,11446
2435691274,32768000,2,0,0,0,0
2252,2456335444,500,0,8,0,0
1126558,2253,-19040,-27748,0,500,1
0,1127058,2254,0,-18715,-27436,500
0,0,13446,17,2255,0,47149
7,0,0,0,13946,17,2256
32768481,7,0,0,0,0,14446
2558573233,500,9,0,0,0,0
2258,2579414016,0,500,-3,0,0
1129558,2259,-17079,-25857,500,0,25
0,1130058,2260,0,-16748,-25543,0
0,0,16446,17,2261,0,49113
2,0,0,0,16946,17,2262
31588852,2,0,0,0,0,17446
2685846104,500,6,0,0,0,0
2264,2707669929,500,0,13,0,0
1132558,2265,-15097,-23908,0,500,1
0,1133058,2266,0,-14755,-23589,500
0,0,19446,17,2267,0,51125
65527,0,0,0,19946,17,2268
500,10,0,0,0,0,20446
2811284054,32768000,1,0,0,0,0
2270,2832452513,500,0,13,0,0
1135558,2271,-13075,-22000,0,500,3
0,1136058,2272,0,-12748,-21675,500
0,0,22446,17,2273,0,53116
2,0,0,0,22946,17,2274
500,13,0,0,0,0,23446
2937901573,500,15,0,0,0,0
2276,2958938971,0,500,7,0,0
1138558,2277,-11095,-20057,500,194,9
0,1139058,2278,0,-10760,-19733,0
0,0,25446,17,2279,0,55105
14,0,0,0,25946,17,2280
32768000,0,0,0,0,0,26446
3066681812,500,9,0,0,0,0
2282,3088177953,500,105,11,0,0
1141558,2283,-9093,-18088,0,500,5
0,1142058,2284,0,-8754,-17752,500
0,0,28446,17,2285,0,57122
7,0,0,0,28946,17,2286
500,9,0,0,0,0,29446
3197100480,500,13,0,0,0,0
2288,3218858782,0,500,-2,0,0
1144558,2289,-7051,-16080,500,0,2
0,1145058,2290,0,-6708,-15746,500
0,0,31446,17,2291,0,59182
11,0,0,0,31946,17,2292
32768000,7,0,0,0,0,32446
3330599385,32768000,4,0,0,0,0
2294,3354389290,0,500,-1,0,0
1147558,2295,-4996,-13984,500,0,10
0,1148058,2296,0,-4651,-13624,0
0,0,-31090,17,2297,0,61225
3,0,0,0,-30590,17,2298
27656692,3,0,0,0,0,35446
3470979561,500,20,0,0,0,0
2300,3493458775,0,500,0,0,0
1150558,2301,-2883,-11881,500,0,18
0,1151058,2302,0,-2526,-11536,0
0,0,-28090,17,2303,0,63359
9,0,0,0,-27590,17,2304
5964276,11,0,0,0,0,38446
3608738362,32768000,5,0,0,0,0
2306,3631938454,500,0,8,0,0
1153558,2307,-775,-9769,500,0,20
0,1154058,2308,0,-410,-9419,0
0,0,-25090,17,2309,0,65482
20,0,0,0,-24590,17,2310
32768000,5,0,0,0,0,41446
3747545744,32768000,0,0,0,0,0
2312,3771597809,500,0,7,0,0
1156558,2313,1368,-7629,500,0,15
0,1157058,2314,0,1737,-7275,493
0,0,-22090,17,2315,0,2112
1,0,0,0,-21590,17,2316
6488564,3,0,0,0,0,44446
3889564441,32768479,3,0,0,0,0
2318,3913288843,500,0,9,0,0
1159558,2319,3587,-5464,0,500,3
0,1160058,2320,0,3954,-5098,500
0,0,-19090,17,2321,0,4321
11,0,0,0,-18590,17,2322
500,19,0,0,0,0,47446
4032500668,32768000,4,0,0,0,0
2324,4056683817,500,0,9,0,0
1162558,2325,5787,-3271,0,500,1
0,1163058,2326,0,6153,-2901,500
0,0,-16090,17,2327,0,6525
4,0,0,0,-15590,17,2328
500,18,0,0,0,0,50446
4177402978,32768000,14,0,0,0,0
2330,4201848275,0,500,3,0,0
1165558,2331,8004,-1042,500,37,5
0,1166058,2332,0,8379,-671,500
0,0,-13090,17,2333,0,8760
4,0,0,0,-12590,17,2334
500,13,0,0,0,0,53446
29435172,32768000,0,0,0,0,0
2336,54208154,500,0,13,0,0
1168558,2337,10260,1201,0,500,9
0,1169058,2338,0,10635,1579,0
0,0,-10090,17,2339,0,11010
13,0,0,0,-9590,17,2340
30212596,13,0,0,0,0,56446
178073088,32768000,4,0,0,0,0
2342,203042682,500,0,12,0,0
1171558,2343,12537,3477,0,500,2
0,1172058,2344,0,12916,3860,500
0,0,-7090,17,2345,0,13300
17,0,0,0,-6590,17,2346
32768000,2,0,0,0,0,59446
328087287,500,14,0,0,0,0
2348,353122425,500,264,15,0,0
1174558,2349,14847,5770,0,500,4
0,1175058,2350,0,15231,6157,0
0,0,-4090,17,2351,0,15615
11,0,0,0,-3590,17,2352
32768077,9,0,0,0,0,62446
479739909,32768473,8,0,0,0,0
2354,505495945,500,0,21,0,0
1177558,2355,17167,8100,0,500,7
0,1178058,2356,0,17555,8491,500
0,0,-1090,17,2357,0,17947
9,0,0,0,-590,17,2358
32768000,0,0,0,0,0,65446
633555239,500,22,0,0,0,0
2360,659180209,0,500,5,0,0
1180558,2361,19512,10451,500,355,6
0,1181058,2362,0,19907,10844,500
0,0,1910,18,2363,0,20305
1,0,0,0,2410,18,2364
500,20,0,0,0,0,2910
788157031,32768000,9,0,0,0,0
2366,814109682,500,0,12,0,0
1183558,2367,21887,12818,0,500,65531
0,1184058,2368,0,22283,13215,500
0,0,4910,18,2369,0,22682
15,0,0,0,5410,18,2370
12452340,17,0,0,0,0,5910
944135104,32768000,5,0,0,0,0
2372,970349902,500,0,16,0,0
1186558,2373,24289,15204,0,500,9
0,1187058,2374,0,24688,15605,0
0,0,7910,18,2375,0,25089
0,0,0,0,8410,18,2376
500,14,0,0,0,0,8910
1101620521,32768000,3,0,0,0,0
2378,1128031931,178,500,1,0,0
1189558,2379,26702,17617,500,0,12
0,1190058,2380,0,27107,18020,131
0,0,10910,18,2381,0,27511
5,0,0,0,11410,18,2382
32768000,0,0,0,0,0,11910
1260809888,500,7,0,0,0,0
2384,1287352375,500,0,23,0,0
1192558,2385,29136,20049,0,500,16
0,1193058,2386,0,29543,20457,500
0,0,13910,18,2387,0,29953
7,0,0,0,14410,18,2388
500,19,0,0,0,0,14910
1420916786,32768000,7,0,0,0,0
2390,1447786955,500,4,9,0,0
1195558,2391,31590,22500,500,0,12
0,1196058,2392,0,32001,22909,500
0,0,16910,18,2393,0,32413
11,0,0,0,17410,18,2394
29622772,11,0,0,0,0,17910
1582203350,7864820,12,0,0,0,0
2396,1609204596,0,500,8,0,0
1198558,2397,-31471,24968,500,0,12
0,1199058,2398,0,-31055,25381,356
0,0,19910,18,2399,0,34895
23,0,0,0,20410,18,2400
32768000,7,0,0,0,0,20910
1744931727,500,10,0,0,0,0
2402,1772129584,500,390,10,0,0
1201558,2403,-28976,27456,500,0,19
0,1202058,2404,0,-28558,27872,0
0,0,22910,18,2405,0,37396
7,0,0,0,23410,18,2406
32768000,0,0,0,0,0,23910
1908839769,500,4,0,0,0,0
2408,1936234237,417,500,4,0,0
1204558,2409,-26464,29964,500,0,7
0,1205058,2410,0,-26043,30384,0
0,0,25910,18,2411,0,39914
12,0,0,0,26410,18,2412
32768000,5,0,0,0,0,26910
2073993014,500,9,0,0,0,0
2414,2101649629,500,307,10,0,0
1207558,2415,-23932,32489,500,325,11
0,1208058,2416,0,-23508,-32625,500
0,0,28910,18,2417,0,42453
12,0,0,0,29410,18,2418
32768000,0,0,0,0,0,29910
2240129318,500,9,0,0,0,0
2420,2267917008,283,500,8,0,0
1210558,2421,-21382,-30505,360,500,7
0,1211058,2422,0,-20956,-30079,406
0,0,31910,18,2423,0,45007
5,0,0,0,32410,18,2424
32768006,3,0,0,0,0,32910
2407707429,32768000,-4,0,0,0,0
2426,2435757265,500,0,25,0,0
1213558,2427,-18819,-27942,0,500,16
0,1214058,2428,0,-18390,-27513,0
0,0,-30626,18,2429,0,47575
14,0,0,0,-30126,18,2430
32768163,13,0,0,0,0,35910
2576399667,32768000,5,0,0,0,0
2432,2604646113,500,0,17,0,0
1216558,2433,-16239,-25362,0,500,1
0,1217058,2434,0,-15808,-24930,500
0,0,-27626,18,2435,0,50161
22,0,0,0,-27126,18,2436
32768000,16,0,0,0,0,38910
2746271570,32768000,-1,0,0,0,0
2438,2774649091,500,0,10,0,0
1219558,2439,-13643,-22765,500,0,17
0,1220058,2440,0,-13209,-22331,0
0,0,-24626,18,2441,0,52761
18,0,0,0,-24126,18,2442
32768000,8,0,0,0,0,41910
2917060992,500,12,0,0,0,0
2444,2945635125,500,349,12,0,0
1222558,2445,-11030,-20154,500,0,16
0,1223058,2446,0,-10593,-19718,0
0,0,-21626,18,2447,0,55379
19,0,0,0,-21126,18,2448
32768249,18,0,0,0,0,44910
3088767935,32768000,9,0,0,0,0
2450,3117473141,0,500,-11,0,0
1225558,2451,-8404,-17529,500,0,5
0,1226058,2452,0,-7965,-17090,500
0,0,-18626,18,2453,0,58011
16,0,0,0,-18126,18,2454
32768000,1,0,0,0,0,47910
3261589004,500,16,0,0,0,0
2456,3290490821,0,500,13,0,0
1228558,2457,-5762,-14886,0,500,3
0,1229058,2458,0,-5320,-14444,500
0,0,-15626,18,2459,0,60658
4,0,0,0,-15126,18,2460
500,20,0,0,0,0,50910
3435458663,32768000,-4,0,0,0,0
2462,3464557090,500,0,18,0,0
1231558,2463,-3106,-12229,0,500,11
0,1232058,2464,0,-2663,-11784,500
0,0,-12626,18,2465,0,63318
65534,0,0,0,-12126,18,2466
500,1,0,0,0,0,53910
3610180304,32768491,1,0,0,0,0
2468,3639409805,500,0,7,0,0
1234558,2469,-436,-9557,500,0,12
0,1235058,2470,0,13,-9111,0
0,0,-9626,18,2471,0,460
15,0,0,0,-9126,18,2472
32768000,3,0,0,0,0,56910
3785950540,500,7,0,0,0,0
2474,3815311117,500,0,11,0,0
1237558,2475,2254,-6871,500,0,15
0,1238058,2476,0,2704,-6422,127
0,0,-6626,18,2477,0,3154
13,0,0,0,-6126,18,2478
500,23,0,0,0,0,59910
3962507223,32768000,7,0,0,0,0
2480,3991998874,500,33,9,0,0
1240558,2481,4958,-4172,0,500,5
0,1241058,2482,0,5409,-3720,500
0,0,-3626,18,2483,0,5861
10,0,0,0,-3126,18,2484
500,14,0,0,0,0,62910
4139981424,32768000,0,0,0,0,0
2486,4169604149,500,0,15,0,0
1243558,2487,7675,-1460,0,500,8
0,1244058,2488,0,8129,-1007,500
0,0,-626,18,2489,0,8584
15,0,0,0,-126,18,2490
32768479,15,0,0,0,0,374
23340309,32768000,7,0,0,0,0
2492,53159645,500,391,7,0,0
1246558,2493,10405,1266,192,500,6
0,1247058,2494,0,10861,1722,0
0,0,2374,19,2495,0,11317
10,0,0,0,2874,19,2496
32768000,1,0,0,0,0,3374
202584008,500,10,0,0,0,0
2498,232468882,500,276,11,0,0
1249558,2499,13148,4004,0,500,6
0,1250058,2500,0,13606,4462,500
0,0,5374,19,2501,0,14065
7,0,0,0,5874,19,2502
500,10,0,0,0,0,6374
382548616,500,22,0,0,0,0
2504,412564563,0,500,7,0,0
1252558,2505,15903,6754,0,500,3
0,1253058,2506,0,16363,7214,480
0,0,8374,19,2507,0,16824
12,0,0,0,8874,19,2508
32768299,11,0,0,0,0,9374
563299666,32768000,-3,0,0,0,0
2510,593512223,500,0,4,0,0
1255558,2511,18670,9517,500,0,6
0,1256058,2512,0,19132,9979,500
0,0,11374,19,2513,0,19595
19,0,0,0,11874,19,2514
32768000,65535,0,0,0,0,12374
744837161,500,18,0,0,0,0
2516,775180793,0,500,5,0,0
1258558,2517,21449,12291,500,0,13
0,1259058,2518,0,21914,12754,0
0,0,14374,19,2519,0,22378
3,0,0,0,14874,19,2520
500,14,0,0,0,0,15374
927030029,32768000,-1,0,0,0,0
2522,957439198,500,0,12,0,0
1261558,2523,24240,15074,0,500,7
0,1262058,2524,0,24705,15539,500
0,0,17374,19,2525,0,25172
5,0,0,0,17874,19,2526
32768168,4,0,0,0,0,18374
1109943801,500,9,0,0,0,0
2528,1140484044,500,0,15,0,0
1264558,2529,27039,17868,500,202,16
0,1265058,2530,0,27507,18335,0
0,0,20374,19,2531,0,27975
65531,0,0,0,20874,19,2532
500,17,0,0,0,0,21374
1293447408,32768000,12,0,0,0,0
2534,1324118724,0,500,0,0,0
1267558,2535,29849,20673,500,0,11
0,1268058,2536,0,30318,21141,0
0,0,23374,19,2537,0,30787
16,0,0,0,23874,19,2538
32768268,15,0,0,0,0,24374
1477737455,31654388,15,0,0,0,0
2540,1508474309,0,500,12,0,0
1270558,2541,32668,23488,0,500,0
0,1271058,2542,0,-32397,23959,500
0,0,26374,19,2543,0,33610
17,0,0,0,26874,19,2544
32768000,4,0,0,0,0,27374
1662748409,500,13,0,0,0,0
2546,1693616337,0,500,8,0,0
1273558,2547,-30039,26314,500,0,13
0,1274058,2548,0,-29566,26785,0
0,0,29374,19,2549,0,36442
11,0,0,0,29874,19,2550
4325876,13,0,0,0,0,30374
1848283661,32768000,-2,0,0,0,0
2552,1879282663,500,0,14,0,0
1276558,2553,-27199,29148,0,500,11
0,1277058,2554,0,-26725,29621,500
0,0,32374,19,2555,0,39286
15,0,0,0,-32662,19,2556
32768000,0,0,0,0,0,33374
2034408747,500,10,0,0,0,0
2558,2065473286,411,500,9,0,0
1279558,2559,-24351,31990,500,0,16
0,1280058,2560,0,-23875,32465,0
0,0,-30162,19,2561,0,42137
65533,0,0,0,-29662,19,2562
500,6,0,0,0,0,36374
2221123665,26608116,6,0,0,0,0
2564,2252253741,500,477,6,0,0
1282558,2565,-21493,-30694,500,0,21
0,1283058,2566,0,-21016,-30218,0
0,0,-27162,19,2567,0,44998
12,0,0,0,-26662,19,2568
32768000,8,0,0,0,0,39374
2408362881,32768000,4,0,0,0,0
2570,2439689567,500,0,8,0,0
1285558,2571,-18627,-27833,500,203,9
0,1286058,2572,0,-18148,-27355,500
0,0,-24162,19,2573,0,47867
65528,0,0,0,-23662,19,2574
500,14,0,0,0,0,42374
2596257464,32768000,-2,0,0,0,0
2576,2627649688,500,0,11,0,0
1288558,2577,-15752,-24964,0,500,4
0,1289058,2578,0,-15273,-24485,500
0,0,-21162,19,2579,0,50743
65531,0,0,0,-20662,19,2580
500,9,0,0,0,0,45374
2784610808,500,14,0,0,0,0
2582,2816068569,0,500,3,0,0
1291558,2583,-12870,-22087,500,0,7
0,1292058,2584,0,-12389,-21607,500
0,0,-18162,19,2585,0,53629
7,0,0,0,-17662,19,2586
32768000,2,0,0,0,0,48374
2973488448,32768000,0,0,0,0,0
2588,3005011746,500,0,23,0,0
1294558,2589,-9979,-19203,0,500,4
0,1295058,2590,0,-9497,-18721,500
0,0,-15162,19,2591,0,56522
5,0,0,0,-14662,19,2592
500,11,0,0,0,0,51374
3162890383,21561844,12,0,0,0,0
2594,3194479219,387,500,11,0,0
1297558,2595,-7082,-16310,0,500,0
0,1298058,2596,0,-6598,-15828,500
0,0,-12162,19,2597,0,59422
14,0,0,0,-11662,19,2598
32768000,65534,0,0,0,0,54374
3352751078,500,6,0,0,0,0
2600,3384405451,500,340,7,0,0
1300558,2601,-4176,-13411,0,500,4
0,1301058,2602,0,-3692,-12927,0
0,0,-9162,19,2603,0,62329
16,0,0,0,-8662,19,2604
32768000,0,0,0,0,0,57374
3543070532,500,16,0,0,0,0
2606,3574790442,0,500,9,0,0
1303558,2607,-1265,-10505,0,500,1
0,1304058,2608,0,-779,-10020,500
0,0,-6162,19,2609,0,65244
4,0,0,0,-5662,19,2610
12255732,6,0,0,0,0,60374
3733717674,32768481,5,0,0,0,0
2612,3765568657,500,210,7,0,0
1306558,2613,1656,-7592,500,0,14
0,1307058,2614,0,2144,-7106,0
0,0,-3162,19,2615,0,2631
19,0,0,0,-2662,19,2616
32768000,5,0,0,0,0,63374
3924954647,500,13,0,0,0,0
2618,3956871167,500,168,14,0,0
1309558,2619,4584,-4672,500,95,16
0,1310058,2620,0,5073,-4185,0
0,0,-162,19,2621,0,5561
10,0,0,0,338,20,2622
32768000,1,0,0,0,0,838
4116584843,500,6,0,0,0,0
2624,4148501365,500,0,15,0,0
1312558,2625,7519,-1747,0,500,6
0,1313058,2626,0,8008,-1258,500
0,0,2838,20,2627,0,8498
11,0,0,0,3338,20,2628
6029812,13,0,0,0,0,3838
13640967,32768000,10,0,0,0,0
2630,45688561,0,500,-5,0,0
1315558,2631,10460,1186,500,0,20
0,1316058,2632,0,10950,1675,304
0,0,5838,20,2633,0,11441
3,0,0,0,6338,20,2634
500,6,0,0,0,0,6838
206123143,32768000,2,0,0,0,0
2636,238170739,500,0,17,0,0
1318558,2637,13406,4125,0,500,9
0,1319058,2638,0,13898,4615,500
0,0,8838,20,2639,0,14390
12,0,0,0,9338,20,2640
32768000,0,0,0,0,0,9838
398933006,4850164,1,0,0,0,0
2642,431111674,500,411,2,0,0
1321558,2643,16359,7069,0,500,65533
0,1322058,2644,0,16852,7560,500
0,0,11838,20,2645,0,17345
4,0,0,0,12338,20,2646
32768000,0,0,0,0,0,12838
592136090,15925748,1,0,0,0,0
2648,624314760,500,0,8,0,0
1324558,2649,19317,10018,0,500,2
0,1325058,2650,0,19811,10511,500
0,0,14838,20,2651,0,20305
5,0,0,0,15338,20,2652
500,13,0,0,0,0,15838
785666861,32768000,0,0,0,0,0
2654,817976603,500,121,1,0,0
1327558,2655,22281,12974,500,0,15
0,1328058,2656,0,22776,13466,498
0,0,17838,20,2657,0,23271
65530,0,0,0,18338,20,2658
500,26,0,0,0,0,18838
979590853,32768000,3,0,0,0,0
2660,1011966133,500,0,12,0,0
1330558,2661,25252,15935,0,500,9
0,1331058,2662,0,25748,16429,0
0,0,20838,20,2663,0,26244
0,0,0,0,21338,20,2664
500,9,0,0,0,0,21838
1173973604,32768221,7,0,0,0,0
2666,1206414419,500,0,16,0,0
1333558,2667,28228,18903,0,500,12
0,1334058,2668,0,28724,19398,0
0,0,23838,20,2669,0,29221
0,0,0,0,24338,20,2670
500,11,0,0,0,0,24838
1368749574,27722228,11,0,0,0,0
2672,1401190391,0,500,1,0,0
1336558,2673,31208,21877,500,0,11
0,1337058,2674,0,31705,22373,0
0,0,26838,20,2675,0,32202
11,0,0,0,27338,20,2676
32768000,65535,0,0,0,0,27838
1563853229,500,7,0,0,0,0
2678,1596359583,0,500,0,0,0
1339558,2679,-31343,24855,500,0,16
0,1340058,2680,0,-30845,25352,0
0,0,29838,20,2681,0,35189
6,0,0,0,30338,20,2682
500,10,0,0,0,0,30838
1759219033,32768000,2,0,0,0,0
2684,1791790924,500,0,9,0,0
1342558,2685,-28353,27838,500,0,16
0,1343058,2686,0,-27855,28336,0
0,0,-32698,20,2687,0,38180
24,0,0,0,-32198,20,2688
32768000,12,0,0,0,0,33838
1954912523,500,14,0,0,0,0
2690,1987615486,0,500,10,0,0
1345558,2691,-25359,30826,0,500,3
0,1346058,2692,0,-24859,31324,500
0,0,-29698,20,2693,0,41177
6,0,0,0,-29198,20,2694
500,8,0,0,0,0,36838
2150933697,500,14,0,0,0,0
2696,2183636661,0,500,1,0,0
1348558,2697,-22359,-31718,0,500,65529
0,1349058,2698,0,-21859,-31219,500
0,0,-26698,20,2699,0,44178
65533,0,0,0,-26198,20,2700
500,5,0,0,0,0,39838
2347217019,32768000,-1,0,0,0,0
2702,2379985519,500,0,11,0,0
1351558,2703,-19355,-28721,0,500,3
0,1352058,2704,0,-18854,-28222,500
0,0,-23698,20,2705,0,47183
0,0,0,0,-23198,20,2706
500,2,0,0,0,0,42838
2543828025,500,9,0,0,0,0
2708,2576596527,500,0,13,0,0
1354558,2709,-16347,-25721,90,500,11
0,1355058,2710,0,-15846,-25220,500
0,0,-20698,20,2711,0,50192
18,0,0,0,-20198,20,2712
32768000,65534,0,0,0,0,45838
2740635644,500,12,0,0,0,0
2714,2773469683,0,500,9,0,0
1357558,2715,-13335,-22716,342,500,8
0,1358058,2716,0,-12832,-22215,500
0,0,-17698,20,2717,0,53206
65531,0,0,0,-17198,20,2718
500,8,0,0,0,0,48838
2937770948,32768000,-2,0,0,0,0
2720,2970604987,500,0,5,0,0
1360558,2721,-10318,-19707,500,491,5
0,1361058,2722,0,-9815,-19205,500
0,0,-14698,20,2723,0,56224
9,0,0,0,-14198,20,2724
32768000,2,0,0,0,0,51838
3135168399,11272692,3,0,0,0,0
2726,3168067975,500,0,18,0,0
1363558,2727,-7297,-16693,0,500,14
0,1364058,2728,0,-6793,-16191,0
0,0,-11698,20,2729,0,59247
14,0,0,0,-11198,20,2730
32768000,65531,0,0,0,0,54838
3332827999,32768109,-7,0,0,0,0
2732,3365793111,500,0,-3,0,0
1366558,2733,-4272,-13676,500,0,15
0,1367058,2734,0,-3768,-13172,0
0,0,-8698,20,2735,0,62273
15,0,0,0,-8198,20,2736
32768000,65531,0,0,0,0,57838
3530749746,500,0,0,0,0,0
2738,3563780395,500,0,12,0,0
1369558,2739,-1244,-10654,0,500,65535
0,1370058,2740,0,-738,-10150,370
0,0,-5698,20,2741,0,65303
65522,0,0,0,-5198,20,2742
500,0,0,0,0,0,60838
3728868106,500,5,0,0,0,0
2744,3761898756,500,239,6,0,0
1372558,2745,1790,-7629,0,500,2
0,1373058,2746,0,2295,-7124,500
0,0,-2698,20,2747,0,2801
1,0,0,0,-2198,20,2748
16974324,2,0,0,0,0,63838
3927248613,500,7,0,0,0,0
2750,3960344799,0,500,-2,0,0
1375558,2751,4825,-4601,500,445,65534
0,1376058,2752,0,5332,-4096,500
0,0,302,21,2753,0,5838
13,0,0,0,802,21,2754
32768000,4,0,0,0,0,1302
4125891267,32768326,3,0,0,0,0
2756,4158987454,500,0,8,0,0
1378558,2757,7865,-1570,500,495,8
0,1379058,2758,0,8372,-1064,303
0,0,3302,21,2759,0,8879
6,0,0,0,3802,21,2760
32768000,2,0,0,0,0,4302
29828774,500,10,0,0,0,0
2762,63056033,0,500,-10,0,0
1381558,2763,10908,1468,500,0,11
0,1382058,2764,0,11416,1974,500
0,0,6302,21,2765,0,11924
0,0,0,0,6802,21,2766
500,8,0,0,0,0,7302
228930187,32768000,0,0,0,0,0
2768,262157447,500,0,3,0,0
1384558,2769,13955,4507,500,0,11
0,1385058,2770,0,14463,5014,0
0,0,9302,21,2771,0,14971
6,0,0,0,9802,21,2772
32768000,65533,0,0,0,0,10302
428293748,500,3,0,0,0,0
2774,461521008,500,0,5,0,0
1387558,2775,17005,7549,0,500,0
0,1388058,2776,0,17514,8056,500
0,0,12302,21,2777,0,18023
0,0,0,0,12802,21,2778
14221812,1,0,0,0,0,13302
627722848,500,17,0,0,0,0
2780,661015646,0,500,6,0,0
1390558,2781,20059,10594,0,500,65533
0,1391058,2782,0,20567,11102,500
0,0,15302,21,2783,0,21077
7,0,0,0,15802,21,2784
32768000,3,0,0,0,0,16302
827414096,197108,6,0,0,0,0
2786,860706893,0,500,0,0,0
1393558,2787,23114,13642,500,0,6
0,1394058,2788,0,23624,14150,0
0,0,18302,21,2789,0,24134
13,0,0,0,18802,21,2790
32768000,4,0,0,0,0,19302
1027301953,500,12,0,0,0,0
2792,1060660287,0,500,3,0,0
1396558,2793,26173,16692,0,500,0
0,1397058,2794,0,26683,17201,500
0,0,21302,21,2795,0,27193
10,0,0,0,21802,21,2796
32768000,1,0,0,0,0,22302
1227386422,500,6,0,0,0,0
2798,1260744756,181,500,5,0,0
1399558,2799,29235,19746,0,500,1
0,1400058,2800,0,29745,20255,0
0,0,24302,21,2801,0,30256
12,0,0,0,24802,21,2802
32768121,10,0,0,0,0,25302
1427667501,32768000,-1,0,0,0,0
2804,1461025836,116,500,-3,0,0
1402558,2805,32298,22803,67,500,65531
0,1403058,2806,0,-32727,23313,500
0,0,27302,21,2807,0,33320
65535,0,0,0,27802,21,2808
500,6,0,0,0,0,28302
1628145190,32768000,0,0,0,0,0
2810,1661569061,500,0,6,0,0
1405558,2811,-30172,25863,0,500,65531
0,1406058,2812,0,-29661,26373,500
0,0,30302,21,2813,0,36387
10,0,0,0,30802,21,2814
32768000,65534,0,0,0,0,31302
1828753953,500,9,0,0,0,0
2816,1862243361,0,500,6,0,0
1408558,2817,-27104,28925,0,500,0
0,1409058,2818,0,-26592,29436,500
0,0,-32234,21,2819,0,39456
3,0,0,0,-31734,21,2820
32768241,2,0,0,0,0,34302
2029624863,7864820,4,0,0,0,0
2822,2063114271,500,0,18,0,0
1411558,2823,-24033,31991,0,500,4
0,1412058,2824,0,-23521,32501,0
0,0,-29234,21,2825,0,42527
9,0,0,0,-28734,21,2826
32768096,7,0,0,0,0,37302
2230561312,32768000,-3,0,0,0,0
2828,2264116256,25,500,-5,0,0
1414558,2829,-20960,-30478,500,0,2
0,1415058,2830,0,-20448,-29966,500
0,0,-26234,21,2831,0,45601
10,0,0,0,-25734,21,2832
32768000,2,0,0,0,0,40302
2431759906,30671348,2,0,0,0,0
2834,2465314851,500,0,17,0,0
1417558,2835,-17884,-27408,0,500,14
0,1418058,2836,0,-17371,-26896,500
0,0,-23234,21,2837,0,48678
65527,0,0,0,-22734,21,2838
500,2,0,0,0,0,43302
2633024039,32768179,1,0,0,0,0
2840,2666578985,500,0,8,0,0
1420558,2841,-14806,-24336,0,500,0
0,1421058,2842,0,-14293,-23824,500
0,0,-20234,21,2843,0,51756
65530,0,0,0,-19734,21,2844
500,65532,0,0,0,0,46302
2834419247,500,18,0,0,0,0
2846,2868039728,0,500,6,0,0
1423558,2847,-11726,-21262,0,500,2
0,1424058,2848,0,-11212,-20749,500
0,0,-17234,21,2849,0,54837
2,0,0,0,-16734,21,2850
32768000,65532,0,0,0,0,49302
3036011064,500,3,0,0,0,0
2852,3069631546,500,0,15,0,0
1426558,2853,-8644,-18185,0,500,6
0,1427058,2854,0,-8130,-17672,0
0,0,-14234,21,2855,0,57920
4,0,0,0,-13734,21,2856
500,7,0,0,0,0,52302
3237733956,32768000,3,0,0,0,0
2858,3271354438,0,500,-1,0,0
1429558,2859,-5560,-15107,500,0,8
0,1430058,2860,0,-5046,-14594,500
0,0,-11234,21,2861,0,61005
1,0,0,0,-10734,21,2862
31654388,1,0,0,0,0,55302
3439587921,500,7,0,0,0,0
2864,3473208404,500,0,14,0,0
1432558,2865,-2473,-12026,0,500,5
0,1433058,2866,0,-1959,-11512,307
0,0,-8234,21,2867,0,64092
3,0,0,0,-7734,21,2868
500,7,0,0,0,0,58302
3641572961,32768000,0,0,0,0,0
2870,3675193445,190,500,-1,0,0
1435558,2871,616,-8943,500,0,5
0,1436058,2872,0,1131,-8429,500
0,0,-5234,21,2873,0,1646
65530,0,0,0,-4734,21,2874
500,3,0,0,0,0,61302
3843689076,500,7,0,0,0,0
2876,3877375095,500,0,14,0,0
1438558,2877,3707,-5858,0,500,0
0,1439058,2878,0,4222,-5344,500
0,0,-2234,21,2879,0,4737
1,0,0,0,-1734,21,2880
32768000,65531,0,0,0,0,64302
4045870728,3604980,-2,0,0,0,0
2882,4079622283,0,500,-7,0,0
1441558,2883,6799,-2771,500,0,3
0,1442058,2884,0,7314,-2257,0
0,0,766,22,2885,0,7830
10,0,0,0,1266,22,2886
32768451,9,0,0,0,0,1766
4248314525,32768417,9,0,0,0,0
2888,4282000545,0,500,-8,0,0
1444558,2889,9892,318,500,0,10
0,1445058,2890,0,10408,834,0
0,0,3766,22,2891,0,10924
10,0,0,0,4266,22,2892
32768000,1,0,0,0,0,4766
155922100,500,18,0,0,0,0
2894,189673656,0,500,5,0,0
1447558,2895,12988,3409,0,500,65534
0,1448058,2896,0,13504,3925,0
0,0,6766,22,2897,0,14020
1,0,0,0,7266,22,2898
32768000,65533,0,0,0,0,7766
358562508,500,3,0,0,0,0
2900,392379600,0,500,-5,0,0
1450558,2901,16084,6502,500,0,15
0,1451058,2902,0,16600,7018,0
0,0,9766,22,2903,0,17117
14,0,0,0,10266,22,2904
32768000,6,0,0,0,0,10766
561333990,500,9,0,0,0,0
2906,595151082,311,500,8,0,0
1453558,2907,19182,9597,407,500,7
0,1454058,2908,0,19699,10113,500
0,0,12766,22,2909,0,20216
65532,0,0,0,13266,22,2910
500,7,0,0,0,0,13766
764236545,32768000,-6,0,0,0,0
2912,798053638,0,500,-9,0,0
1456558,2913,22282,12694,500,0,3
0,1457058,2914,0,22799,13210,500
0,0,15766,22,2915,0,23316
65530,0,0,0,16266,22,2916
500,1,0,0,0,0,16766
967270174,14156276,2,0,0,0,0
2918,1001087267,500,0,13,0,0
1459558,2919,25384,15792,500,263,14
0,1460058,2920,0,25901,16308,0
0,0,18766,22,2921,0,26418
65528,0,0,0,19266,22,2922
500,19,0,0,0,0,19766
1170369340,32768000,-1,0,0,0,0
2924,1204186434,500,0,3,0,0
1462558,2925,28487,18891,500,0,7
0,1463058,2926,0,29004,19408,0
0,0,21766,22,2927,0,29522
8,0,0,0,22266,22,2928
32768000,5,0,0,0,0,22766
1373534045,32768000,1,0,0,0,0
2930,1407416674,500,413,2,0,0
1465558,2931,31592,21992,500,272,3
0,1466058,2932,0,32110,22508,500
0,0,24766,22,2933,0,32627
0,0,0,0,25266,22,2934
32768359,65535,0,0,0,0,25766
1576829822,2621940,0,0,0,0,0
2936,1610646916,0,500,-5,0,0
1468558,2937,-30838,25094,500,0,11
0,1469058,2938,0,-30320,25611,250
0,0,27766,22,2939,0,35734
8,0,0,0,28266,22,2940
32768000,0,0,0,0,0,28766
1780191138,500,2,0,0,0,0
2942,1814073767,500,0,9,0,0
1471558,2943,-27731,28198,0,500,6
0,1472058,2944,0,-27212,28715,59
0,0,30766,22,2945,0,38842
9,0,0,0,31266,22,2946
32768000,0,0,0,0,0,31766
1983683526,30147060,0,0,0,0,0
2948,2017566156,500,178,0,0,0
1474558,2949,-24622,31303,488,500,0
0,1475058,2950,0,-24104,31821,500
0,0,-31770,22,2951,0,41951
1,0,0,0,-31270,22,2952
10355188,2,0,0,0,0,34766
2187241452,500,6,0,0,0,0
2954,2221189618,500,0,15,0,0
1477558,2955,-21511,-31126,0,500,5
0,1478058,2956,0,-20992,-30609,500
0,0,-28770,22,2957,0,45062
0,0,0,0,-28270,22,2958
32768000,65532,0,0,0,0,37766
2390864916,500,12,0,0,0,0
2960,2424813083,0,500,3,0,0
1480558,2961,-18399,-28019,0,500,65535
0,1481058,2962,0,-17880,-27500,500
0,0,-25770,22,2963,0,48175
8,0,0,0,-25270,22,2964
32768000,5,0,0,0,0,40766
2594619453,32768000,-4,0,0,0,0
2966,2628633155,500,0,4,0,0
1483558,2967,-15286,-24909,500,0,7
0,1484058,2968,0,-14766,-24391,0
0,0,-22770,22,2969,0,51289
65532,0,0,0,-22270,22,2970
500,8,0,0,0,0,43766
2798505063,32768199,7,0,0,0,0
2972,2832453230,0,500,0,0,0
1486558,2973,-12171,-21798,500,134,1
0,1487058,2974,0,-11652,-21279,500
0,0,-19770,22,2975,0,54403
8,0,0,0,-19270,22,2976
3867124,10,0,0,0,0,46766
3002390674,32768000,1,0,0,0,0
2978,3036404377,0,500,-1,0,0
1489558,2979,-9056,-18686,500,0,14
0,1490058,2980,0,-8536,-18168,0
0,0,-16770,22,2981,0,57519
10,0,0,0,-16270,22,2982
32768000,4,0,0,0,0,49766
3206407358,32768000,0,0,0,0,0
2984,3240355526,500,249,0,0,0
1492558,2985,-5939,-15574,500,0,7
0,1493058,2986,0,-5419,-15054,500
0,0,-13770,22,2987,0,60637
65522,0,0,0,-13270,22,2988
500,3,0,0,0,0,52766
3410424044,32768000,0,0,0,0,0
2990,3444503284,500,0,10,0,0
1495558,2991,-2821,-12459,0,500,65529
0,1496058,2992,0,-2301,-11941,500
0,0,-10770,22,2993,0,63755
0,0,0,0,-10270,22,2994
32768000,65528,0,0,0,0,55766
3614571803,500,-4,0,0,0,0
2996,3648585507,500,259,-3,0,0
1498558,2997,300,-9344,500,0,11
0,1499058,2998,0,820,-8825,0
0,0,-7770,22,2999,0,1340
65527,0,0,0,-7270,22,3000
500,0,0,0,0,0,58766
3818719564,18022900,1,0,0,0,0
3002,3852733268,153,500,0,0,0
1501558,3003,3420,-6228,500,0,12
0,1502058,3004,0,3940,-5709,500
0,0,-4770,22,3005,0,4460
5,0,0,0,-4270,22,3006
32768000,2,0,0,0,0,61766
4022998397,500,7,0,0,0,0
3008,4057012101,500,3,10,0,0
1504558,3009,6542,-3111,0,500,65532
0,1505058,3010,0,7062,-2592,500
0,0,-1770,22,3011,0,7582
2,0,0,0,-1270,22,3012
32768408,1,0,0,0,0,64766
4227277231,500,10,0,0,0,0
3014,4261356472,84,500,8,0,0
1507558,3015,9664,8,500,196,9
0,1508058,3016,0,10185,527,0
0,0,1230,23,3017,0,10705
7,0,0,0,1730,23,3018
32768000,2,0,0,0,0,2230
136785378,500,12,0,0,0,0
3020,170799083,0,500,4,0,0
1510558,3021,12788,3126,0,500,1
0,1511058,3022,0,13308,3646,0
0,0,4230,23,3023,0,13829
65529,0,0,0,4730,23,3024
500,65533,0,0,0,0,5230
341195286,500,1,0,0,0,0
3026,375340063,500,75,3,0,0
1513558,3027,15912,6247,0,500,65529
0,1514058,3028,0,16433,6767,500
0,0,7230,23,3029,0,16954
10,0,0,0,7730,23,3030
32768000,6,0,0,0,0,8230
545736267,18481652,7,0,0,0,0
3032,579815509,500,0,12,0,0
1516558,3033,19038,9367,0,500,6
0,1517058,3034,0,19558,9888,0
0,0,10230,23,3035,0,20079
65535,0,0,0,10730,23,3036
500,2,0,0,0,0,11230
750277250,500,5,0,0,0,0
3038,784422027,0,500,0,0,0
1519558,3039,22164,12489,500,0,2
0,1520058,3040,0,22685,13009,500
0,0,13230,23,3041,0,23206
15,0,0,0,13730,23,3042
32768000,65530,0,0,0,0,14230
954949305,32768275,-7,0,0,0,0
3044,989028546,500,0,10,0,0
1522558,3045,25291,15612,0,500,65530
0,1523058,3046,0,25812,16132,500
0,0,16230,23,3047,0,26334
65532,0,0,0,16730,23,3048
17236468,65534,0,0,0,0,17230
1159621361,500,0,0,0,0,0
3050,1193700602,500,0,6,0,0
1525558,3051,28420,18735,0,500,3
0,1526058,3052,0,28941,19255,500
0,0,19230,23,3053,0,29463
11,0,0,0,19730,23,3054
32768000,4,0,0,0,0,20230
1364293418,32768000,1,0,0,0,0
3056,1398438195,500,134,3,0,0
1528558,3057,31549,21859,500,0,5
0,1529058,3058,0,32070,22380,0
0,0,22230,23,3059,0,32592
2,0,0,0,22730,23,3060
32768000,65533,0,0,0,0,23230
1569096548,2032116,-1,0,0,0,0
3062,1603241325,500,0,4,0,0
1531558,3063,-30857,24984,0,500,65533
0,1532058,3064,0,-30335,25505,500
0,0,25230,23,3065,0,35723
0,0,0,0,25730,23,3066
500,11,0,0,0,0,26230
1773899678,32768000,2,0,0,0,0
3068,1808044456,337,500,1,0,0
1534558,3069,-27726,28109,500,0,7
0,1535058,3070,0,-27204,28630,0
0,0,28230,23,3071,0,38854
6,0,0,0,28730,23,3072
32768000,0,0,0,0,0,29230
1978768346,32768000,-4,0,0,0,0
3074,2012978660,500,0,4,0,0
1537558,3075,-24594,31236,0,500,65533
0,1538058,3076,0,-24072,31757,500
0,0,31230,23,3077,0,41986
65530,0,0,0,31730,23,3078
500,12,0,0,0,0,32230
2183702550,32768000,2,0,0,0,0
3080,2217847328,500,0,10,0,0
1540558,3081,-21462,-31173,0,500,65525
0,1541058,3082,0,-20940,-30652,500
0,0,-31306,23,3083,0,45119
4,0,0,0,-30806,23,3084
32768000,65531,0,0,0,0,35230
2388702291,24969716,-4,0,0,0,0
3086,2422912605,500,0,12,0,0
1543558,3087,-18329,-28045,0,500,4
0,1544058,3088,0,-17806,-27524,258
0,0,-28306,23,3089,0,48252
16,0,0,0,-27806,23,3090
32768000,0,0,0,0,0,38230
2593767569,32768486,0,0,0,0,0
3092,2627912347,500,0,4,0,0
1546558,3093,-15194,-24917,500,399,5
0,1547058,3094,0,-14672,-24395,500
0,0,-25306,23,3095,0,51386
8,0,0,0,-24806,23,3096
32768000,4,0,0,0,0,41230
2798832848,24379892,4,0,0,0,0
3098,2833043162,0,500,1,0,0
1549558,3099,-12060,-21787,500,0,19
0,1550058,3100,0,-11537,-21265,0
0,0,-22306,23,3101,0,54522
7,0,0,0,-21806,23,3102
32768000,65533,0,0,0,0,44230
3003963663,500,2,0,0,0,0
3104,3038173978,0,500,-2,0,0
1552558,3105,-8924,-18656,500,0,4
0,1553058,3106,0,-8401,-18134,500
0,0,-19306,23,3107,0,57657
9,0,0,0,-18806,23,3108
32768000,4,0,0,0,0,47230
3209160015,32768000,0,0,0,0,0
3110,3243370329,500,119,1,0,0
1555558,3111,-5788,-15525,277,500,0
0,1556058,3112,0,-5265,-15004,500
0,0,-16306,23,3113,0,60794
4,0,0,0,-15806,23,3114
500,10,0,0,0,0,50230
3414356368,32768000,0,0,0,0,0
3116,3448566683,500,0,10,0,0
1558558,3117,-2650,-12394,500,107,12
0,1559058,3118,0,-2128,-11872,0
0,0,-13306,23,3119,0,63931
65532,0,0,0,-12806,23,3120
500,9,0,0,0,0,53230
3619618257,500,19,0,0,0,0
3122,3653828572,0,500,0,0,0
1561558,3123,488,-9262,500,347,0
0,1562058,3124,0,1011,-8740,460
0,0,-10306,23,3125,0,1534
4,0,0,0,-9806,23,3126
32768000,65533,0,0,0,0,56230
3824880148,500,2,0,0,0,0
3128,3859090464,0,500,-6,0,0
1564558,3129,3627,-6129,500,0,6
0,1565058,3130,0,4149,-5607,150
0,0,-7306,23,3131,0,4673
18,0,0,0,-6806,23,3132
32768000,4,0,0,0,0,59230
4030207575,32768000,-2,0,0,0,0
3134,4064483426,500,0,2,0,0
1567558,3135,6765,-2995,500,411,2
0,1568058,3136,0,7289,-2473,500
0,0,-4306,23,3137,0,7812
65530,0,0,0,-3806,23,3138
500,0,0,0,0,0,62230
4235600538,500,4,0,0,0,0
3140,4269810854,500,0,6,0,0
1570558,3141,9905,139,0,500,65531
0,1571058,3142,0,10428,662,500
0,0,-1306,23,3143,0,10952
0,0,0,0,-806,23,3144
32768000,65530,0,0,0,0,65230
146091743,500,3,0,0,0,0
3146,180302058,0,500,-12,0,0
1573558,3147,13045,3274,500,0,3
0,1574058,3148,0,13569,3796,0
0,0,1694,24,3149,0,14092
1,0,0,0,2194,24,3150
500,12,0,0,0,0,2694
351550243,32768000,-6,0,0,0,0
3152,385760559,500,0,8,0,0
1576558,3153,16186,6408,0,500,65533
0,1577058,3154,0,16710,6931,500
0,0,4694,24,3155,0,17233
65533,0,0,0,5194,24,3156
32768475,65533,0,0,0,0,5694
557008744,500,8,0,0,0,0
3158,591284596,0,500,-1,0,0
1579558,3159,19327,9544,500,0,11
0,1580058,3160,0,19851,10067,434
0,0,7694,24,3161,0,20375
10,0,0,0,8194,24,3162
32768000,5,0,0,0,0,8694
762532782,32768454,5,0,0,0,0
3164,796743098,0,500,0,0,0
1582558,3165,22469,12680,500,0,7
0,1583058,3166,0,22993,13203,0
0,0,10694,24,3167,0,23516
5,0,0,0,11194,24,3168
32768000,65535,0,0,0,0,11694
968122356,32768000,-11,0,0,0,0
3170,1002398207,500,0,-8,0,0
1585558,3171,25611,15818,500,0,9
0,1586058,3172,0,26135,16340,0
0,0,13694,24,3173,0,26659
1,0,0,0,14194,24,3174
500,7,0,0,0,0,14694
1173711930,32768000,-6,0,0,0,0
3176,1207987782,500,0,5,0,0
1588558,3177,28754,18955,0,500,0
0,1589058,3178,0,29277,19478,500
0,0,16694,24,3179,0,29801
2,0,0,0,17194,24,3180
500,5,0,0,0,0,17694
1379367041,32768000,-2,0,0,0,0
3182,1413642892,500,0,13,0,0
1591558,3183,31896,22093,0,500,10
0,1592058,3184,0,32420,22616,0
0,0,19694,24,3185,0,32944
12,0,0,0,20194,24,3186
32768000,1,0,0,0,0,20694
1585087688,32768000,-8,0,0,0,0
3188,1619363540,500,0,2,0,0
1594558,3189,-30496,25232,0,500,65528
0,1595058,3190,0,-29973,25756,500
0,0,22694,24,3191,0,36087
13,0,0,0,23194,24,3192
32768000,1,0,0,0,0,23694
1790808335,32768000,-5,0,0,0,0
3194,1825084187,500,0,1,0,0
1597558,3195,-27353,28372,500,0,8
0,1598058,3196,0,-26829,28895,0
0,0,25694,24,3197,0,39231
65531,0,0,0,26194,24,3198
500,65534,0,0,0,0,26694
1996594519,32768129,-4,0,0,0,0
3200,2030870371,500,0,7,0,0
1600558,3201,-24209,31512,0,500,1
0,1601058,3202,0,-23685,32035,500
0,0,28694,24,3203,0,42375
8,0,0,0,29194,24,3204
32768000,65534,0,0,0,0,29694
2202380703,32768000,-5,0,0,0,0
3206,2236722091,71,500,-7,0,0
1603558,3207,-21065,-30884,201,500,65527
0,1604058,3208,0,-20540,-30361,500
0,0,31694,24,3209,0,45520
7,0,0,0,32194,24,3210
32768000,65529,0,0,0,0,32694
2408232424,500,-3,0,0,0,0
3212,2442573812,0,500,-9,0,0
1606558,3213,-17920,-27743,500,0,6
0,1607058,3214,0,-17396,-27219,272
0,0,-30842,24,3215,0,48664
65527,0,0,0,-30342,24,3216
500,65530,0,0,0,0,35694
2614149681,32768000,-13,0,0,0,0
3218,2648491069,500,0,4,0,0
1609558,3219,-14775,-24601,500,0,9
0,1610058,3220,0,-14250,-24078,0
0,0,-27842,24,3221,0,51810
5,0,0,0,-27342,24,3222
32768000,65534,0,0,0,0,38694
2820066938,24642036,-2,0,0,0,0
3224,2854342790,2,500,-4,0,0
1612558,3225,-11630,-21459,500,19,65534
0,1613058,3226,0,-11106,-20935,500
0,0,-24842,24,3227,0,54955
3,0,0,0,-24342,24,3228
500,11,0,0,0,0,41694
3025984196,32768000,8,0,0,0,0
3230,3060325584,500,467,8,0,0
1615558,3231,-8484,-18316,0,500,0
0,1616058,3232,0,-7959,-17793,500
0,0,-21842,24,3233,0,58101
65534,0,0,0,-21342,24,3234
500,4,0,0,0,0,44694
3231966990,32768000,1,0,0,0,0
3236,3266242843,500,0,10,0,0
1618558,3237,-5337,-15174,0,500,7
0,1619058,3238,0,-4813,-14650,0
0,0,-18842,24,3239,0,61248
65527,0,0,0,-18342,24,3240
500,65534,0,0,0,0,47694
3437949785,32768190,-3,0,0,0,0
3242,3472291173,500,0,12,0,0
1621558,3243,-2191,-12030,0,500,65525
0,1622058,3244,0,-1666,-11507,500
0,0,-15842,24,3245,0,64394
65535,0,0,0,-15342,24,3246
6357492,0,0,0,0,0,50694
3643932579,32768000,-7,0,0,0,0
3248,3678208433,500,0,8,0,0
1624558,3249,958,-8887,0,500,1
0,1625058,3250,0,1482,-8362,0
0,0,-12842,24,3251,0,2006
6,0,0,0,-12342,24,3252
32768000,0,0,0,0,0,53694
3849980911,500,10,0,0,0,0
3254,3884322300,0,500,-2,0,0
1627558,3255,4104,-5742,500,0,8
0,1628058,3256,0,4629,-5218,0
0,0,-9842,24,3257,0,5154
65531,0,0,0,-9342,24,3258
500,8,0,0,0,0,56694
4056029243,32768000,-5,0,0,0,0
3260,4090370631,500,0,10,0,0
1630558,3261,7252,-2597,0,500,65522
0,1631058,3262,0,7776,-2073,500
0,0,-6842,24,3263,0,8301
65535,0,0,0,-6342,24,3264
32768000,65530,0,0,0,0,59694
4262143110,500,0,0,0,0,0
3266,1648275,500,41,2,0,0
1633558,3267,10400,549,0,500,65523
0,1634058,3268,0,10924,1073,500
0,0,-3842,24,3269,0,11449
65534,0,0,0,-3342,24,3270
32768060,65532,0,0,0,0,62694
173420754,500,10,0,0,0,0
3272,207762143,22,500,8,0,0
1636558,3273,13547,3694,0,500,1
0,1637058,3274,0,14072,4219,500
0,0,-842,24,3275,0,14597
65526,0,0,0,-342,24,3276
18809332,65527,0,0,0,0,158
379600158,500,10,0,0,0,0
3278,413941547,0,500,-6,0,0
1639558,3279,16696,6841,500,0,11
0,1640058,3280,0,17221,7365,0
0,0,2158,25,3281,0,17745
65535,0,0,0,2658,25,3282
500,1,0,0,0,0,3158
585845099,19857908,2,0,0,0,0
3284,620186488,500,0,5,0,0
1642558,3285,19845,9987,0,500,65533
0,1643058,3286,0,20369,10512,0
0,0,5158,25,3287,0,20894
6,0,0,0,5658,25,3288
32768000,0,0,0,0,0,6158
792090040,32768000,-4,0,0,0,0
3290,826431429,500,0,2,0,0
1645558,3291,22994,13135,0,500,0
0,1646058,3292,0,23519,13659,500
0,0,8158,25,3293,0,24044
65528,0,0,0,8658,25,3294
500,3,0,0,0,0,9158
998334981,500,6,0,0,0,0
3296,1032676370,500,18,9,0,0
1648558,3297,26143,16282,0,500,2
0,1649058,3298,0,26668,16807,0
0,0,11158,25,3299,0,27193
65534,0,0,0,11658,25,3300
500,12,0,0,0,0,12158
1204579923,32768000,6,0,0,0,0
3302,1238986848,0,500,-12,0,0
1651558,3303,29293,19429,500,0,1
0,1652058,3304,0,29818,19954,461
0,0,14158,25,3305,0,30343
3,0,0,0,14658,25,3306
32768000,65526,0,0,0,0,15158
1410890400,500,0,0,0,0,0
3308,1445231790,500,0,16,0,0
1654558,3309,32443,22577,0,500,10
0,1655058,3310,0,-32569,23101,0
0,0,17158,25,3311,0,33492
65532,0,0,0,17658,25,3312
500,2,0,0,0,0,18158
1617135342,32768000,-10,0,0,0,0
3314,1651542267,500,0,7,0,0
1657558,3315,-29944,25724,500,0,10
0,1658058,3316,0,-29419,26249,0
0,0,20158,25,3317,0,36642
65533,0,0,0,20658,25,3318
32768000,65521,0,0,0,0,21158
1823445820,16122356,-13,0,0,0,0
3320,1857787209,500,0,-1,0,0
1660558,3321,-26794,28872,500,0,3
0,1661058,3322,0,-26269,29397,500
0,0,23158,25,3323,0,39792
1,0,0,0,23658,25,3324
32768000,65535,0,0,0,0,24158
2029756298,500,9,0,0,0,0
3326,2064163223,0,500,-5,0,0
1663558,3327,-23644,32021,500,0,12
0,1664058,3328,0,-23118,32545,0
0,0,26158,25,3329,0,42943
8,0,0,0,26658,25,3330
32768000,1,0,0,0,0,27158
2236132313,21692916,1,0,0,0,0
3332,2270539239,500,370,2,0,0
1666558,3333,-20492,-30366,500,52,4
0,1667058,3334,0,-19967,-29841,500
0,0,29158,25,3335,0,46094
5,0,0,0,29658,25,3336
32768000,65533,0,0,0,0,30158
2442508329,500,11,0,0,0,0
3338,2476915254,0,500,-2,0,0
1669558,3339,-17340,-27217,500,0,1
0,1670058,3340,0,-16815,-26692,0
0,0,32158,25,3341,0,49247
65531,0,0,0,32658,25,3342
24117748,65531,0,0,0,0,33158
2648949881,500,7,0,0,0,0
3344,2683291271,0,500,-8,0,0
1672558,3345,-14188,-24068,500,0,2
0,1673058,3346,0,-13663,-23543,500
0,0,-30378,25,3347,0,52399
65533,0,0,0,-29878,25,3348
32768000,65528,0,0,0,0,36158
2855325898,500,-1,0,0,0,0
3350,2889732823,500,392,-1,0,0
1675558,3351,-11035,-20918,500,0,8
0,1676058,3352,0,-10509,-20394,0
0,0,-27378,25,3353,0,55552
4,0,0,0,-26878,25,3354
500,6,0,0,0,0,39158
3061701915,26280436,7,0,0,0,0
3356,3096108841,500,0,20,0,0
1678558,3357,-7882,-17769,0,500,0
0,1679058,3358,0,-7356,-17244,0
0,0,-24378,25,3359,0,58705
65523,0,0,0,-23878,25,3360
500,65532,0,0,0,0,42158
3268077933,500,11,0,0,0,0
3362,3302484858,0,500,3,0,0
1681558,3363,-4728,-14620,0,500,0
0,1682058,3364,0,-4203,-14095,0
0,0,-21378,25,3365,0,61859
7,0,0,0,-20878,25,3366
16646644,9,0,0,0,0,45158
3474519486,32768000,-7,0,0,0,0
3368,3508860876,500,0,-2,0,0
1684558,3369,-1575,-11471,500,140,0
0,1685058,3370,0,-1050,-10946,0
0,0,-18378,25,3371,0,65012
10,0,0,0,-17878,25,3372
32768374,9,0,0,0,0,48158
3680829968,32768000,5,0,0,0,0
3374,3715236894,0,500,-2,0,0
1687558,3375,1579,-8321,500,0,6
0,1688058,3376,0,2105,-7796,500
0,0,-15378,25,3377,0,2631
65535,0,0,0,-14878,25,3378
500,11,0,0,0,0,51158
3887271522,32768000,5,0,0,0,0
3380,3921678448,0,500,-9,0,0
1690558,3381,4733,-5171,500,184,65529
0,1691058,3382,0,5259,-4646,500
0,0,-12378,25,3383,0,5784
65535,0,0,0,-11878,25,3384
32768500,65535,0,0,0,0,54158
4093713076,500,6,0,0,0,0
3386,4128120001,0,500,-2,0,0
1693558,3387,7887,-2020,0,500,65528
0,1694058,3388,0,8414,-1495,500
0,0,-9378,25,3389,0,8939
65532,0,0,0,-8878,25,3390
500,0,0,0,0,0,57158
5383943,32768000,-4,0,0,0,0
3392,39790869,500,0,-1,0,0
1696558,3393,11043,1132,0,500,65522
0,1697058,3394,0,11569,1658,500
0,0,-6378,25,3395,0,12095
0,0,0,0,-5878,25,3396
500,9,0,0,0,0,60158
211891035,32768000,-8,0,0,0,0
3398,246363496,500,0,-4,0,0
1699558,3399,14199,4284,500,0,2
0,1700058,3400,0,14725,4809,500
0,0,-3378,25,3401,0,15251
8,0,0,0,-2878,25,3402
32768000,65532,0,0,0,0,63158
418463663,500,4,0,0,0,0
3404,452870589,500,0,9,0,0
1702558,3405,17355,7435,0,500,65529
0,1703058,3406,0,17881,7961,500
0,0,-378,25,3407,0,18407
2,0,0,0,122,26,3408
16843252,3,0,0,0,0,622
624970755,32768000,0,0,0,0,0
3410,659443217,0,500,-4,0,0
1705558,3411,20511,10587,500,0,0
0,1706058,3412,0,21037,11112,0
0,0,2622,26,3413,0,21563
4,0,0,0,3122,26,3414
500,8,0,0,0,0,3622
831543383,32768000,-6,0,0,0,0
3416,865950310,500,83,-4,0,0
1708558,3417,23668,13738,500,169,65534
0,1709058,3418,0,24194,14264,500
0,0,5622,26,3419,0,24720
10,0,0,0,6122,26,3420
32768000,65529,0,0,0,0,6622
1038050476,21496308,-6,0,0,0,0
3422,1072522938,500,0,0,0,0
1711558,3423,26825,16890,0,500,65532
0,1712058,3424,0,27351,17415,500
0,0,8622,26,3425,0,27877
2,0,0,0,9122,26,3426
32768212,0,0,0,0,0,9622
1244623105,32768445,0,0,0,0,0
3428,1279030032,500,0,3,0,0
1714558,3429,29982,20041,0,500,0
0,1715058,3430,0,30508,20566,500
0,0,11622,26,3431,0,31034
3,0,0,0,12122,26,3432
32768000,0,0,0,0,0,12622
1451130199,500,9,0,0,0,0
3434,1485537125,0,500,0,0,0
1717558,3435,-32397,23193,264,500,0
0,1718058,3436,0,-31870,23718,500
0,0,14622,26,3437,0,34192
0,0,0,0,15122,26,3438
32768000,65525,0,0,0,0,15622
1657702828,500,3,0,0,0,0
3440,1692109754,182,500,1,0,0
1720558,3441,-29239,26344,500,216,2
0,1721058,3442,0,-28713,26870,238
0,0,17622,26,3443,0,37349
65535,0,0,0,18122,26,3444
500,3,0,0,0,0,18622
1864275458,32768000,-2,0,0,0,0
3446,1898682384,494,500,-2,0,0
1723558,3447,-26082,29496,500,0,1
0,1724058,3448,0,-25555,30022,0
0,0,20622,26,3449,0,40507
65529,0,0,0,21122,26,3450
500,65533,0,0,0,0,21622
2070913624,32768238,-5,0,0,0,0
3452,2105320551,500,0,4,0,0
1726558,3453,-22923,32650,0,500,0
0,1727058,3454,0,-22396,-32360,0
0,0,23622,26,3455,0,43666
12,0,0,0,24122,26,3456
32768000,65532,0,0,0,0,24622
2277551791,500,2,0,0,0,0
3458,2312024254,500,363,3,0,0
1729558,3459,-19764,-29732,0,500,65526
0,1730058,3460,0,-19237,-29207,500
0,0,26622,26,3461,0,46826
65535,0,0,0,27122,26,3462
32768341,65534,0,0,0,0,27622
2484255495,500,10,0,0,0,0
3464,2518727957,0,500,2,0,0
1732558,3465,-16604,-26578,0,500,65533
0,1733058,3466,0,-16078,-26052,500
0,0,29622,26,3467,0,49985
0,0,0,0,30122,26,3468
32768000,65529,0,0,0,0,30622
2691024734,500,-4,0,0,0,0
3470,2725431660,0,500,-9,0,0
1735558,3471,-13445,-23424,500,0,2
0,1736058,3472,0,-12918,-22898,0
0,0,32622,26,3473,0,53144
65535,0,0,0,-32414,26,3474
32768004,65532,0,0,0,0,33622
2897728437,500,6,0,0,0,0
3476,2932200900,365,500,5,0,0
1738558,3477,-10286,-20269,0,500,65531
0,1739058,3478,0,-9759,-19743,500
0,0,-29914,26,3479,0,56303
8,0,0,0,-29414,26,3480
32768000,65527,0,0,0,0,36622
3104497677,500,4,0,0,0,0
3482,3138970139,0,500,-1,0,0
1741558,3483,-7126,-17114,500,0,2
0,1742058,3484,0,-6600,-16589,500
0,0,-26914,26,3485,0,59463
7,0,0,0,-26414,26,3486
32768000,65524,0,0,0,0,39622
3311266916,500,11,0,0,0,0
3488,3345673843,0,500,-7,0,0
1744558,3489,-3967,-13960,500,0,4
0,1745058,3490,0,-3440,-13434,500
0,0,-23914,26,3491,0,62623
65528,0,0,0,-23414,26,3492
23724532,65529,0,0,0,0,42622
3517970620,500,0,0,0,0,0
3494,3552443082,500,0,6,0,0
1747558,3495,-807,-10805,500,441,6
0,1748058,3496,0,-280,-10280,233
0,0,-20914,26,3497,0,248
65520,0,0,0,-20414,26,3498
500,65531,0,0,0,0,45622
3724674325,500,4,0,0,0,0
3500,3759081252,454,500,3,0,0
1750558,3501,2355,-7651,0,500,65521
0,1751058,3502,0,2881,-7125,500
0,0,-17914,26,3503,0,3408
3,0,0,0,-17414,26,3504
32768000,65530,0,0,0,0,48622
3931378030,32571892,-6,0,0,0,0
3506,3965850492,500,0,9,0,0
1753558,3507,5515,-4496,0,500,0
0,1754058,3508,0,6042,-3971,0
0,0,-14914,26,3509,0,6568
6,0,0,0,-14414,26,3510
32768000,0,0,0,0,0,51622
4138147270,500,4,0,0,0,0
3512,4172619732,500,0,13,0,0
1756558,3513,8675,-1341,0,500,65533
0,1757058,3514,0,9202,-815,0
0,0,-11914,26,3515,0,9728
9,0,0,0,-11414,26,3516
32768000,65532,0,0,0,0,54622
50014750,500,-1,0,0,0,0
3518,84552748,500,0,6,0,0
1759558,3519,11835,1815,0,500,65526
0,1760058,3520,0,12362,2341,500
0,0,-8914,26,3521,0,12889
0,0,0,0,-8414,26,3522
32768290,65535,0,0,0,0,57622
256849526,32768000,-11,0,0,0,0
3524,291256453,500,0,-2,0,0
1762558,3525,14996,4970,500,0,2
0,1763058,3526,0,15522,5497,0
0,0,-5914,26,3527,0,16049
10,0,0,0,-5414,26,3528
32768000,6,0,0,0,0,60622
463618767,32768177,5,0,0,0,0
3530,498091229,0,500,-1,0,0
1765558,3531,18156,8126,500,0,6
0,1766058,3532,0,18683,8652,0
0,0,-2914,26,3533,0,19209
65522,0,0,0,-2414,26,3534
500,0,0,0,0,0,63622
670453543,500,11,0,0,0,0
3536,704926006,0,500,5,0,0
1768558,3537,21316,11282,60,500,3
0,1769058,3538,0,21843,11808,0
0,0,86,27,3539,0,22369
3,0,0,0,586,27,3540
32768161,1,0,0,0,0,1086
877353855,32768211,0,0,0,0,0
3542,911826317,0,500,-13,0,0
1771558,3543,24476,14439,500,0,7
0,1772058,3544,0,25003,14965,0
0,0,3086,27,3545,0,25529
65531,0,0,0,3586,27,3546
500,0,0,0,0,0,4086
1084188630,32768000,-3,0,0,0,0
3548,1118661093,500,0,5,0,0
1774558,3549,27636,17595,0,500,65531
0,1775058,3550,0,28162,18122,0
0,0,6086,27,3551,0,28689
4,0,0,0,6586,27,3552
7406068,6,0,0,0,0,7086
1291088942,32768000,-5,0,0,0,0
3554,1325626941,500,0,4,0,0
1777558,3555,30796,20753,105,500,2
0,1778058,3556,0,31322,21279,500
0,0,9086,27,3557,0,31849
65526,0,0,0,9586,27,3558
500,0,0,0,0,0,10086
1497989254,500,10,0,0,0,0
3560,1532461717,315,500,9,0,0
1780558,3561,-31580,23910,0,500,0
0,1781058,3562,0,-31054,24436,500
0,0,12086,27,3563,0,35009
65533,0,0,0,12586,27,3564
32768000,65529,0,0,0,0,13086
1704889567,500,3,0,0,0,0
3566,1739427565,0,500,0,0,0
1783558,3567,-28420,27067,500,263,0
0,1784058,3568,0,-27893,27593,0
0,0,15086,27,3569,0,38169
4,0,0,0,15586,27,3570
32768000,65524,0,0,0,0,16086
1911855414,500,7,0,0,0,0
3572,1946327877,0,500,4,0,0
1786558,3573,-25260,30224,0,500,1
0,1787058,3574,0,-24734,30751,0
0,0,18086,27,3575,0,41329
65527,0,0,0,18586,27,3576
500,65532,0,0,0,0,19086
2118755727,500,7,0,0,0,0
3578,2153293725,0,500,3,0,0
1789558,3579,-22100,-32154,0,500,65534
0,1790058,3580,0,-21573,-31628,500
0,0,21086,27,3581,0,44489
0,0,0,0,21586,27,3582
32768000,65530,0,0,0,0,22086
2325721575,131572,-4,0,0,0,0
3584,2360259573,0,500,-7,0,0
1792558,3585,-18940,-28996,500,0,1
0,1793058,3586,0,-18414,-28469,0
0,0,24086,27,3587,0,47649
65534,0,0,0,24586,27,3588
30736884,65534,0,0,0,0,25086
2532687423,500,1,0,0,0,0
3590,2567225421,293,500,0,0,0
1795558,3591,-15780,-25838,0,500,65528
0,1796058,3592,0,-15253,-25312,500
0,0,27086,27,3593,0,50810
9,0,0,0,27586,27,3594
32768081,7,0,0,0,0,28086
2739718807,32768000,3,0,0,0,0
3596,2774191270,0,500,0,0,0
1798558,3597,-12619,-22680,500,486,0
0,1799058,3598,0,-12093,-22153,0
0,0,30086,27,3599,0,53970
65529,0,0,0,30586,27,3600
500,0,0,0,0,0,31086
2946684656,500,6,0,0,0,0
3602,2981222654,0,500,-3,0,0
1801558,3603,-9459,-19521,500,0,8
0,1802058,3604,0,-8932,-18995,500
0,0,-32450,27,3605,0,57131
1,0,0,0,-31950,27,3606
32768000,65531,0,0,0,0,34086
3153716040,500,4,0,0,0,0
3608,3188188503,0,500,0,0,0
1804558,3609,-6298,-16362,0,500,65526
0,1805058,3610,0,-5772,-15836,500
0,0,-29450,27,3611,0,60291
1,0,0,0,-28950,27,3612
500,9,0,0,0,0,37086
3360747424,32768000,-4,0,0,0,0
3614,3395219887,500,0,4,0,0
1807558,3615,-3138,-13203,500,0,16
0,1808058,3616,0,-2611,-12677,0
0,0,-26450,27,3617,0,63451
6,0,0,0,-25950,27,3618
32768000,0,0,0,0,0,40086
3567778809,500,4,0,0,0,0
3620,3602251272,0,500,-5,0,0
1810558,3621,24,-10045,315,500,65530
0,1811058,3622,0,550,-9518,500
0,0,-23450,27,3623,0,1077
7,0,0,0,-22950,27,3624
32768452,6,0,0,0,0,43086
3774679123,32768000,2,0,0,0,0
3626,3809217121,0,500,0,0,0
1813558,3627,3184,-6885,386,500,65535
0,1814058,3628,0,3711,-6359,0
0,0,-20450,27,3629,0,4237
2,0,0,0,-19950,27,3630
500,9,0,0,0,0,46086
3981776043,32768000,1,0,0,0,0
3632,4016314042,0,500,-5,0,0
1816558,3633,6344,-3726,500,0,65534
0,1817058,3634,0,6871,-3199,500
0,0,-17450,27,3635,0,7398
65526,0,0,0,-16950,27,3636
500,65530,0,0,0,0,49086
4188872963,500,1,0,0,0,0
3638,4223410962,0,500,-3,0,0
1819558,3639,9505,-565,241,500,65532
0,1820058,3640,0,10032,-39,500
0,0,-14450,27,3641,0,10559
65531,0,0,0,-13950,27,3642
32768433,65531,0,0,0,0,52086
101068124,500,2,0,0,0,0
3644,135606123,0,500,-2,0,0
1822558,3645,12666,2596,500,0,8
0,1823058,3646,0,13192,3123,0
0,0,-11450,27,3647,0,13719
65534,0,0,0,-10950,27,3648
32768000,65523,0,0,0,0,55086
308230581,500,-3,0,0,0,0
3650,342768579,88,500,-5,0,0
1825558,3651,15826,5756,500,0,0
0,1826058,3652,0,16353,6283,500
0,0,-8450,27,3653,0,16880
65530,0,0,0,-7950,27,3654
500,6,0,0,0,0,58086
515327502,32768000,-6,0,0,0,0
3656,549799965,500,36,-4,0,0
1828558,3657,18987,8916,239,500,65531
0,1829058,3658,0,19514,9443,500
0,0,-5450,27,3659,0,20041
65535,0,0,0,-4950,27,3660
31326708,65535,0,0,0,0,61086
722424423,32768442,-1,0,0,0,0
3662,756962421,0,500,-5,0,0
1831558,3663,22148,12076,500,0,65535
0,1832058,3664,0,22675,12603,500
0,0,-2450,27,3665,0,23202
5,0,0,0,-1950,27,3666
32768000,2,0,0,0,0,64086
929521344,32768000,-10,0,0,0,0
3668,964059343,500,0,-5,0,0
1834558,3669,25309,15236,500,0,3
0,1835058,3670,0,25836,15763,500
0,0,550,28,3671,0,26363
0,0,0,0,1050,28,3672
32768000,65531,0,0,0,0,1550
1136618265,500,6,0,0,0,0
3674,1171156264,500,423,6,0,0
1837558,3675,28471,18397,500,32,9
0,1838058,3676,0,28998,18923,0
0,0,3550,28,3677,0,29525
9,0,0,0,4050,28,3678
32768000,0,0,0,0,0,4550
1343715187,32768134,-2,0,0,0,0
3680,1378253186,0,500,-7,0,0
1840558,3681,31633,21557,366,500,65529
0,1841058,3682,0,32159,22084,500
0,0,6550,28,3683,0,32686
3,0,0,0,7050,28,3684
32768030,0,0,0,0,0,7550
1550877644,19792372,1,0,0,0,0
3686,1585415643,84,500,0,0,0
1843558,3687,-30742,24718,500,12,2
0,1844058,3688,0,-30215,25244,500
0,0,9550,28,3689,0,35848
0,0,0,0,10050,28,3690
500,4,0,0,0,0,10550
1758040102,32768000,-13,0,0,0,0
3692,1792512565,500,0,0,0,0
1846558,3693,-27580,27878,0,500,65533
0,1847058,3694,0,-27053,28405,0
0,0,12550,28,3695,0,39010
65529,0,0,0,13050,28,3696
500,4,0,0,0,0,13550
1965137024,32768000,-9,0,0,0,0
3698,1999675022,500,0,-2,0,0
1849558,3699,-24419,31039,500,0,4
0,1850058,3700,0,-23891,31565,0
0,0,15550,28,3701,0,42172
65530,0,0,0,16050,28,3702
500,65533,0,0,0,0,16550
2172299482,500,6,0,0,0,0
3704,2206771945,0,500,-8,0,0
1852558,3705,-21256,-31337,0,500,65526
0,1853058,3706,0,-20730,-30810,500
0,0,18550,28,3707,0,45334
65525,0,0,0,19050,28,3708
500,0,0,0,0,0,19550
2379396404,500,9,0,0,0,0
3710,2413934403,0,500,-6,0,0
1855558,3711,-18094,-28176,500,0,1
0,1856058,3712,0,-17567,-27650,500
0,0,21550,28,3713,0,48496
0,0,0,0,22050,28,3714
32768000,65531,0,0,0,0,22550
2586558862,32768000,-8,0,0,0,0
3716,2621096861,500,0,4,0,0
1858558,3717,-14932,-25016,0,500,65535
0,1859058,3718,0,-14405,-24488,500
0,0,24550,28,3719,0,51658
7,0,0,0,25050,28,3720
32768000,3,0,0,0,0,25550
2793721321,32768058,1,0,0,0,0
3722,2828259320,0,500,-2,0,0
1861558,3723,-11769,-21854,500,0,4
0,1862058,3724,0,-11242,-21328,395
0,0,27550,28,3725,0,54821
15,0,0,0,28050,28,3726
32768000,65531,0,0,0,0,28550
3000883779,500,3,0,0,0,0
3728,3035421778,0,500,-5,0,0
1864558,3729,-8607,-18693,500,158,65533
0,1865058,3730,0,-8080,-18166,500
0,0,30550,28,3731,0,57983
0,0,0,0,31050,28,3732
30015988,0,0,0,0,0,31550
3208046238,24576500,1,0,0,0,0
3734,3242584236,0,500,-1,0,0
1867558,3735,-5444,-15532,500,0,8
0,1868058,3736,0,-4917,-15006,0
0,0,-31986,28,3737,0,61146
65534,0,0,0,-31486,28,3738
32768000,65525,0,0,0,0,34550
3415208696,500,-1,0,0,0,0
3740,3449746695,500,0,4,0,0
1870558,3741,-2281,-12371,500,0,7
0,1871058,3742,0,-1754,-11844,0
0,0,-28986,28,3743,0,64309
18,0,0,0,-28486,28,3744
32768000,4,0,0,0,0,37550
3622371155,32768000,-2,0,0,0,0
3746,3656843619,500,296,-1,0,0
1873558,3747,883,-9210,0,500,65532
0,1874058,3748,0,1410,-8684,500
0,0,-25986,28,3749,0,1937
65528,0,0,0,-25486,28,3750
500,14,0,0,0,0,40550
3829468079,32768000,9,0,0,0,0
3752,3864006079,0,500,-5,0,0
1876558,3753,4046,-6049,500,0,5
0,1877058,3754,0,4573,-5522,303
0,0,-22986,28,3755,0,5100
9,0,0,0,-22486,28,3756
32768000,4,0,0,0,0,43550
4036696074,32768000,-6,0,0,0,0
3758,4071234073,292,500,-7,0,0
1879558,3759,7209,-2887,500,0,1
0,1880058,3760,0,7736,-2360,0
0,0,-19986,28,3761,0,8263
65533,0,0,0,-19486,28,3762
500,1,0,0,0,0,46550
4243924069,500,4,0,0,0,0
3764,4278396532,94,500,2,0,0
1882558,3765,10371,276,500,75,4
0,1883058,3766,0,10898,803,0
0,0,-16986,28,3767,0,11426
65535,0,0,0,-16486,28,3768
32768000,65519,0,0,0,0,49550
156250304,500,-3,0,0,0,0
3770,190788303,3,500,-6,0,0
1885558,3771,13534,3438,500,0,5
0,1886058,3772,0,14062,3965,86
0,0,-13986,28,3773,0,14589
2,0,0,0,-13486,28,3774
500,8,0,0,0,0,52550
363478299,32768000,-8,0,0,0,0
3776,398016298,500,0,0,0,0
1888558,3777,16698,6600,500,0,3
0,1889058,3778,0,17224,7127,243
0,0,-10986,28,3779,0,17752
10,0,0,0,-10486,28,3780
32768000,65531,0,0,0,0,55550
570706294,500,1,0,0,0,0
3782,605244293,238,500,0,0,0
1891558,3783,19861,9762,0,500,65534
0,1892058,3784,0,20388,10289,500
0,0,-7986,28,3785,0,20915
10,0,0,0,-7486,28,3786
32768000,1,0,0,0,0,58550
777934289,500,9,0,0,0,0
3788,812472289,500,0,13,0,0
1894558,3789,23024,12924,0,500,1
0,1895058,3790,0,23551,13451,500
0,0,-4986,28,3791,0,24079
1,0,0,0,-4486,28,3792
500,11,0,0,0,0,61550
985162285,32768000,1,0,0,0,0
3794,1019700284,500,0,7,0,0
1897558,3795,26188,16086,0,500,0
0,1898058,3796,0,26715,16613,500
0,0,-1986,28,3797,0,27243
65534,0,0,0,-1486,28,3798
500,3,0,0,0,0,64550
1192390281,32768000,-3,0,0,0,0
3800,1226928281,500,0,2,0,0
1900558,3801,29352,19248,500,337,3
0,1901058,3802,0,29879,19776,0
0,0,1014,29,3803,0,30406
13,0,0,0,1514,29,3804
32768328,12,0,0,0,0,2014
1399683813,32768000,-15,0,0,0,0
3806,1434221812,500,0,-2,0,0
1903558,3807,32516,22411,0,500,65526
0,1904058,3808,0,-32493,22938,500
0,0,4014,29,3809,0,33570
65533,0,0,0,4514,29,3810
500,7,0,0,0,0,5014
1606911809,500,11,0,0,0,0
3812,1641449809,0,500,-13,0,0
1906558,3813,-29856,25573,500,0,3
0,1907058,3814,0,-29329,26100,0
0,0,7014,29,3815,0,36734
4,0,0,0,7514,29,3816
32768000,0,0,0,0,0,8014
1814205341,32768149,-1,0,0,0,0
3818,1848743340,500,238,0,0,0
1909558,3819,-26692,28736,0,500,65525
0,1910058,3820,0,-26165,29263,500
0,0,10014,29,3821,0,39899
4,0,0,0,10514,29,3822
32768000,65529,0,0,0,0,11014
2021433337,500,-3,0,0,0,0
3824,2055971337,0,500,-9,0,0
1912558,3825,-23528,31898,500,0,3
0,1913058,3826,0,-23000,32425,500
0,0,13014,29,3827,0,43063
3,0,0,0,13514,29,3828
32768000,65533,0,0,0,0,14014
2228726870,500,2,0,0,0,0
3830,2263264869,493,500,2,0,0
1915558,3831,-20363,-30475,500,22,4
0,1916058,3832,0,-19835,-29948,0
0,0,16014,29,3833,0,46228
0,0,0,0,16514,29,3834
32768000,65531,0,0,0,0,17014
2436020403,32768398,-6,0,0,0,0
3836,2470558403,500,0,8,0,0
1918558,3837,-17198,-27312,0,500,65527
0,1919058,3838,0,-16671,-26784,500
0,0,19014,29,3839,0,49393
65530,0,0,0,19514,29,3840
32768000,65528,0,0,0,0,20014
2643313936,32768262,-9,0,0,0,0
3842,2677917471,279,500,-10,0,0
1921558,3843,-14033,-24148,500,0,0
0,1922058,3844,0,-13505,-23621,0
0,0,22014,29,3845,0,52558
65527,0,0,0,22514,29,3846
21692916,65528,0,0,0,0,23014
2850673005,500,-3,0,0,0,0
3848,2885211004,500,44,-1,0,0
1924558,3849,-10868,-20985,0,500,65530
0,1925058,3850,0,-10341,-20457,500
0,0,25014,29,3851,0,55723
2,0,0,0,25514,29,3852
32768000,0,0,0,0,0,26014
3057966538,32768000,-4,0,0,0,0
3854,3092570073,500,0,4,0,0
1927558,3855,-7704,-17821,44,500,2
0,1928058,3856,0,-7176,-17294,168
0,0,28014,29,3857,0,58887
9,0,0,0,28514,29,3858
32768000,6,0,0,0,0,29014
3265325606,32768414,6,0,0,0,0
3860,3299863605,0,500,0,0,0
1930558,3861,-4539,-14657,500,0,3
0,1931058,3862,0,-4012,-14130,394
0,0,31014,29,3863,0,62052
3,0,0,0,31514,29,3864
32768000,0,0,0,0,0,32014
3472750210,500,12,0,0,0,0
3866,3507288210,0,500,6,0,0
1933558,3867,-1375,-11493,0,500,65531
0,1934058,3868,0,-848,-10965,500
0,0,-31522,29,3869,0,65216
65534,0,0,0,-31022,29,3870
500,0,0,0,0,0,35014
3680043743,500,7,0,0,0,0
3872,3714581743,0,500,-3,0,0
1936558,3873,1790,-8328,0,500,65525
0,1937058,3874,0,2317,-7801,500
0,0,-28522,29,3875,0,2845
1,0,0,0,-28022,29,3876
32768000,65535,0,0,0,0,38014
3887468348,500,6,0,0,0,0
3878,3922006347,0,500,1,0,0
1939558,3879,4954,-5163,463,500,1
0,1940058,3880,0,5482,-4636,500
0,0,-25522,29,3881,0,6009
0,0,0,0,-25022,29,3882
32768487,0,0,0,0,0,41014
4094892952,500,3,0,0,0,0
3884,4129430951,500,0,6,0,0
1942558,3885,8119,-1998,500,461,6
0,1943058,3886,0,8646,-1471,0
0,0,-22522,29,3887,0,9173
65528,0,0,0,-22022,29,3888
500,6,0,0,0,0,44014
7415797,32768000,3,0,0,0,0
3890,41953796,464,500,3,0,0
1945558,3891,11283,1168,0,500,65528
0,1946058,3892,0,11811,1695,500
0,0,-19522,29,3893,0,12338
65520,0,0,0,-19022,29,3894
500,65527,0,0,0,0,47014
214840401,500,0,0,0,0,0
3896,249378400,0,500,-6,0,0
1948558,3897,14448,4333,500,0,65535
0,1949058,3898,0,14975,4861,0
0,0,-16522,29,3899,0,15502
7,0,0,0,-16022,29,3900
32768000,3,0,0,0,0,50014
422265005,32768000,-4,0,0,0,0
3902,456868540,438,500,-4,0,0
1951558,3903,17612,7498,500,0,65535
0,1952058,3904,0,18140,8026,500
0,0,-13522,29,3905,0,18667
65533,0,0,0,-13022,29,3906
32768000,65527,0,0,0,0,53014
629755146,500,-3,0,0,0,0
3908,664293145,0,500,-9,0,0
1954558,3909,20777,10664,92,500,65525
0,1955058,3910,0,21304,11191,500
0,0,-10522,29,3911,0,21831
65534,0,0,0,-10022,29,3912
500,5,0,0,0,0,56014
837179750,32768000,-2,0,0,0,0
3914,871783285,500,73,0,0,0
1957558,3915,23941,13829,0,500,65525
0,1958058,3916,0,24469,14357,500
0,0,-7522,29,3917,0,24996
0,0,0,0,-7022,29,3918
500,10,0,0,0,0,59014
1044604355,32768000,-4,0,0,0,0
3920,1079207891,500,0,7,0,0
1960558,3921,27106,16994,0,500,65525
0,1961058,3922,0,27633,17522,500
0,0,-4522,29,3923,0,28161
65531,0,0,0,-4022,29,3924
500,3,0,0,0,0,62014
1252094496,500,9,0,0,0,0
3926,1286632496,0,500,-23,0,0
1963558,3927,30271,20160,500,0,65532
0,1964058,3928,0,30799,20687,500
0,0,-1522,29,3929,0,31327
4,0,0,0,-1022,29,3930
32768207,3,0,0,0,0,65014
1459519102,32768000,-3,0,0,0,0
3932,1494057101,500,0,3,0,0
1966558,3933,-32099,23325,500,0,7
0,1967058,3934,0,-31572,23853,0
0,0,1478,30,3935,0,34492
65535,0,0,0,1978,30,3936
500,6,0,0,0,0,2478
1666943707,32768000,3,0,0,0,0
3938,1701547243,0,500,-6,0,0
1969558,3939,-28934,26490,500,0,0
0,1970058,3940,0,-28406,27018,500
0,0,4478,30,3941,0,37658
65534,0,0,0,4978,30,3942
500,4,0,0,0,0,5478
1874368313,32768309,3,0,0,0,0
3944,1908971849,352,500,2,0,0
1972558,3945,-25768,29656,500,0,9
0,1973058,3946,0,-25240,30183,0
0,0,7478,30,3947,0,40823
65527,0,0,0,7978,30,3948
500,4,0,0,0,0,8478
2081858455,32768000,-12,0,0,0,0
3950,2116461990,500,0,12,0,0
1975558,3951,-22602,-32715,500,184,14
0,1976058,3952,0,-22074,-32187,0
0,0,10478,30,3953,0,43989
65529,0,0,0,10978,30,3954
500,7,0,0,0,0,11478
2289348596,32768000,0,0,0,0,0
3956,2323886596,0,500,-8,0,0
1978558,3957,-19436,-29549,500,0,14
0,1979058,3958,0,-18909,-29021,0
0,0,13478,30,3959,0,47155
3,0,0,0,13978,30,3960
32768267,1,0,0,0,0,14478
2496838738,32768490,1,0,0,0,0
3962,2531376738,500,0,12,0,0
1981558,3963,-16270,-26383,0,500,1
0,1982058,3964,0,-15743,-25856,0
0,0,16478,30,3965,0,50321
65523,0,0,0,16978,30,3966
500,65526,0,0,0,0,17478
2704328880,500,-2,0,0,0,0
3968,2738866880,500,0,1,0,0
1984558,3969,-13105,-23217,0,500,65533
0,1985058,3970,0,-12577,-22689,361
0,0,19478,30,3971,0,53487
4,0,0,0,19978,30,3972
500,7,0,0,0,0,20478
2911819022,32768000,-6,0,0,0,0
3974,2946422557,500,101,-4,0,0
1987558,3975,-9939,-20051,500,0,8
0,1988058,3976,0,-9411,-19523,0
0,0,22478,30,3977,0,56653
65532,0,0,0,22978,30,3978
500,0,0,0,0,0,23478
3119309164,32768079,-2,0,0,0,0
3980,3153847164,500,0,2,0,0
1990558,3981,-6772,-16885,500,0,12
0,1991058,3982,0,-6245,-16357,0
0,0,25478,30,3983,0,59819
9,0,0,0,25978,30,3984
32768000,7,0,0,0,0,26478
3326799307,23855604,7,0,0,0,0
3986,3361402842,365,500,6,0,0
1993558,3987,-3606,-13719,0,500,3
0,1994058,3988,0,-3078,-13191,500
0,0,28478,30,3989,0,62986
8,0,0,0,28978,30,3990
32768000,65533,0,0,0,0,29478
3534289449,500,-1,0,0,0,0
3992,3568892985,177,500,-2,0,0
1996558,3993,-439,-10552,0,500,65517
0,1997058,3994,0,89,-10025,500
0,0,31478,30,3995,0,617
8,0,0,0,31978,30,3996
32768000,65529,0,0,0,0,32478
3741714057,500,-3,0,0,0,0
3998,3776317592,186,500,-4,0,0
1999558,3999,2728,-7386,500,353,65533
0,2000058,4000,0,3256,-6858,500
0,0,-31058,30,4001,0,3784
65530,0,0,0,-30558,30,4002
500,6,0,0,0,0,35478
3949269736,32768000,2,0,0,0,0
4004,3983807736,500,299,3,0,0
2002558,4005,5896,-4220,0,500,0
0,2003058,4006,0,6423,-3692,500
0,0,-28058,30,4007,0,6951
1,0,0,0,-27558,30,4008
32768000,65529,0,0,0,0,38478
4156759879,500,13,0,0,0,0
4010,4191363415,0,500,3,0,0
2005558,4011,9063,-1053,0,500,65529
0,2006058,4012,0,9591,-526,500
0,0,-25058,30,4013,0,10118
65535,0,0,0,-24558,30,4014
500,4,0,0,0,0,41478
69348262,32768000,-7,0,0,0,0
4016,103951798,500,0,1,0,0
2008558,4017,12230,2114,500,426,2
0,2009058,4018,0,12758,2642,0
0,0,-22058,30,4019,0,13286
10,0,0,0,-21558,30,4020
32768000,65517,0,0,0,0,44478
276838406,500,-5,0,0,0,0
4022,311441941,500,0,-1,0,0
2011558,4023,15397,5280,0,500,65532
0,2012058,4024,0,15926,5807,500
0,0,-19058,30,4025,0,16454
6,0,0,0,-18558,30,4026
32768000,65533,0,0,0,0,47478
484328550,500,6,0,0,0,0
4028,518932086,0,500,0,0,0
2014558,4029,18566,8446,500,0,6
0,2015058,4030,0,19094,8974,500
0,0,-16058,30,4031,0,19622
65533,0,0,0,-15558,30,4032
500,1,0,0,0,0,50478
691818694,18022900,2,0,0,0,0
4034,726422230,0,500,-8,0,0
2017558,4035,21734,11612,500,0,65535
0,2018058,4036,0,22262,12139,500
0,0,-13058,30,4037,0,22790
65530,0,0,0,-12558,30,4038
10224116,65532,0,0,0,0,53478
899308838,32768000,-17,0,0,0,0
4040,933846839,500,0,0,0,0
2020558,4041,24903,14777,500,0,3
0,2021058,4042,0,25431,15305,500
0,0,-10058,30,4043,0,25959
2,0,0,0,-9558,30,4044
500,6,0,0,0,0,56478
1106798984,32768329,6,0,0,0,0
4046,1141336984,0,500,-1,0,0
2023558,4047,28072,17943,500,0,4
0,2024058,4048,0,28600,18470,72
0,0,-7058,30,4049,0,29128
65535,0,0,0,-6558,30,4050
32768000,65530,0,0,0,0,59478
1314289128,500,14,0,0,0,0
4052,1348827129,0,500,5,0,0
2026558,4053,31241,21109,0,500,0
0,2027058,4054,0,31768,21637,346
0,0,-4058,30,4055,0,32297
0,0,0,0,-3558,30,4056
500,5,0,0,0,0,62478
1521779273,32768000,-11,0,0,0,0
4058,1556382809,500,0,6,0,0
2029558,4059,-31127,24276,0,500,1
0,2030058,4060,0,-30599,24803,0
0,0,-1058,30,4061,0,35465
12,0,0,0,-558,30,4062
32768383,11,0,0,0,0,65478
1729334953,32768000,-1,0,0,0,0
4064,1763872954,500,225,0,0,0
2032558,4065,-27958,27442,0,500,65533
0,2033058,4066,0,-27430,27970,500
0,0,1942,31,4067,0,38634
11,0,0,0,2442,31,4068
32768000,1,0,0,0,0,2942
1936825098,500,9,0,0,0,0
4070,1971428634,0,500,-10,0,0
2035558,4071,-24790,30609,500,0,65535
0,2036058,4072,0,-24261,31136,500
0,0,4942,31,4073,0,41803
65535,0,0,0,5442,31,4074
500,11,0,0,0,0,5942
2144380779,32768000,-2,0,0,0,0
4076,2178918780,500,0,4,0,0
2038558,4077,-21620,-31761,0,500,65534
0,2039058,4078,0,-21092,-31233,500
0,0,7942,31,4079,0,44972
7,0,0,0,8442,31,4080
32768000,5,0,0,0,0,8942
2351870924,32768000,-4,0,0,0,0
4082,2386474460,500,0,3,0,0
2041558,4083,-18451,-28594,500,0,5
0,2042058,4084,0,-17923,-28066,0
0,0,10942,31,4085,0,48141
65532,0,0,0,11442,31,4086
32768068,65530,0,0,0,0,11942
2559492141,500,-3,0,0,0,0
4088,2594030142,500,0,0,0,0
2044558,4089,-15282,-25427,0,500,65530
0,2045058,4090,0,-14754,-24899,500
0,0,13942,31,4091,0,51310
10,0,0,0,14442,31,4092
32768000,65531,0,0,0,0,14942
2766982287,9503220,-3,0,0,0,0
4094,2801585823,500,455,-3,0,0
2047558,4095,-12113,-22260,0,500,65530
0,2048058,4096,0,-11584,-21732,500
0,0,16942,31,4097,0,54480
0,0,0,0,17442,31,4098
23724532,0,0,0,0,0,17942
2974537968,32768304,0,0,0,0,0
4100,3009141505,0,500,-13,0,0
2050558,4101,-8943,-19093,500,0,6
0,2051058,4102,0,-8415,-18565,0
0,0,19942,31,4103,0,57649
4,0,0,0,20442,31,4104
32768000,0,0,0,0,0,20942
3182093650,32768445,0,0,0,0,0
4106,3216697185,0,500,-5,0,0
2053558,4107,-5774,-15926,500,0,5
0,2054058,4108,0,-5246,-15398,0
0,0,22942,31,4109,0,60818
3,0,0,0,23442,31,4110
32768000,0,0,0,0,0,23942
3389714867,32768207,0,0,0,0,0
4112,3424318403,500,0,3,0,0
2056558,4113,-2605,-12758,500,0,8
0,2057058,4114,0,-2077,-12230,256
0,0,25942,31,4115,0,63987
1,0,0,0,26442,31,4116
32768000,65534,0,0,0,0,26942
3597336084,500,6,0,0,0,0
4118,3631874085,0,500,2,0,0
2059558,4119,565,-9590,0,500,65535
0,2060058,4120,0,1093,-9063,0
0,0,28942,31,4121,0,1622
0,0,0,0,29442,31,4122
32768038,65535,0,0,0,0,29942
3804891766,4522484,0,0,0,0,0
4124,3839429766,347,500,0,0,0
2062558,4125,3734,-6422,500,0,4
0,2063058,4126,0,4262,-5894,0
0,0,31942,31,4127,0,4791
65529,0,0,0,32442,31,4128
32768208,65528,0,0,0,0,32942
4012512983,500,4,0,0,0,0
4130,4047116519,500,341,4,0,0
2065558,4131,6903,-3254,0,500,65529
0,2066058,4132,0,7432,-2726,500
0,0,-30594,31,4133,0,7960
4,0,0,0,-30094,31,4134
500,9,0,0,0,0,35942
4220134200,32768000,-3,0,0,0,0
4136,4254737737,500,469,-3,0,0
2068558,4137,10073,-86,500,0,1
0,2069058,4138,0,10601,444,500
0,0,-27594,31,4139,0,11129
65533,0,0,0,-27094,31,4140
5898740,65535,0,0,0,0,38942
132853658,32768000,-5,0,0,0,0
4142,167457194,0,500,-15,0,0
2071558,4143,13242,3084,500,0,4
0,2072058,4144,0,13771,3611,0
0,0,-24594,31,4145,0,14299
4,0,0,0,-24094,31,4146
500,13,0,0,0,0,41942
340540412,32768000,-3,0,0,0,0
4148,375078412,0,500,-8,0,0
2074558,4149,16412,6252,500,0,0
0,2075058,4150,0,16940,6780,69
0,0,-21594,31,4151,0,17469
7,0,0,0,-21094,31,4152
32768000,65524,0,0,0,0,44942
548161630,500,10,0,0,0,0
4154,582765166,0,500,1,0,0
2077558,4155,19582,9420,500,0,4
0,2078058,4156,0,20111,9948,500
0,0,-18594,31,4157,0,20639
65535,0,0,0,-18094,31,4158
500,3,0,0,0,0,47942
755782848,32768000,0,0,0,0,0
4160,790386384,500,0,6,0,0
2080558,4161,22753,12588,160,500,4
0,2081058,4162,0,23281,13116,500
0,0,-15594,31,4163,0,23809
65529,0,0,0,-15094,31,4164
500,11,0,0,0,0,50942
963404066,32768000,-8,0,0,0,0
4166,998073138,500,0,-1,0,0
2083558,4167,25923,15756,0,500,65530
0,2084058,4168,0,26451,16284,500
0,0,-12594,31,4169,0,26980
6,0,0,0,-12094,31,4170
32768000,65531,0,0,0,0,53942
1171090820,500,0,0,0,0,0
4172,1205694357,500,0,5,0,0
2086558,4173,29093,18925,0,500,65533
0,2087058,4174,0,29622,19453,297
0,0,-9594,31,4175,0,30150
65535,0,0,0,-9094,31,4176
32768329,65534,0,0,0,0,56942
1378712039,500,2,0,0,0,0
4178,1413315575,56,500,0,0,0
2089558,4179,32264,22093,500,167,1
0,2090058,4180,0,-32744,22621,0
0,0,-6594,31,4181,0,33321
2,0,0,0,-6094,31,4182
32768000,0,0,0,0,0,59942
1586398793,32768000,-3,0,0,0,0
4184,1620936794,500,0,14,0,0
2092558,4185,-30101,25262,0,500,1
0,2093058,4186,0,-29573,25790,250
0,0,-3594,31,4187,0,36491
1,0,0,0,-3094,31,4188
32768473,0,0,0,0,0,62942
1794020012,32768041,-1,0,0,0,0
4190,1828623548,500,0,2,0,0
2095558,4191,-26931,28430,500,413,3
0,2096058,4192,0,-26403,28958,500
0,0,-594,31,4193,0,39662
4,0,0,0,-94,31,4194
500,7,0,0,0,0,406
2001706767,500,11,0,0,0,0
4196,2036310303,0,500,-9,0,0
2098558,4197,-23760,31599,500,0,7
0,2099058,4198,0,-23232,32127,399
0,0,2406,32,4199,0,42832
65530,0,0,0,2906,32,4200
19923444,65531,0,0,0,0,3406
2209327985,500,5,0,0,0,0
4202,2243931522,500,0,10,0,0
2101558,4203,-20590,-30769,13,500,7
0,2102058,4204,0,-20061,-30241,500
0,0,5406,32,4205,0,46003
0,0,0,0,5906,32,4206
32768000,65535,0,0,0,0,6406
2416949204,500,8,0,0,0,0
4208,2451552741,0,500,-7,0,0
2104558,4209,-17419,-27601,500,235,65530
0,2105058,4210,0,-16891,-27072,500
0,0,8406,32,4211,0,49174
65529,0,0,0,8906,32,4212
500,4,0,0,0,0,9406
2624635959,32768000,-2,0,0,0,0
4214,2659239495,0,500,-10,0,0
2107558,4215,-14248,-24432,500,0,65530
0,2108058,4216,0,-13720,-23904,500
0,0,11406,32,4217,0,52345
65534,0,0,0,11906,32,4218
500,6,0,0,0,0,12406
2832257178,32768000,-12,0,0,0,0
4220,2866860714,500,0,-7,0,0
2110558,4221,-11077,-21264,500,0,0
0,2111058,4222,0,-10549,-20736,500
0,0,14406,32,4223,0,55516
13,0,0,0,14906,32,4224
32768000,10,0,0,0,0,15406
3039878397,32768000,3,0,0,0,0
4226,3074481933,88,500,1,0,0
2113558,4227,-7906,-18096,319,500,0
0,2114058,4228,0,-7378,-17568,500
0,0,17406,32,4229,0,58687
0,0,0,0,17906,32,4230
32768459,0,0,0,0,0,18406
3247499616,500,5,0,0,0,0
4232,3282103152,500,0,8,0,0
2116558,4233,-4735,-14928,0,500,1
0,2117058,4234,0,-4207,-14400,500
0,0,20406,32,4235,0,61858
65534,0,0,0,20906,32,4236
500,3,0,0,0,0,21406
3455120835,32768258,2,0,0,0,0
4238,3489724371,500,400,2,0,0
2119558,4239,-1564,-11760,0,500,65528
0,2120058,4240,0,-1036,-11232,500
0,0,23406,32,4241,0,65029
7,0,0,0,23906,32,4242
32768088,5,0,0,0,0,24406
3662742055,32768000,-6,0,0,0,0
4244,3697280055,500,0,-2,0,0
2122558,4245,1608,-8592,500,0,3
0,2123058,4246,0,2136,-8063,0
0,0,26406,32,4247,0,2665
65527,0,0,0,26906,32,4248
500,12,0,0,0,0,27406
3870363274,32768000,8,0,0,0,0
4250,3904966810,0,500,-3,0,0
2125558,4251,4779,-5423,500,119,65535
0,2126058,4252,0,5307,-4895,0
0,0,29406,32,4253,0,5836
65530,0,0,0,29906,32,4254
500,4,0,0,0,0,30406
4077984493,32768000,-2,0,0,0,0
4256,4112588029,500,0,15,0,0
2128558,4257,7950,-2255,0,500,0
0,2129058,4258,0,8478,-1727,0
0,0,32406,32,4259,0,9006
3,0,0,0,-32630,32,4260
32768186,2,0,0,0,0,33406
4285671248,32768016,0,0,0,0,0
4262,25373024,0,500,-3,0,0
2131558,4263,11120,915,500,253,65534
0,2132058,4264,0,11649,1443,500
0,0,-30130,32,4265,0,12177
0,0,0,0,-29630,32,4266
500,11,0,0,0,0,36406
198456242,32768316,10,0,0,0,0
4268,233059779,500,0,12,0,0
2134558,4269,14291,4084,0,500,4
0,2135058,4270,0,14819,4612,0
0,0,-27130,32,4271,0,15348
3,0,0,0,-26630,32,4272
32768179,2,0,0,0,0,39406
406077461,500,16,0,0,0,0
4274,440746533,0,500,4,0,0
2137558,4275,17462,7253,356,500,3
0,2138058,4276,0,17990,7781,0
0,0,-24130,32,4277,0,18518
4,0,0,0,-23630,32,4278
500,8,0,0,0,0,42406
613829751,32768000,-2,0,0,0,0
4280,648433288,500,0,14,0,0
2140558,4281,20632,10422,0,500,65535
0,2141058,4282,0,21160,10950,500
0,0,-21130,32,4283,0,21689
65528,0,0,0,-20630,32,4284
32768026,65525,0,0,0,0,45406
821516506,500,2,0,0,0,0
4286,856120042,500,0,10,0,0
2143558,4287,23803,13591,0,500,65524
0,2144058,4288,0,24332,14119,500
0,0,-18130,32,4289,0,24860
65531,0,0,0,-17630,32,4290
500,4,0,0,0,0,48406
1029203261,32768000,-5,0,0,0,0
4292,1063806798,500,0,2,0,0
2146558,4293,26974,16760,500,0,5
0,2147058,4294,0,27502,17289,179
0,0,-15130,32,4295,0,28031
65532,0,0,0,-14630,32,4296
500,0,0,0,0,0,51406
1236890016,500,6,0,0,0,0
4298,1271559088,0,500,0,0,0
2149558,4299,30145,19930,500,291,1
0,2150058,4300,0,30674,20458,0
0,0,-12130,32,4301,0,31202
65534,0,0,0,-11630,32,4302
500,2,0,0,0,0,54406
1444576771,32768000,-3,0,0,0,0
4304,1479180307,500,0,11,0,0
2152558,4305,-32220,23098,0,500,0
0,2153058,4306,0,-31692,23627,0
0,0,-9130,32,4307,0,34373
9,0,0,0,-8630,32,4308
15335924,10,0,0,0,0,57406
1652263526,32768440,10,0,0,0,0
4310,1686932598,0,500,-7,0,0
2155558,4311,-29049,26268,500,370,65530
0,2156058,4312,0,-28520,26796,500
0,0,-6130,32,4313,0,37544
7,0,0,0,-5630,32,4314
32768000,2,0,0,0,0,60406
1859950281,500,8,0,0,0,0
4316,1894553818,326,500,7,0,0
2158558,4317,-25878,29437,0,500,1
0,2159058,4318,0,-25349,29965,0
0,0,-3130,32,4319,0,40715
3,0,0,0,-2630,32,4320
32768210,2,0,0,0,0,63406
2067702572,32768001,0,0,0,0,0
4322,2102306108,500,0,5,0,0
2161558,4323,-22707,32606,500,499,5
0,2162058,4324,0,-22178,-32402,0
0,0,-130,32,4325,0,43886
5,0,0,0,370,33,4326
32768378,4,0,0,0,0,870
2275454864,16712180,5,0,0,0,0
4328,2310058401,0,500,2,0,0
2164558,4329,-19535,-29759,224,500,0
0,2165058,4330,0,-19006,-29230,500
0,0,2870,33,4331,0,47058
5,0,0,0,3370,33,4332
32768000,2,0,0,0,0,3870
2483272692,500,12,0,0,0,0
4334,2517941764,500,265,13,0,0
2167558,4335,-16363,-26588,0,500,65534
0,2168058,4336,0,-15834,-26060,500
0,0,5870,33,4337,0,50231
13,0,0,0,6370,33,4338
32768000,5,0,0,0,0,6870
2691090520,32768000,0,0,0,0,0
4340,2725694057,500,0,10,0,0
2170558,4341,-13190,-23418,0,500,2
0,2171058,4342,0,-12662,-22889,500
0,0,8870,33,4343,0,53403
4,0,0,0,9370,33,4344
500,7,0,0,0,0,9870
2898842813,32768000,-1,0,0,0,0
4346,2933511885,500,0,1,0,0
2173558,4347,-10018,-20247,475,500,0
0,2174058,4348,0,-9489,-19719,460
0,0,11870,33,4349,0,56575
4,0,0,0,12370,33,4350
500,8,0,0,0,0,12870
3106660641,32768000,0,0,0,0,0
4352,3141264178,500,0,4,0,0
2176558,4353,-6845,-17076,0,500,2
0,2177058,4354,0,-6317,-16548,95
0,0,14870,33,4355,0,59748
5,0,0,0,15370,33,4356
32768000,0,0,0,0,0,15870
3314478469,32768000,-10,0,0,0,0
4358,3349082006,500,0,4,0,0
2179558,4359,-3673,-13905,0,500,65530
0,2180058,4360,0,-3144,-13377,500
0,0,17870,33,4361,0,62920
65531,0,0,0,18370,33,4362
500,7,0,0,0,0,18870
3522296297,32768000,-14,0,0,0,0
4364,3556899834,500,0,2,0,0
2182558,4365,-501,-10735,500,273,3
0,2183058,4366,0,29,-10206,500
0,0,20870,33,4367,0,557
4,0,0,0,21370,33,4368
32768109,2,0,0,0,0,21870
3729983055,22086132,3,0,0,0,0
4370,3764652127,239,500,2,0,0
2185558,4371,2672,-7564,500,0,5
0,2186058,4372,0,3201,-7036,500
0,0,23870,33,4373,0,3730
65531,0,0,0,24370,33,4374
500,2,0,0,0,0,24870
3937800883,500,6,0,0,0,0
4376,3972404420,0,500,0,0,0
2188558,4377,5845,-4393,500,0,8
0,2189058,4378,0,6374,-3865,0
0,0,26870,33,4379,0,6902
1,0,0,0,27370,33,4380
32768000,65533,0,0,0,0,27870
4145553176,500,0,0,0,0,0
4382,4180222249,500,362,0,0,0
2191558,4383,9018,-1223,500,500,0
0,2192058,4384,0,9547,-695,500
0,0,29870,33,4385,0,10076
0,0,0,0,30370,33,4386
500,4,0,0,0,0,30870
58469246,32768474,4,0,0,0,0
4388,93138319,0,500,-4,0,0
2194558,4389,12192,1950,500,0,4
0,2195058,4390,0,12721,2478,355
0,0,-32666,33,4391,0,13250
0,0,0,0,-32166,33,4392
32768221,0,0,0,0,0,33870
266352612,500,8,0,0,0,0
4394,301021685,0,500,-5,0,0
2197558,4395,15366,5122,500,0,16
0,2198058,4396,0,15895,5650,0
0,0,-29666,33,4397,0,16424
65530,0,0,0,-29166,33,4398
500,4,0,0,0,0,36870
474235978,32768412,3,0,0,0,0
4400,508905051,500,0,13,0,0
2200558,4401,18540,8294,0,500,7
0,2201058,4402,0,19069,8823,0
0,0,-26666,33,4403,0,19598
12,0,0,0,-26166,33,4404
32768000,65534,0,0,0,0,39870
682184880,500,8,0,0,0,0
4406,716853952,500,0,10,0,0
2203558,4407,21714,11466,0,500,5
0,2204058,4408,0,22243,11994,0
0,0,-23666,33,4409,0,22772
65534,0,0,0,-23166,33,4410
500,7,0,0,0,0,42870
890068246,32768000,-4,0,0,0,0
4412,924737319,500,357,-3,0,0
2206558,4413,24888,14638,500,0,12
0,2207058,4414,0,25416,15167,0
0,0,-20666,33,4415,0,25946
65533,0,0,0,-20166,33,4416
500,7,0,0,0,0,45870
1097951612,32768000,1,0,0,0,0
4418,1132620685,54,500,0,0,0
2209558,4419,28062,17811,0,500,65531
0,2210058,4420,0,28591,18340,500
0,0,-17666,33,4421,0,29120
12,0,0,0,-17166,33,4422
32768000,8,0,0,0,0,48870
1305900513,32768000,-5,0,0,0,0
4424,1340569587,59,500,-7,0,0
2212558,4425,31236,20984,500,0,65535
0,2213058,4426,0,31764,21513,500
0,0,-14666,33,4427,0,32293
65530,0,0,0,-14166,33,4428
500,12,0,0,0,0,51870
1513849416,32768000,7,0,0,0,0
4430,1548518488,500,0,12,0,0
2215558,4431,-31127,24157,0,500,65535
0,2216058,4432,0,-30597,24685,500
0,0,-11666,33,4433,0,35468
65532,0,0,0,-11166,33,4434
32768050,65530,0,0,0,0,54870
1721798317,500,0,0,0,0,0
4436,1756467391,390,500,0,0,0
2218558,4437,-27952,27330,500,0,11
0,2219058,4438,0,-27424,27859,0
0,0,-8666,33,4439,0,38641
12,0,0,0,-8166,33,4440
32768000,2,0,0,0,0,57870
1929747220,6554100,4,0,0,0,0
4442,1964416292,0,500,-1,0,0
2221558,4443,-24778,30503,312,500,65534
0,2222058,4444,0,-24249,31032,500
0,0,-5666,33,4445,0,41816
5,0,0,0,-5166,33,4446
32768000,2,0,0,0,0,60870
2137761658,500,5,0,0,0,0
4448,2172365195,0,500,-3,0,0
2224558,4449,-21604,-31860,500,0,12
0,2225058,4450,0,-21075,-31330,0
0,0,-2666,33,4451,0,44990
3,0,0,0,-2166,33,4452
500,5,0,0,0,0,63870
2345710560,1573364,8,0,0,0,0
4454,2380379633,0,500,-5,0,0
2227558,4455,-18430,-28686,500,0,1
0,2228058,4456,0,-17901,-28157,500
0,0,334,34,4457,0,48164
2,0,0,0,834,34,4458
500,5,0,0,0,0,1334
2553724998,32768219,4,0,0,0,0
4460,2588328536,500,156,6,0,0
2230558,4461,-15255,-25513,500,0,13
0,2231058,4462,0,-14726,-24983,0
0,0,3334,34,4463,0,51339
1,0,0,0,3834,34,4464
500,6,0,0,0,0,4334
2761673901,28508660,6,0,0,0,0
4466,2796342974,0,500,0,0,0
2233558,4467,-12081,-22339,500,0,3
0,2234058,4468,0,-11551,-21810,500
0,0,6334,34,4469,0,54514
0,0,0,0,6834,34,4470
500,7,0,0,0,0,7334
2969622804,26477044,8,0,0,0,0
4472,3004291877,0,500,-2,0,0
2236558,4473,-8906,-19166,500,0,8
0,2237058,4474,0,-8377,-18637,0
0,0,9334,34,4475,0,57689
1,0,0,0,9834,34,4476
15925748,3,0,0,0,0,10334
3177571707,1180148,5,0,0,0,0
4478,3212306316,500,0,7,0,0
2239558,4479,-5730,-15993,500,467,7
0,2240058,4480,0,-5201,-15464,0
0,0,12334,34,4481,0,60864
5,0,0,0,12834,34,4482
500,9,0,0,0,0,13334
3385520610,32768000,1,0,0,0,0
4484,3420189684,500,62,3,0,0
2242558,4485,-2555,-12821,500,143,5
0,2243058,4486,0,-2026,-12292,500
0,0,15334,34,4487,0,64040
6,0,0,0,15834,34,4488
32768000,1,0,0,0,0,16334
3593403978,500,9,0,0,0,0
4490,3628007516,0,500,0,0,0
2245558,4491,622,-9648,500,0,13
0,2246058,4492,0,1151,-9120,0
0,0,18334,34,4493,0,1680
9,0,0,0,18834,34,4494
32768000,65535,0,0,0,0,19334
3801287347,500,10,0,0,0,0
4496,3835890884,0,500,7,0,0
2248558,4497,3797,-6476,500,0,13
0,2249058,4498,0,4326,-5947,0
0,0,21334,34,4499,0,4855
11,0,0,0,21834,34,4500
32768000,5,0,0,0,0,22334
4009170714,32768000,2,0,0,0,0
4502,4043839787,500,0,7,0,0
2251558,4503,6973,-3304,0,500,0
0,2252058,4504,0,7502,-2775,0
0,0,24334,34,4505,0,8031
2,0,0,0,24834,34,4506
9437684,4,0,0,0,0,25334
4217054081,500,7,0,0,0,0
4508,4251723155,0,500,-4,0,0
2254558,4509,10148,-131,500,0,3
0,2255058,4510,0,10677,399,0
0,0,27334,34,4511,0,11206
65534,0,0,0,27834,34,4512
32768000,65529,0,0,0,0,28334
130101225,500,6,0,0,0,0
4514,164704762,0,500,0,0,0
2257558,4515,13323,3042,500,0,10
0,2258058,4516,0,13853,3570,0
0,0,30334,34,4517,0,14382
65534,0,0,0,30834,34,4518
500,3,0,0,0,0,31334
337984592,32768000,-2,0,0,0,0
4520,372588130,0,500,-8,0,0
2260558,4521,16499,6214,500,0,22
0,2261058,4522,0,17028,6743,0
0,0,-32202,34,4523,0,17557
7,0,0,0,-31702,34,4524
32768297,6,0,0,0,0,34334
545867959,32768000,-2,0,0,0,0
4526,580537032,500,0,3,0,0
2263558,4527,19674,9386,500,0,6
0,2264058,4528,0,20203,9915,0
0,0,-29202,34,4529,0,20732
4,0,0,0,-28702,34,4530
24117748,4,0,0,0,0,37334
753751326,500,11,0,0,0,0
4532,788420400,98,500,9,0,0
2266558,4533,22849,12558,500,155,11
0,2267058,4534,0,23378,13087,0
0,0,-26202,34,4535,0,23907
6,0,0,0,-25702,34,4536
32768000,2,0,0,0,0,40334
961634694,500,21,0,0,0,0
4538,996303767,0,500,5,0,0
2269558,4539,26024,15731,495,500,4
0,2270058,4540,0,26554,16259,500
0,0,-23202,34,4541,0,27083
0,0,0,0,-22702,34,4542
500,4,0,0,0,0,43334
1169583598,32768208,3,0,0,0,0
4544,1204187135,500,0,24,0,0
2272558,4545,29201,18903,0,500,14
0,2273058,4546,0,29730,19432,0
0,0,-20202,34,4547,0,30259
7,0,0,0,-19702,34,4548
500,20,0,0,0,0,46334
1377532502,32768000,8,0,0,0,0
4550,1412201575,500,0,17,0,0
2275558,4551,32377,22077,0,500,14
0,2276058,4552,0,-32630,22605,500
0,0,-17202,34,4553,0,33436
10,0,0,0,-16702,34,4554
32768000,2,0,0,0,0,49334
1585481406,500,12,0,0,0,0
4556,1620150480,500,0,19,0,0
2278558,4557,-29983,25250,500,478,19
0,2279058,4558,0,-29454,25779,0
0,0,-14202,34,4559,0,36611
17,0,0,0,-13702,34,4560
32768000,13,0,0,0,0,52334
1793430310,32768171,12,0,0,0,0
4562,1828099383,500,0,18,0,0
2281558,4563,-26807,28423,0,500,15
0,2282058,4564,0,-26277,28951,43
0,0,-11202,34,4565,0,39788
17,0,0,0,-10702,34,4566
500,21,0,0,0,0,55334
2001379215,32768000,16,0,0,0,0
4568,2036048288,500,45,18,0,0
2284558,4569,-23630,31596,105,500,15
0,2285058,4570,0,-23101,32125,500
0,0,-8202,34,4571,0,42964
7,0,0,0,-7702,34,4572
17629684,8,0,0,0,0,58334
2209328119,500,12,0,0,0,0
4574,2243997192,500,0,19,0,0
2287558,4575,-20454,-30767,0,500,15
0,2288058,4576,0,-19925,-30239,500
0,0,-5202,34,4577,0,46140
9,0,0,0,-4702,34,4578
500,21,0,0,0,0,61334
2417277023,32768094,18,0,0,0,0
4580,2451880560,0,500,10,0,0
2290558,4581,-17278,-27595,203,500,8
0,2291058,4582,0,-16749,-27066,500
0,0,-2202,34,4583,0,49316
30,0,0,0,-1702,34,4584
14483956,31,0,0,0,0,64334
2625160391,32768000,18,0,0,0,0
4586,2659829464,500,0,29,0,0
2293558,4587,-14102,-24422,0,500,25
0,2294058,4588,0,-13573,-23893,500
0,0,798,35,4589,0,52492
34,0,0,0,1298,35,4590
500,44,0,0,0,0,1798
2833109295,32768252,42,0,0,0,0
4592,2867778369,0,500,32,0,0
2296558,4593,-10926,-21249,500,283,32
0,2297058,4594,0,-10397,-20720,500
0,0,3798,35,4595,0,55669
38,0,0,0,4298,35,4596
32768000,26,0,0,0,0,4798
3041058200,500,38,0,0,0,0
4598,3075727273,206,500,36,0,0
2299558,4599,-7750,-18077,164,500,34
0,2300058,4600,0,-7220,-17548,500
0,0,6798,35,4601,0,58845
37,0,0,0,7298,35,4602
500,48,0,0,0,0,7798
3248941568,2294260,50,0,0,0,0
4604,3283610642,0,500,34,0,0
2302558,4605,-4573,-14904,500,0,42
0,2303058,4606,0,-4044,-14375,346
0,0,9798,35,4607,0,62022
48,0,0,0,10298,35,4608
32768000,42,0,0,0,0,10798
3456890473,500,63,0,0,0,0
4610,3491559546,0,500,42,0,0
2305558,4611,-1397,-11732,500,0,55
0,2306058,4612,0,-867,-11203,500
0,0,12798,35,4613,0,65198
53,0,0,0,13298,35,4614
500,57,0,0,0,0,13798
3664708306,32768371,56,0,0,0,0
4616,3699377379,0,500,53,0,0
2308558,4617,1781,-8559,500,0,61
0,2309058,4618,0,2310,-8031,500
0,0,15798,35,4619,0,2839
58,0,0,0,16298,35,4620
500,71,0,0,0,0,16798
3872591674,32768000,58,0,0,0,0
4622,3907260747,500,0,62,0,0
2311558,4623,4957,-5387,500,0,65
0,2312058,4624,0,5487,-4859,0
0,0,18798,35,4625,0,6016
74,0,0,0,19298,35,4626
500,82,0,0,0,0,19798
4080540579,32768000,59,0,0,0,0
4628,4115144116,500,0,74,0,0
2314558,4629,8134,-2215,500,0,77
0,2315058,4630,0,8663,-1686,500
0,0,21798,35,4631,0,9193
74,0,0,0,22298,35,4632
500,84,0,0,0,0,22798
4288423948,25231860,84,0,0,0,0
4634,28125725,0,500,79,0,0
2317558,4635,11311,958,0,500,73
0,2318058,4636,0,11840,1486,500
0,0,24798,35,4637,0,12370
79,0,0,0,25298,35,4638
32768000,73,0,0,0,0,25798
201405556,500,84,0,0,0,0
4640,236009094,500,0,86,0,0
2320558,4641,14487,4130,500,152,87
0,2321058,4642,0,15017,4658,500
0,0,27798,35,4643,0,15546
96,0,0,0,28298,35,4644
500,104,0,0,0,0,28798
409223389,32768000,98,0,0,0,0
4646,443892463,0,500,92,0,0
2323558,4647,17664,7301,500,0,103
0,2324058,4648,0,18194,7830,0
0,0,30798,35,4649,0,18723
110,0,0,0,31298,35,4650
32768000,98,0,0,0,0,31798
617106758,32768000,93,0,0,0,0
4652,651710296,500,0,114,0,0
2326558,4653,20841,10473,0,500,105
0,2327058,4654,0,21370,11001,500
0,0,-31738,35,4655,0,21900
94,0,0,0,-31238,35,4656
500,105,0,0,0,0,34798
824924591,32768000,101,0,0,0,0
4658,859593665,500,0,109,0,0
2329558,4659,24018,13645,0,500,99
0,2330058,4660,0,24548,14173,500
0,0,-28738,35,4661,0,25077
105,0,0,0,-28238,35,4662
32768000,99,0,0,0,0,37798
1032807960,500,116,0,0,0,0
4664,1067411498,0,500,112,0,0
2332558,4665,27195,16816,500,0,115
0,2333058,4666,0,27724,17345,0
0,0,-25738,35,4667,0,28253
117,0,0,0,-25238,35,4668
7406068,118,0,0,0,0,40798
1240625792,32768373,116,0,0,0,0
4670,1275294865,273,500,114,0,0
2335558,4671,30371,19988,0,500,106
0,2336058,4672,0,30900,20516,500
0,0,-22738,35,4673,0,31430
122,0,0,0,-22238,35,4674
32768250,120,0,0,0,0,43798
1448574697,32768000,113,0,0,0,0
4676,1483243771,500,397,112,0,0
2338558,4677,-31988,23161,500,0,117
0,2339058,4678,0,-31458,23690,0
0,0,-19738,35,4679,0,34607
110,0,0,0,-19238,35,4680
500,114,0,0,0,0,46798
1656523603,500,117,0,0,0,0
4682,1691192676,500,103,118,0,0
2341558,4683,-28810,26334,0,500,109
0,2342058,4684,0,-28280,26863,500
0,0,-16738,35,4685,0,37786
127,0,0,0,-16238,35,4686
32768000,112,0,0,0,0,49798
1864472509,500,118,0,0,0,0
4688,1899141583,500,37,120,0,0
2344558,4689,-25632,29507,500,19,121
0,2345058,4690,0,-25102,30035,0
0,0,-13738,35,4691,0,40963
107,0,0,0,-13238,35,4692
500,114,0,0,0,0,52798
2072421415,500,116,0,0,0,0
4694,2107090488,500,0,122,0,0
2347558,4695,-22454,32679,0,500,116
0,2348058,4696,0,-21924,-32328,500
0,0,-10738,35,4697,0,44142
129,0,0,0,-10238,35,4698
32768000,118,0,0,0,0,55798
2280304785,32768047,115,0,0,0,0
4700,2314973859,500,131,116,0,0
2350558,4701,-19275,-29685,500,0,119
0,2351058,4702,0,-18746,-29156,500
0,0,-7738,35,4703,0,47320
112,0,0,0,-7238,35,4704
500,122,0,0,0,0,58798
2488188156,500,126,0,0,0,0
4706,2522857229,0,500,121,0,0
2353558,4707,-16097,-26512,500,326,121
0,2354058,4708,0,-15567,-25984,500
0,0,-4738,35,4709,0,50499
121,0,0,0,-4238,35,4710
500,132,0,0,0,0,61798
2696071526,32768000,125,0,0,0,0
4712,2730675064,500,0,130,0,0
2356558,4713,-12919,-23341,500,0,134
0,2357058,4714,0,-12389,-22812,500
0,0,-1738,35,4715,0,53677
138,0,0,0,-1238,35,4716
500,145,0,0,0,0,64798
2903889361,500,148,0,0,0,0
4718,2938558434,500,0,151,0,0
2359558,4719,-9740,-20170,0,500,137
0,2360058,4720,0,-9210,-19642,500
0,0,1262,36,4721,0,56855
148,0,0,0,1762,36,4722
500,161,0,0,0,0,2262
3111707195,32768426,159,0,0,0,0
4724,3146310733,150,500,155,0,0
2362558,4725,-6562,-16999,500,0,157
0,2363058,4726,0,-6032,-16471,500
0,0,4262,36,4727,0,60034
157,0,0,0,4762,36,4728
500,165,0,0,0,0,5262
3319459494,2884084,165,0,0,0,0
4730,3354128567,339,500,163,0,0
2365558,4731,-3383,-13829,500,0,170
0,2366058,4732,0,-2853,-13301,500
0,0,7262,36,4733,0,63213
170,0,0,0,7762,36,4734
500,189,0,0,0,0,8262
3527211793,32768000,175,0,0,0,0
4736,3561880867,500,0,184,0,0
2368558,4737,-203,-10659,500,95,184
0,2369058,4738,0,327,-10130,500
0,0,10262,36,4739,0,857
197,0,0,0,10762,36,4740
32768000,188,0,0,0,0,11262
3734964093,500,195,0,0,0,0
4742,3769567631,500,0,201,0,0
2371558,4743,2977,-7489,500,0,203
0,2372058,4744,0,3507,-6960,0
0,0,13262,36,4745,0,4037
189,0,0,0,13762,36,4746
500,204,0,0,0,0,14262
3942716393,32768000,199,0,0,0,0
4748,3977319931,500,0,213,0,0
2374558,4749,6157,-4318,500,23,214
0,2375058,4750,0,6686,-3790,0
0,0,16262,36,4751,0,7216
216,0,0,0,16762,36,4752
32768396,214,0,0,0,0,17262
4150468692,500,227,0,0,0,0
4754,4185137766,0,500,212,0,0
2377558,4755,9336,-1148,500,0,225
0,2378058,4756,0,9866,-620,269
0,0,19262,36,4757,0,10396
243,0,0,0,19762,36,4758
32768000,233,0,0,0,0,20262
63384767,500,243,0,0,0,0
4760,97988306,0,500,233,0,0
2380558,4761,12516,2023,500,121,233
0,2381058,4762,0,13045,2552,500
0,0,22262,36,4763,0,13575
240,0,0,0,22762,36,4764
32768000,235,0,0,0,0,23262
271137067,500,244,0,0,0,0
4766,305806141,0,500,224,0,0
2383558,4767,15695,5194,36,500,219
0,2384058,4768,0,16225,5722,500
0,0,25262,36,4769,0,16755
235,0,0,0,25762,36,4770
500,247,0,0,0,0,26262
478954903,32768000,234,0,0,0,0
4772,513558441,500,0,242,0,0
2386558,4773,18875,8365,500,0,245
0,2387058,4774,0,19405,8893,0
0,0,28262,36,4775,0,19935
241,0,0,0,28762,36,4776
32768000,232,0,0,0,0,29262
686772739,500,239,0,0,0,0
4778,721376277,500,0,242,0,0
2389558,4779,22055,11536,500,122,242
0,2390058,4780,0,22585,12064,0
0,0,31262,36,4781,0,23115
239,0,0,0,31762,36,4782
32768100,234,0,0,0,0,32262
894525039,32768000,227,0,0,0,0
4784,929194113,500,0,233,0,0
2392558,4785,25235,14706,500,0,240
0,2393058,4786,0,25765,15235,0
0,0,-31274,36,4787,0,26295
235,0,0,0,-30774,36,4788
500,243,0,0,0,0,35262
1102342875,500,243,0,0,0,0
4790,1137011949,500,308,241,0,0
2395558,4791,28415,17877,500,0,249
0,2396058,4792,0,28945,18405,500
0,0,-28274,36,4793,0,29475
251,0,0,0,-27774,36,4794
500,252,0,0,0,0,38262
1310160711,32768263,248,0,0,0,0
4796,1344764250,500,0,257,0,0
2398558,4797,31596,21047,500,0,257
0,2399058,4798,0,32126,21576,500
0,0,-25274,36,4799,0,32656
263,0,0,0,-24774,36,4800
500,265,0,0,0,0,41262
1517913013,500,267,0,0,0,0
4802,1552516551,451,500,264,0,0
2401558,4803,-30759,24217,500,0,273
0,2402058,4804,0,-30229,24745,500
0,0,-22274,36,4805,0,35838
289,0,0,0,-21774,36,4806
32768000,284,0,0,0,0,44262
1725599778,13369844,282,0,0,0,0
4808,1760203316,500,0,292,0,0
2404558,4809,-27577,27387,500,0,298
0,2405058,4810,0,-27047,27915,500
0,0,-19274,36,4811,0,39019
311,0,0,0,-18774,36,4812
32768486,308,0,0,0,0,47262
1933352080,26870260,305,0,0,0,0
4814,1967955618,500,0,318,0,0
2407558,4815,-24396,30556,0,500,304
0,2408058,4816,0,-23865,31084,500
0,0,-16274,36,4817,0,42201
321,0,0,0,-15774,36,4818
500,325,0,0,0,0,50262
2141038846,500,331,0,0,0,0
4820,2175642385,0,500,324,0,0
2410558,4821,-21213,-31811,500,0,328
0,2411058,4822,0,-20683,-31283,0
0,0,-13274,36,4823,0,45384
342,0,0,0,-12774,36,4824
500,356,0,0,0,0,53262
2348725613,32768000,340,0,0,0,0
4826,2383329151,0,500,331,0,0
2413558,4827,-18031,-28641,500,0,356
0,2414058,4828,0,-17500,-28114,500
0,0,-10274,36,4829,0,48566
361,0,0,0,-9774,36,4830
32768000,350,0,0,0,0,56262
2556412379,500,354,0,0,0,0
4832,2591015918,500,0,361,0,0
2416558,4833,-14848,-25473,500,0,367
0,2417058,4834,0,-14318,-24944,0
0,0,-7274,36,4835,0,51749
375,0,0,0,-6774,36,4836
32768000,355,0,0,0,0,59262
2764099146,13959668,353,0,0,0,0
4838,2798768220,500,0,366,0,0
2419558,4839,-11665,-22303,500,0,365
0,2420058,4840,0,-11134,-21775,500
0,0,-4274,36,4841,0,54932
369,0,0,0,-3774,36,4842
32768000,360,0,0,0,0,62262
2971785913,32768228,355,0,0,0,0
4844,3006389452,500,0,363,0,0
2422558,4845,-8481,-19135,0,500,355
0,2423058,4846,0,-7951,-18606,500
0,0,-1274,36,4847,0,58116
357,0,0,0,-774,36,4848
500,361,0,0,0,0,65262
3179472681,500,363,0,0,0,0
4850,3214141755,0,500,352,0,0
2425558,4851,-5298,-15965,500,0,357
0,2426058,4852,0,-4767,-15437,0
0,0,1726,37,4853,0,61299
347,0,0,0,2226,37,4854
500,366,0,0,0,0,2726
3387224984,32768000,350,0,0,0,0
4856,3421762987,500,0,357,0,0
2428558,4857,-2115,-12796,500,0,361
0,2429058,4858,0,-1584,-12268,500
0,0,4726,37,4859,0,64482
361,0,0,0,5226,37,4860
500,368,0,0,0,0,5726
3594780681,500,380,0,0,0,0
4862,3629384219,0,500,368,0,0
2431558,4863,1070,-9627,500,0,374
0,2432058,4864,0,1601,-9100,500
0,0,7726,37,4865,0,2132
379,0,0,0,8226,37,4866
500,385,0,0,0,0,8726
3802467449,500,399,0,0,0,0
4868,3837070988,500,0,403,0,0
2434558,4869,4255,-6459,500,264,400
0,2435058,4870,0,4785,-5931,500
0,0,10726,37,4871,0,5316
412,0,0,0,11226,37,4872
500,422,0,0,0,0,11726
4010088681,500,430,0,0,0,0
4874,4044692220,500,0,439,0,0
2437558,4875,7439,-3291,0,500,432
0,2438058,4876,0,7970,-2763,500
0,0,13726,37,4877,0,8501
434,0,0,0,14226,37,4878
500,452,0,0,0,0,14726
4217709914,500,456,0,0,0,0
4880,4252313454,500,0,458,0,0
2440558,4881,10624,-123,500,0,460
0,2441058,4882,0,11155,407,500
0,0,16726,37,4883,0,11686
473,0,0,0,17226,37,4884
32768000,459,0,0,0,0,17726
130429388,500,468,0,0,0,0
4886,165032927,500,0,487,0,0
2443558,4887,13810,3046,500,0,486
0,2444058,4888,0,14341,3574,0
0,0,19726,37,4889,0,14871
495,0,0,0,20226,37,4890
500,493,0,0,0,0,20726
338050621,3015156,490,0,0,0,0
4892,372654160,500,0,500,0,0
2446558,4893,16995,6214,0,500,492
0,2447058,4894,0,17526,6742,500
0,0,22726,37,4895,0,18057
501,0,0,0,23226,37,4896
500,502,0,0,0,0,23726
545606319,32768000,489,0,0,0,0
4898,580209858,500,329,485,0,0
2449558,4899,20181,9381,500,0,487
0,2450058,4900,0,20713,9908,500
0,0,25726,37,4901,0,21244
487,0,0,0,26226,37,4902
500,491,0,0,0,0,26726
753162017,500,495,0,0,0,0
4904,787700021,0,500,483,0,0
2452558,4905,23367,12547,500,0,489
0,2453058,4906,0,23898,13075,500
0,0,28726,37,4907,0,24429
479,0,0,0,29226,37,4908
500,483,0,0,0,0,29726
960652179,500,490,0,0,0,0
4910,995255718,398,500,485,0,0
2455558,4911,26553,15714,500,0,486
0,2456058,4912,0,27084,16242,197
0,0,31726,37,4913,0,27615
477,0,0,0,32226,37,4914
500,484,0,0,0,0,32726
1168207877,32768000,471,0,0,0,0
4916,1202745880,500,0,472,0,0
2458558,4917,29739,18880,500,0,498
0,2459058,4918,0,30270,19408,0
0,0,-30810,37,4919,0,30801
490,0,0,0,-30310,37,4920
500,489,0,0,0,0,35726
1375698039,500,503,0,0,0,0
4922,1410301577,500,0,521,0,0
2461558,4923,-32611,22046,500,0,520
0,2462058,4924,0,-32080,22573,500
0,0,-27810,37,4925,0,33987
525,0,0,0,-27310,37,4926
500,534,0,0,0,0,38726
1583122665,500,538,0,0,0,0
4928,1617660668,500,0,546,0,0
2464558,4929,-29426,25210,500,0,555
0,2465058,4930,0,-28895,25738,500
0,0,-24810,37,4931,0,37172
571,0,0,0,-24310,37,4932
24838644,566,0,0,0,0,41726
1790416218,500,583,0,0,0,0
4934,1825019757,500,309,578,0,0
2467558,4935,-26240,28374,500,0,584
0,2468058,4936,0,-25709,28901,500
0,0,-21810,37,4937,0,40358
601,0,0,0,-21310,37,4938
500,612,0,0,0,0,44726
1997775307,500,633,0,0,0,0
4940,2032313310,0,500,612,0,0
2470558,4941,-23055,31537,500,0,618
0,2471058,4942,0,-22524,32064,500
0,0,-18810,37,4943,0,43543
627,0,0,0,-18310,37,4944
500,640,0,0,0,0,47726
2205003325,32768000,631,0,0,0,0
4946,2239606864,500,0,648,0,0
2473558,4947,-19869,-30836,84,500,639
0,2474058,4948,0,-19338,-30309,500
0,0,-15810,37,4949,0,46729
639,0,0,0,-15310,37,4950
500,641,0,0,0,0,50726
2412296879,500,645,0,0,0,0
4952,2446834882,0,500,632,0,0
2476558,4953,-16683,-27674,0,500,618
0,2477058,4954,0,-16153,-27146,500
0,0,-12810,37,4955,0,49914
621,0,0,0,-12310,37,4956
32768000,609,0,0,0,0,53726
2619590433,500,617,0,0,0,0
4958,2654128435,0,500,608,0,0
2479558,4959,-13498,-24511,500,0,620
0,2480058,4960,0,-12967,-23984,0
0,0,-9810,37,4961,0,53100
602,0,0,0,-9310,37,4962
500,603,0,0,0,0,56726
2826883986,500,604,0,0,0,0
4964,2861421989,0,500,591,0,0
2482558,4965,-10312,-21348,500,0,597
0,2483058,4966,0,-9781,-20820,500
0,0,-6810,37,4967,0,56286
614,0,0,0,-6310,37,4968
32768000,603,0,0,0,0,59726
3034177540,500,603,0,0,0,0
4970,3068715543,500,0,629,0,0
2485558,4971,-7126,-18185,500,19,625
0,2486058,4972,0,-6595,-17658,500
0,0,-3810,37,4973,0,59472
648,0,0,0,-3310,37,4974
32768380,641,0,0,0,0,62726
3241471094,500,669,0,0,0,0
4976,3276009098,0,500,652,0,0
2488558,4977,-3939,-15022,500,0,680
0,2489058,4978,0,-3409,-14495,500
0,0,-810,37,4979,0,62658
709,0,0,0,-310,37,4980
500,711,0,0,0,0,190
3448699113,500,719,0,0,0,0
4982,3483302652,500,0,715,0,0
2491558,4983,-753,-11859,500,0,735
0,2492058,4984,0,-222,-11333,500
0,0,2190,38,4985,0,311
751,0,0,0,2690,38,4986
500,748,0,0,0,0,3190
3655927133,500,758,0,0,0,0
4988,3690465136,500,0,777,0,0
2494558,4989,2436,-8697,500,0,775
0,2495058,4990,0,2967,-8170,500
0,0,5190,38,4991,0,3498
788,0,0,0,5690,38,4992
32768000,773,0,0,0,0,6190
3863155153,500,788,0,0,0,0
4994,3897693156,0,500,776,0,0
2497558,4995,5623,-5535,500,0,785
0,2498058,4996,0,6154,-5009,500
0,0,8190,38,4997,0,6686
781,0,0,0,8690,38,4998
500,782,0,0,0,0,9190
4070383172,28246516,774,0,0,0,0
5000,4104921176,500,0,779,0,0
2500558,5001,8811,-2373,500,0,783
0,2501058,5002,0,9342,-1846,160
0,0,11190,38,5003,0,9873
754,0,0,0,11690,38,5004
500,763,0,0,0,0,12190
4277611192,31392244,755,0,0,0,0
5006,17247435,0,500,728,0,0
2503558,5007,11998,790,500,0,735
0,2504058,5008,0,12530,1317,500
0,0,14190,38,5009,0,13061
731,0,0,0,14690,38,5010
500,728,0,0,0,0,15190
190002987,500,724,0,0,0,0
5012,224475455,500,0,721,0,0
2506558,5013,15186,3953,494,500,714
0,2507058,5014,0,15717,4480,500
0,0,17190,38,5015,0,16248
718,0,0,0,17690,38,5016
500,720,0,0,0,0,18190
397231007,500,715,0,0,0,0
5018,431769010,0,500,705,0,0
2509558,5019,18374,7115,500,0,709
0,2510058,5020,0,18905,7641,500
0,0,20190,38,5021,0,19437
705,0,0,0,20690,38,5022
500,718,0,0,0,0,21190
604459027,500,717,0,0,0,0
5024,638931495,500,0,722,0,0
2512558,5025,21562,10276,0,500,696
0,2513058,5026,0,22093,10803,500
0,0,23190,38,5027,0,22625
706,0,0,0,23690,38,5028
32768000,691,0,0,0,0,24190
811621512,500,693,0,0,0,0
5030,846225051,500,0,696,0,0
2515558,5031,24750,13438,500,0,702
0,2516058,5032,0,25282,13965,500
0,0,26190,38,5033,0,25813
674,0,0,0,26690,38,5034
500,678,0,0,0,0,27190
1018849532,500,683,0,0,0,0
5036,1053387536,0,500,659,0,0
2518558,5037,27939,16600,35,500,650
0,2519058,5038,0,28470,17128,500
0,0,29190,38,5039,0,29002
634,0,0,0,29690,38,5040
31064564,627,0,0,0,0,30190
1226077553,500,642,0,0,0,0
5042,1260681092,0,500,624,0,0
2521558,5043,31127,19763,500,0,624
0,2522058,5044,0,31659,20290,0
0,0,32190,38,5045,0,32190
601,0,0,0,32690,38,5046
500,598,0,0,0,0,33190
1433371109,32768000,590,0,0,0,0
5048,1467909113,500,0,588,0,0
2524558,5049,-31220,22925,0,500,572
0,2525058,5050,0,-30689,23453,500
0,0,-30346,38,5051,0,35379
548,0,0,0,-29846,38,5052
500,560,0,0,0,0,36190
1640664666,32768000,549,0,0,0,0
5054,1675202669,500,382,544,0,0
2527558,5055,-28032,26089,500,0,550
0,2528058,5056,0,-27500,26615,500
0,0,-27346,38,5057,0,38567
546,0,0,0,-26846,38,5058
500,548,0,0,0,0,39190
1847958222,32768372,542,0,0,0,0
5060,1882496226,500,249,538,0,0
2530558,5061,-24843,29251,500,0,537
0,2531058,5062,0,-24312,29779,383
0,0,-24346,38,5063,0,41756
530,0,0,0,-23846,38,5064
500,537,0,0,0,0,42190
2055251779,500,541,0,0,0,0
5066,2089789782,500,0,547,0,0
2533558,5067,-21654,32414,500,312,542
0,2534058,5068,0,-21123,-32595,181
0,0,-21346,38,5069,0,44945
522,0,0,0,-20846,38,5070
500,530,0,0,0,0,45190
2262545336,23134708,526,0,0,0,0
5072,2297083340,500,450,521,0,0
2536558,5073,-18465,-29959,500,0,524
0,2537058,5074,0,-17934,-29432,500
0,0,-18346,38,5075,0,48134
507,0,0,0,-17846,38,5076
32768352,501,0,0,0,0,48190
2469773357,500,505,0,0,0,0
5078,2504376896,0,500,482,0,0
2539558,5079,-15276,-26796,500,0,482
0,2540058,5080,0,-14745,-26269,0
0,0,-15346,38,5081,0,51323
451,0,0,0,-14846,38,5082
500,457,0,0,0,0,51190
2677066914,32768000,446,0,0,0,0
5084,2711604917,500,0,447,0,0
2542558,5085,-12087,-23633,0,500,424
0,2543058,5086,0,-11556,-23106,0
0,0,-12346,38,5087,0,54511
414,0,0,0,-11846,38,5088
32768428,410,0,0,0,0,54190
2884426006,32768000,396,0,0,0,0
5090,2918964009,500,0,396,0,0
2545558,5091,-8899,-20469,451,500,392
0,2546058,5092,0,-8368,-19942,500
0,0,-9346,38,5093,0,57700
372,0,0,0,-8846,38,5094
23462388,369,0,0,0,0,57190
3091785098,500,372,0,0,0,0
5096,3126323102,0,500,361,0,0
2548558,5097,-5711,-17306,500,0,361
0,2549058,5098,0,-5180,-16778,500
0,0,-6346,38,5099,0,60888
358,0,0,0,-5846,38,5100
500,358,0,0,0,0,60190
3299144191,500,363,0,0,0,0
5102,3333682194,500,208,361,0,0
2551558,5103,-2523,-14142,359,500,357
0,2552058,5104,0,-1991,-13614,500
0,0,-3346,38,5105,0,64076
363,0,0,0,-2846,38,5106
32768000,355,0,0,0,0,63190
3506503283,500,355,0,0,0,0
5108,3540975753,500,0,361,0,0
2554558,5109,668,-10978,0,500,351
0,2555058,5110,0,1199,-10450,0
0,0,-346,38,5111,0,1731
341,0,0,0,154,39,5112
32768455,337,0,0,0,0,654
3713731306,500,339,0,0,0,0
5114,3748334845,0,500,314,0,0
2557558,5115,3856,-7814,0,500,306
0,2558058,5116,0,4388,-7286,0
0,0,2654,39,5117,0,4919
294,0,0,0,3154,39,5118
6160884,293,0,0,0,0,3654
3921155933,24052212,291,0,0,0,0
5120,3955693937,0,500,275,0,0
2560558,5121,7044,-4649,0,500,262
0,2561058,5122,0,7575,-4122,0
0,0,5654,39,5123,0,8107
245,0,0,0,6154,39,5124
32768000,238,0,0,0,0,6654
4128580561,32768000,230,0,0,0,0
5126,4163184100,0,500,224,0,0
2563558,5127,10231,-1484,0,500,217
0,2564058,5128,0,10763,-957,0
0,0,8654,39,5129,0,11294
198,0,0,0,9154,39,5130
500,199,0,0,0,0,9654
41234500,27591156,198,0,0,0,0
5132,75838039,500,0,200,0,0
2566558,5133,13419,1684,0,500,189
0,2567058,5134,0,13950,2212,500
0,0,11654,39,5135,0,14481
188,0,0,0,12154,39,5136
32768456,186,0,0,0,0,12654
248724663,500,188,0,0,0,0
5138,283328202,340,500,185,0,0
2569558,5139,16605,4850,500,458,184
0,2570058,5140,0,17137,5378,500
0,0,14654,39,5141,0,17668
176,0,0,0,15154,39,5142
500,177,0,0,0,0,15654
456214826,500,184,0,0,0,0
5144,490752830,500,0,186,0,0
2572558,5145,19793,8016,0,500,167
0,2573058,5146,0,20324,8544,500
0,0,17654,39,5147,0,20855
168,0,0,0,18154,39,5148
32768000,156,0,0,0,0,18654
663704990,32768000,136,0,0,0,0
5150,698308529,500,0,140,0,0
2575558,5151,22980,11182,0,500,128
0,2576058,5152,0,23512,11710,262
0,0,20654,39,5153,0,24043
114,0,0,0,21154,39,5154
4255646196,114,1,0,0,0,21636
871129617,4255646196,114,0,1,0,0
5156,905602083,500,-600,114,0,1
2578540,5157,26166,14343,500,-600,114
0,2579040,5158,0,26695,14867,500
1,0,23636,39,5159,0,27224
114,1,0,0,24136,39,5160
4255646196,114,1,0,0,0,24636
1077177977,4255646196,114,0,1,0,0
5162,1111388296,500,-600,114,0,1
2581540,5163,29335,17479,500,-600,114
0,2582040,5164,0,29862,17998,500
1,0,26636,39,5165,0,30388
114,1,0,0,27136,39,5166
4255646196,114,1,0,0,0,27636
1281391311,4255646196,114,0,1,0,0
5168,1315208411,500,-600,114,0,1
2584540,5169,32487,20584,500,-600,114
0,2585040,5170,0,-32525,21098,500
1,0,29636,39,5171,0,33534
114,1,0,0,30136,39,5172
4255646196,114,1,0,0,0,30636
1483573011,4255646196,114,0,1,0,0
5174,1517127964,500,-600,114,0,1
2587540,5175,-29914,23660,500,-600,114
0,2588040,5176,0,-29394,24170,500
1,0,32636,39,5177,0,36662
114,1,0,0,-32400,39,5178
4255646196,114,1,0,0,0,33636
1683788614,4255646196,114,0,1,0,0
5180,1716884812,500,-600,114,0,1
2590540,5181,-26798,26702,500,-600,114
0,2591040,5182,0,-26280,27206,500
1,0,-29900,39,5183,0,39773
114,1,0,0,-29400,39,5184
4255646196,114,1,0,0,0,36636
1881579366,4255646196,114,0,1,0,0
5186,1914282345,500,-600,114,0,1
2593540,5187,-23699,29708,500,-600,114
0,2594040,5188,0,-23184,30204,500
1,0,-26900,39,5189,0,42866
114,1,0,0,-26400,39,5190
4255646196,114,1,0,0,0,39636
2076552052,4255646196,114,0,1,0,0
5192,2108730741,500,-600,114,0,1
2596540,5193,-20619,32665,500,-600,114
0,2597040,5194,0,-20107,-32385,500
1,0,-23900,39,5195,0,45940
114,1,0,0,-23400,39,5196
4255646196,114,1,0,0,0,42636
2267199345,4255646196,114,0,1,0,0
5198,2298198383,500,-600,114,0,1
2599540,5199,-17556,-30000,500,-600,114
0,2600040,5200,0,-17048,-29536,500
1,0,-20900,39,5201,0,48997
114,1,0,0,-20400,39,5202
4255646196,114,1,0,0,0,45636
2448147292,4255646196,114,0,1,0,0
5204,2476590423,500,-600,114,0,1
2602540,5205,-14511,-27323,500,-600,114
0,2603040,5206,0,-14005,-26909,500
1,0,-17900,39,5207,0,52037
114,1,0,0,-17400,39,5208
4255646196,114,1,0,0,0,48636
2606878518,4255646196,114,0,1,0,0
5210,2629488942,500,-600,114,0,1
2605540,5211,-11483,-25091,500,-600,114
0,2606040,5212,0,-10979,-24796,500
1,0,-14900,39,5213,0,55059
114,1,0,0,-14400,39,5214
4255646196,114,1,0,0,0,51636
2714491647,4255646196,114,0,1,0,0
5216,2723667188,500,-600,114,0,1
2608540,5217,-8471,-23891,500,-600,114
0,2609040,5218,0,-7971,-23867,500
1,0,-11900,39,5219,0,58065
114,1,0,0,-11400,39,5220
4255646196,114,1,0,0,0,54636
2708596407,4255646196,114,0,1,0,0
5222,2694047914,500,-600,114,0,1
2611540,5223,-5476,-24695,500,-600,114
0,2612040,5224,0,-4979,-24996,500
1,0,-8900,39,5225,0,61054
114,1,0,0,-8400,39,5226
4255646196,114,1,0,0,0,57636
2587030112,4255646196,114,0,1,0,0
5228,2560947280,500,-600,114,0,1
2614540,5229,-2496,-26874,500,-600,114
0,2615040,5230,0,-2001,-27301,500
1,0,-5900,39,5231,0,64030
114,1,0,0,-5400,39,5232
4255646196,114,1,0,0,0,60636
2417950203,4255646196,114,0,1,0,0
5234,2387541992,500,-600,114,0,1
2617540,5235,482,-29576,500,-600,114
0,2618040,5236,0,976,-30050,500
1,0,-2900,39,5237,0,1468
114,1,0,0,-2400,39,5238
4255646196,114,1,0,0,0,63636
2230782356,4255646196,114,0,1,0,0
5240,2198735744,500,-600,114,0,1
2620540,5241,3435,-32477,500,-600,114
0,2621040,5242,0,3926,32567,500
1,0,100,40,5243,0,4416
114,1,0,0,600,40,5244
4255646196,114,1,0,0,0,1100
2036864275,4255646196,114,0,1,0,0
5246,2004227836,500,-600,114,0,1
2623540,5247,6373,30084,500,-600,114
0,2624040,5248,0,6861,29584,500
1,0,3100,40,5249,0,7349
114,1,0,0,3600,40,5250
4255646196,114,1,0,0,0,4100
1840390276,4255646196,114,0,1,0,0
5252,1807557227,500,-600,114,0,1
2626540,5253,9297,27079,500,-600,114
0,2627040,5254,0,9783,26576,500
1,0,6100,40,5255,0,10269
114,1,0,0,6600,40,5256
4255646196,114,1,0,0,0,7100
1642933223,4255646196,114,0,1,0,0
5258,1609969100,500,-600,114,0,1
2629540,5259,12208,24062,500,-600,114
0,2630040,5260,0,12692,23559,500
1,0,9100,40,5261,0,13176
114,1,0,0,9600,40,5262
4255646196,114,1,0,0,0,10100
1445017406,4255646196,114,0,1,0,0
5264,1411987745,500,-600,114,0,1
2632540,5265,15108,21042,500,-600,114
0,2633040,5266,0,15590,20538,500
1,0,12100,40,5267,0,16072
114,1,0,0,12600,40,5268
4255646196,114,1,0,0,0,13100
1246970508,4255646196,114,0,1,0,0
5270,1213940845,500,-600,114,0,1
2635540,5271,17997,18019,500,-600,114
0,2636040,5272,0,18478,17516,500
1,0,15100,40,5273,0,18958
114,1,0,0,15600,40,5274
4255646196,114,1,0,0,0,16100
1048858060,4255646196,114,0,1,0,0
5276,1015893931,500,-600,114,0,1
2638540,5277,20873,14997,500,-600,114
0,2639040,5278,0,21352,14493,500
1,0,18100,40,5279,0,21830
114,1,0,0,18600,40,5280
4255646196,114,1,0,0,0,19100
850811136,4255646196,114,0,1,0,0
5282,817847005,500,-600,114,0,1
2641540,5283,23738,11976,500,-600,114
0,2642040,5284,0,24214,11472,500
1,0,21100,40,5285,0,24690
114,1,0,0,21600,40,5286
4255646196,114,1,0,0,0,22100
652960809,4255646196,114,0,1,0,0
5288,619996677,500,-600,114,0,1
2644540,5289,26592,8956,500,-600,114
0,2645040,5290,0,27066,8453,500
1,0,24100,40,5291,0,27541
114,1,0,0,24600,40,5292
4255646196,114,1,0,0,0,25100
455241545,4255646196,114,0,1,0,0
5294,422277411,500,-600,114,0,1
2647540,5295,29436,5940,500,-600,114
0,2648040,5296,0,29909,5438,500
1,0,27100,40,5297,0,30382
114,1,0,0,27600,40,5298
4255646196,114,1,0,0,0,28100
257784414,4255646196,114,0,1,0,0
5300,224885813,500,-600,114,0,1
2650540,5301,32269,2929,500,-600,114
0,2651040,5302,0,32740,2428,500
1,0,30100,40,5303,0,33211
114,1,0,0,30600,40,5304
4255646196,114,1,0,0,0,31100
60589417,4255646196,114,0,1,0,0
5306,27756351,500,-600,114,0,1
2653540,5307,-30443,-151,500,-600,114
0,2654040,5308,0,-29972,-653,500
1,0,-32436,40,5309,0,36033
114,1,0,0,-31936,40,5310
4255646196,114,1,0,0,0,34100
4153446507,4255646196,114,0,1,0,0
5312,4120547904,500,-600,114,0,1
2656540,5313,-27627,-3164,500,-600,114
0,2657040,5314,0,-27158,-3666,500
1,0,-29436,40,5315,0,38846
114,1,0,0,-28936,40,5316
4255646196,114,1,0,0,0,37100
3956054885,4255646196,114,0,1,0,0
5318,3923156280,500,-600,114,0,1
2659540,5319,-24820,-6176,500,-600,114
0,2660040,5320,0,-24354,-6678,500
1,0,-26436,40,5321,0,41649
114,1,0,0,-25936,40,5322
4255646196,114,1,0,0,0,40100
3758663253,4255646196,114,0,1,0,0
5324,3725764648,500,-600,114,0,1
2662540,5325,-22023,-9188,500,-600,114
0,2663040,5326,0,-21557,-9691,500
1,0,-23436,40,5327,0,44444
114,1,0,0,-22936,40,5328
4255646196,114,1,0,0,0,43100
3561140542,4255646196,114,0,1,0,0
5330,3528176398,500,-600,114,0,1
2665540,5331,-19233,-12204,500,-600,114
0,2666040,5332,0,-18769,-12706,500
1,0,-20436,40,5333,0,47231
114,1,0,0,-19936,40,5334
4255646196,114,1,0,0,0,46100
3363355678,4255646196,114,0,1,0,0
5336,3330391534,500,-600,114,0,1
2668540,5337,-16452,-15222,500,-600,114
0,2669040,5338,0,-15989,-15726,500
1,0,-17436,40,5339,0,50009
114,1,0,0,-16936,40,5340
4255646196,114,1,0,0,0,49100
3165374197,4255646196,114,0,1,0,0
5342,3132344514,500,-600,114,0,1
2671540,5343,-13680,-18245,500,-600,114
0,2672040,5344,0,-13220,-18749,500
1,0,-14436,40,5345,0,52776
114,1,0,0,-13936,40,5346
4255646196,114,1,0,0,0,52100
2967130559,4255646196,114,0,1,0,0
5348,2934100874,500,-600,114,0,1
2674540,5349,-10924,-21270,500,-600,114
0,2675040,5350,0,-10466,-21775,500
1,0,-11436,40,5351,0,55527
114,1,0,0,-10936,40,5352
4255646196,114,1,0,0,0,55100
2768821369,4255646196,114,0,1,0,0
5354,2735726145,500,-600,114,0,1
2677540,5355,-8184,-24297,500,-600,114
0,2678040,5356,0,-7728,-24801,500
1,0,-8436,40,5357,0,58263
114,1,0,0,-7936,40,5358
4255646196,114,1,0,0,0,58100
2570446627,4255646196,114,0,1,0,0
5360,2537416936,500,-600,114,0,1
2680540,5361,-5459,-27323,500,-600,114
0,2681040,5362,0,-5007,-27827,500
1,0,-5436,40,5363,0,60981
114,1,0,0,-4936,40,5364
4255646196,114,1,0,0,0,61100
2372202938,4255646196,114,0,1,0,0
5366,2339173244,500,-600,114,0,1
2683540,5367,-2755,-30348,500,-600,114
0,2684040,5368,0,-2306,-30852,500
1,0,-2436,40,5369,0,63678
114,1,0,0,-1936,40,5370
4255646196,114,1,0,0,0,64100
2174090301,4255646196,114,0,1,0,0
5372,2141060605,500,-600,114,0,1
2686540,5373,182,32165,500,-600,114
0,2687040,5374,0,632,31660,500
1,0,564,41,5375,0,1082
114,1,0,0,1064,41,5376
4255646196,114,1,0,0,0,1564
1975846845,4255646196,114,0,1,0,0
5378,1942751614,500,-600,114,0,1
2689540,5379,2879,29140,500,-600,114
0,2690040,5380,0,3328,28636,500
1,0,3564,41,5381,0,3776
114,1,0,0,4064,41,5382
4255646196,114,1,0,0,0,4564
1777537599,4255646196,114,0,1,0,0
5384,1744442367,500,-600,114,0,1
2692540,5385,5566,26113,500,-600,114
0,2693040,5386,0,6014,25609,500
1,0,6564,41,5387,0,6461
114,1,0,0,7064,41,5388
4255646196,114,1,0,0,0,7564
1579031739,4255646196,114,0,1,0,0
5390,1545870970,500,-600,114,0,1
2695540,5391,8250,23083,500,-600,114
0,2696040,5392,0,8698,22578,500
1,0,9564,41,5393,0,9145
114,1,0,0,10064,41,5394
4255646196,114,1,0,0,0,10564
1380263735,4255646196,114,0,1,0,0
5396,1347168502,500,-600,114,0,1
2698540,5397,10934,20050,500,-600,114
0,2699040,5398,0,11381,19545,500
1,0,12564,41,5399,0,11829
114,1,0,0,13064,41,5400
4255646196,114,1,0,0,0,13564
1181561269,4255646196,114,0,1,0,0
5402,1148466037,500,-600,114,0,1
2701540,5403,13622,17019,500,-600,114
0,2702040,5404,0,14070,16514,500
1,0,15564,41,5405,0,14519
114,1,0,0,16064,41,5406
4255646196,114,1,0,0,0,16564
983186488,4255646196,114,0,1,0,0
5408,950222330,500,-600,114,0,1
2704540,5409,16315,13996,500,-600,114
0,2705040,5410,0,16764,13494,500
1,0,18564,41,5411,0,17213
114,1,0,0,19064,41,5412
4255646196,114,1,0,0,0,19564
785860288,4255646196,114,0,1,0,0
5414,753092738,500,-600,114,0,1
2707540,5415,19011,10992,500,-600,114
0,2708040,5416,0,19461,10494,500
1,0,21564,41,5417,0,19911
114,1,0,0,22064,41,5418
4255646196,114,1,0,0,0,22564
590106954,4255646196,114,0,1,0,0
5420,557667083,500,-600,114,0,1
2710540,5421,21709,8015,500,-600,114
0,2711040,5422,0,22158,7522,500
1,0,24564,41,5423,0,22608
114,1,0,0,25064,41,5424
4255646196,114,1,0,0,0,25564
396385234,4255646196,114,0,1,0,0
5426,364273043,500,-600,114,0,1
2713540,5427,24404,5070,500,-600,114
0,2714040,5428,0,24852,4583,500
1,0,27564,41,5429,0,25300
114,1,0,0,28064,41,5430
4255646196,114,1,0,0,0,28564
204826197,4255646196,114,0,1,0,0
5432,173107220,500,-600,114,0,1
2716540,5433,27092,2158,500,-600,114
0,2717040,5434,0,27540,1675,500
1,0,30564,41,5435,0,27987
114,1,0,0,31064,41,5436
4255646196,114,1,0,0,0,31564
4268519632,4255646196,114,0,1,0,0
5438,4236472974,500,-600,114,0,1
2719540,5439,29773,-1381,500,-600,114
0,2720040,5440,0,30219,-1869,500
1,0,-31972,41,5441,0,30664
114,1,0,0,-31472,41,5442
4255646196,114,1,0,0,0,34564
4076698436,4255646196,114,0,1,0,0
5444,4044782849,500,-600,114,0,1
2722540,5445,32446,-4305,500,-600,114
0,2723040,5446,0,-32645,-4792,500
1,0,-28972,41,5447,0,33336
114,1,0,0,-28472,41,5448
4255646196,114,1,0,0,0,37564
3885073842,4255646196,114,0,1,0,0
5450,3853027182,500,-600,114,0,1
2725540,5451,-30421,-7232,500,-600,114
0,2726040,5452,0,-29976,-7722,500
1,0,-25972,41,5453,0,36005
114,1,0,0,-25472,41,5454
4255646196,114,1,0,0,0,40564
3692531742,4255646196,114,0,1,0,0
5456,3660288475,500,-600,114,0,1
2728540,5457,-27752,-10178,500,-600,114
0,2729040,5458,0,-27307,-10671,500
1,0,-22972,41,5459,0,38674
114,1,0,0,-22472,41,5460
4255646196,114,1,0,0,0,43564
3498285708,4255646196,114,0,1,0,0
5462,3465714762,500,-600,114,0,1
2731540,5463,-25080,-13151,500,-600,114
0,2732040,5464,0,-24635,-13650,500
1,0,-19972,41,5465,0,41347
114,1,0,0,-19472,41,5466
4255646196,114,1,0,0,0,46564
3302073599,4255646196,114,0,1,0,0
5468,3269174973,500,-600,114,0,1
2734540,5469,-22404,-16155,500,-600,114
0,2735040,5470,0,-21958,-16659,500
1,0,-16972,41,5471,0,44024
114,1,0,0,-16472,41,5472
4255646196,114,1,0,0,0,49564
3104026484,4255646196,114,0,1,0,0
5474,3070931250,500,-600,114,0,1
2737540,5475,-19728,-19185,500,-600,114
0,2738040,5476,0,-19282,-19691,500
1,0,-13972,41,5477,0,46699
114,1,0,0,-13472,41,5478
4255646196,114,1,0,0,0,52564
2904799716,4255646196,114,0,1,0,0
5480,2871573409,500,-600,114,0,1
2740540,5481,-17060,-22228,500,-600,114
0,2741040,5482,0,-16616,-22735,500
1,0,-10972,41,5483,0,49362
114,1,0,0,-10472,41,5484
4255646196,114,1,0,0,0,55564
2705245253,4255646196,114,0,1,0,0
5486,2671953404,500,-600,114,0,1
2743540,5487,-14412,-25273,500,-600,114
0,2744040,5488,0,-13974,-25780,500
1,0,-7972,41,5489,0,51998
114,1,0,0,-7472,41,5490
4255646196,114,1,0,0,0,58564
2505952901,4255646196,114,0,1,0,0
5492,2472792118,500,-600,114,0,1
2746540,5493,-11802,-28310,500,-600,114
0,2747040,5494,0,-11372,-28816,500
1,0,-4972,41,5495,0,54592
114,1,0,0,-4472,41,5496
4255646196,114,1,0,0,0,61564
2307315860,4255646196,114,0,1,0,0
5498,2274286140,500,-600,114,0,1
2749540,5499,-9246,-31339,500,-600,114
0,2750040,5500,0,-8826,-31843,500
1,0,-1972,41,5501,0,57128
114,1,0,0,-1472,41,5502
4255646196,114,1,0,0,0,64564
2109071976,4255646196,114,0,1,0,0
5504,2076042245,500,-600,114,0,1
2752540,5505,-6752,31173,500,-600,114
0,2753040,5506,0,-6343,30669,500
1,0,1028,42,5507,0,59600
114,1,0,0,1528,42,5508
4255646196,114,1,0,0,0,2028
1910696953,4255646196,114,0,1,0,0
5510,1877601675,500,-600,114,0,1
2755540,5511,-4325,28143,500,-600,114
0,2756040,5512,0,-3927,27637,500
1,0,4028,42,5513,0,62006
114,1,0,0,4528,42,5514
4255646196,114,1,0,0,0,5028
1711535435,32768000,104,0,0,0,0
5516,1679423186,500,0,116,0,0
2758558,5517,-1959,25160,500,0,131
0,2759058,5518,0,-1570,24717,500
0,0,7046,42,5519,0,64353
143,0,0,0,7546,42,5520
500,147,0,0,0,0,8046
1541670124,500,155,0,0,0,0
5522,1518601854,500,0,165,0,0
2761558,5523,2063,22842,500,0,167
0,2762058,5524,0,2463,22536,500
0,0,10046,42,5525,0,2864
176,0,0,0,10546,42,5526
500,181,0,0,0,0,11046
1425542735,20120052,180,0,0,0,0
5528,1412108255,500,259,180,0,0
2764558,5529,4463,21380,500,0,183
0,2765058,5530,0,4863,21241,500
0,0,13046,42,5531,0,5263
188,0,0,0,13546,42,5532
32768441,186,0,0,0,0,14046
1386551216,32768063,182,0,0,0,0
5534,1395202369,500,0,193,0,0
2767558,5535,6866,21471,500,0,202
0,2768058,5536,0,7269,21676,500
0,0,16046,42,5537,0,7672
209,0,0,0,16546,42,5538
500,217,0,0,0,0,17046
1475879202,500,231,0,0,0,0
5540,1495409338,500,0,240,0,0
2770558,5541,9299,23116,500,0,253
0,2771058,5542,0,9711,23415,500
0,0,19046,42,5543,0,10124
270,0,0,0,19546,42,5544
500,279,0,0,0,0,20046
1593518797,500,294,0,0,0,0
5546,1613245553,500,0,313,0,0
2773558,5547,11799,24918,500,0,317
0,2774058,5548,0,12224,25220,500
0,0,22046,42,5549,0,12651
339,0,0,0,22546,42,5550
500,346,0,0,0,0,23046
1712338119,500,347,0,0,0,0
5552,1732195960,500,0,354,0,0
2776558,5553,14380,26735,500,0,355
0,2777058,5554,0,14818,27039,500
0,0,25046,42,5555,0,15258
361,0,0,0,25546,42,5556
500,365,0,0,0,0,26046
1831943952,32768000,354,0,0,0,0
5558,1852588238,500,0,354,0,0
2779558,5559,17038,28575,500,0,356
0,2780058,5560,0,17488,28882,500
0,0,28046,42,5561,0,17939
368,0,0,0,28546,42,5562
1704436,367,0,0,0,0,29046
1953384862,500,376,0,0,0,0
5564,1973570406,244,500,371,0,0
2782558,5565,19759,30431,500,0,380
0,2783058,5566,0,20217,30742,500
0,0,31046,42,5567,0,20676
398,0,0,0,31546,42,5568
500,406,0,0,0,0,32046
2075874396,500,410,0,0,0,0
5570,2096322089,500,0,421,0,0
2785558,5571,22520,32299,500,0,440
0,2786058,5572,0,22982,32612,500
0,0,-31490,42,5573,0,23444
456,0,0,0,-30990,42,5574
500,470,0,0,0,0,35046
2199019315,500,484,0,0,0,0
5576,2219598081,500,0,491,0,0
2788558,5577,25296,-31352,500,0,498
0,2789058,5578,0,25760,-31037,500
0,0,-28490,42,5579,0,26222
518,0,0,0,-27990,42,5580
500,530,0,0,0,0,38046
2323343883,32768000,516,0,0,0,0
5582,2344774618,500,0,543,0,0
2791558,5583,28072,-29439,486,500,537
0,2792058,5584,0,28535,-29111,500
0,0,-25490,42,5585,0,28999
541,0,0,0,-24990,42,5586
32768000,528,0,0,0,0,41046
2451272932,500,528,0,0,0,0
5588,2472638131,500,0,533,0,0
2794558,5589,30851,-27480,500,0,536
0,2795058,5590,0,31314,-27152,500
0,0,-22490,42,5591,0,31778
527,0,0,0,-21990,42,5592
500,544,0,0,0,0,44046
2580905923,500,562,0,0,0,0
5594,2602664339,0,500,553,0,0
2797558,5595,-31900,-25483,500,0,565
0,2798058,5596,0,-31433,-25148,500
0,0,-19490,42,5597,0,34570
585,0,0,0,-18990,42,5598
32768000,576,0,0,0,0,47046
2713422513,500,607,0,0,0,0
5600,2735639686,500,0,609,0,0
2800558,5601,-29091,-23454,500,0,622
0,2801058,5602,0,-28619,-23113,500
0,0,-16490,42,5603,0,37388
622,0,0,0,-15990,42,5604
500,644,0,0,0,0,50046
2847577538,500,645,0,0,0,0
5606,2870122397,500,0,668,0,0
2803558,5607,-26246,-21398,500,0,680
0,2804058,5608,0,-25767,-21054,500
0,0,-13490,42,5609,0,40249
692,0,0,0,-12990,42,5610
500,701,0,0,0,0,53046
2983174395,500,707,0,0,0,0
5612,3005850334,237,500,699,0,0
2806558,5613,-23358,-19318,500,0,712
0,2807058,5614,0,-22872,-18971,500
0,0,-10490,42,5615,0,43150
721,0,0,0,-9990,42,5616
32768000,707,0,0,0,0,56046
3120409693,500,713,0,0,0,0
5618,3143216709,500,383,707,0,0
2809558,5619,-20434,-17228,0,500,696
0,2810058,5620,0,-19944,-16874,500
0,0,-7490,42,5621,0,46081
717,0,0,0,-6990,42,5622
32440820,710,0,0,0,0,59046
3257513939,500,730,0,0,0,0
5624,3280124347,0,500,717,0,0
2812558,5625,-17502,-15137,500,0,729
0,2813058,5626,0,-17016,-14793,500
0,0,-4490,42,5627,0,49005
746,0,0,0,-3990,42,5628
500,751,0,0,0,0,62046
3392521006,500,747,0,0,0,0
5630,3414607115,500,0,762,0,0
2815558,5631,-14620,-13099,500,0,763
0,2816058,5632,0,-14150,-12767,500
0,0,-1490,42,5633,0,51852
781,0,0,0,-990,42,5634
32768000,765,0,0,0,0,65046
3523202596,500,776,0,0,0,0
5636,3544436713,500,20,771,0,0
2818558,5637,-11863,-11132,500,0,773
0,2819058,5638,0,-11419,-10814,0
0,0,1510,43,5639,0,54555
751,0,0,0,2010,43,5640
500,747,0,0,0,0,2510
3648182391,32768000,723,0,0,0,0
5642,3668630045,500,0,729,0,0
2821558,5643,-9283,-9253,0,500,718
0,2822058,5644,0,-8872,-8946,0
0,0,4510,43,5645,0,57069
698,0,0,0,5010,43,5646
32768000,664,0,0,0,0,5510
3767853576,500,662,0,0,0,0
5648,3786990477,0,500,648,0,0
2824558,5649,-6898,-7461,500,0,646
0,2825058,5650,0,-6519,-7174,0
0,0,7510,43,5651,0,59391
611,0,0,0,8010,43,5652
32768000,601,0,0,0,0,8510
3881036511,32768105,593,0,0,0,0
5654,3899649096,500,0,606,0,0
2827558,5655,-4689,-5758,500,0,605
0,2828058,5656,0,-4335,-5485,197
0,0,10510,43,5657,0,61552
610,0,0,0,11010,43,5658
8651252,606,0,0,0,0,11510
3988321062,10224116,602,0,0,0,0
5660,4005557374,500,0,607,0,0
2830558,5661,-2605,-4156,500,0,615
0,2831058,5662,0,2568,-3896,500
0,0,13510,43,5663,0,2932
630,0,0,0,14010,43,5664
500,629,0,0,0,0,14510
4089908810,500,630,0,0,0,0
5666,4106555318,500,0,640,0,0
2833558,5667,4386,-2623,500,0,648
0,2834058,5668,0,4750,2610,0
0,0,16510,43,5669,0,5117
637,0,0,0,17010,43,5670
32768000,628,0,0,0,0,17510
225515232,32768000,618,0,0,0,0
5672,243800150,500,0,630,0,0
2836558,5673,6607,3996,0,500,614
0,2837058,5674,0,6987,4274,500
0,0,19510,43,5675,0,7372
606,0,0,0,20010,43,5676
32768000,590,0,0,0,0,20510
335028185,393716,587,0,0,0,0
5678,353378664,0,500,577,0,0
2839558,5679,8956,5677,500,0,579
0,2840058,5680,0,9366,5960,0
0,0,22510,43,5681,0,9781
548,0,0,0,23010,43,5682
32768000,536,0,0,0,0,23510
447424903,32768000,517,0,0,0,0
5684,466758458,500,0,525,0,0
2842558,5685,11507,7418,0,500,507
0,2843058,5686,0,11955,7719,500
0,0,25510,43,5687,0,12410
505,0,0,0,26010,43,5688
32768000,486,0,0,0,0,26510
566178843,7537140,483,0,0,0,0
5690,586692085,500,478,478,0,0
2845558,5691,14293,9269,500,0,490
0,2846058,5692,0,14779,9590,0
0,0,28510,43,5693,0,15271
479,0,0,0,29010,43,5694
500,489,0,0,0,0,29510
693256078,32768000,472,0,0,0,0
5696,715473288,500,330,468,0,0
2848558,5697,17287,11259,500,0,493
0,2849058,5698,0,17800,11606,464
0,0,31510,43,5699,0,18318
497,0,0,0,32010,43,5700
32768000,487,0,0,0,0,32510
830753696,500,496,0,0,0,0
5702,854674860,0,500,485,0,0
2851558,5703,20409,13412,500,0,503
0,2852058,5704,0,20936,13787,500
0,0,-31026,43,5705,0,21463
506,0,0,0,-30526,43,5706
32768101,499,0,0,0,0,35510
978868213,500,502,0,0,0,0
5708,1004493316,0,500,485,0,0
2854558,5709,23570,15722,500,0,488
0,2855058,5710,0,24096,16120,500
0,0,-28026,43,5711,0,24620
473,0,0,0,-27526,43,5712
500,493,0,0,0,0,38510
1136026689,32768000,470,0,0,0,0
5714,1163028043,500,0,468,0,0
2857558,5715,26707,18159,500,0,486
0,2858058,5716,0,27225,18574,0
0,0,-25026,43,5717,0,27742
450,0,0,0,-24526,43,5718
32768000,437,0,0,0,0,41510
1299869797,500,444,0,0,0,0
5720,1327526503,76,500,438,0,0
2860558,5721,29801,20680,0,500,426
0,2861058,5722,0,30313,21106,0
0,0,-22026,43,5723,0,30825
411,0,0,0,-21526,43,5724
32768000,404,0,0,0,0,44510
1467055209,32768000,393,0,0,0,0
5726,1495105128,500,0,392,0,0
2863558,5727,-32664,23241,0,500,384
0,2864058,5728,0,-32152,23668,500
0,0,-19026,43,5729,0,33897
390,0,0,0,-18526,43,5730
32768000,357,0,0,0,0,47510
1635092587,500,369,0,0,0,0
5732,1662945902,0,500,361,0,0
2866558,5733,-29582,25800,183,500,356
0,2867058,5734,0,-29065,26226,500
0,0,-16026,43,5735,0,36990
358,0,0,0,-15526,43,5736
500,364,0,0,0,0,50510
1802212497,20185588,361,0,0,0,0
5738,1829869213,500,0,362,0,0
2869558,5739,-26453,28343,27,500,356
0,2870058,5740,0,-25925,28766,500
0,0,-13026,43,5741,0,40141
353,0,0,0,-12526,43,5742
500,365,0,0,0,0,53510
1967956215,32768000,359,0,0,0,0
5744,1995481871,500,0,369,0,0
2872558,5745,-23255,30869,500,0,370
0,2873058,5746,0,-22716,31289,0
0,0,-10026,43,5747,0,43361
364,0,0,0,-9526,43,5748
500,370,0,0,0,0,56510
2133241245,32768000,355,0,0,0,0
5750,2160897980,500,0,371,0,0
2875558,5751,-20006,-32143,0,500,364
0,2876058,5752,0,-19464,-31720,427
0,0,-7026,43,5753,0,46613
370,0,0,0,-6526,43,5754
32768000,355,0,0,0,0,59510
2299640393,500,361,0,0,0,0
5756,2327559263,0,500,350,0,0
2878558,5757,-16783,-29593,500,0,350
0,2879058,5758,0,-16258,-29165,500
0,0,-4026,43,5759,0,49798
342,0,0,0,-3526,43,5760
500,343,0,0,0,0,62510
2468464259,32768000,320,0,0,0,0
5762,2496907382,500,0,330,0,0
2881558,5763,-13726,-27001,500,0,330
0,2882058,5764,0,-13243,-26564,500
0,0,-1026,43,5765,0,52766
334,0,0,0,-526,43,5766
32768157,329,0,0,0,0,65510
2640761267,32768000,312,0,0,0,0
5768,2669859695,0,500,305,0,0
2884558,5769,-10977,-24351,0,500,291
0,2885058,5770,0,-10554,-23902,500
0,0,1974,44,5771,0,55394
291,0,0,0,2474,44,5772
500,293,0,0,0,0,2974
2817383289,32768000,280,0,0,0,0
5774,2847202550,500,0,280,0,0
2887558,5775,-8600,-21636,500,0,286
0,2888058,5776,0,-8240,-21180,0
0,0,4974,44,5777,0,57646
267,0,0,0,5474,44,5778
2097652,267,0,0,0,0,5974
2997019601,500,275,0,0,0,0
5780,3026969878,0,500,258,0,0
2890558,5781,-6573,-18892,500,0,264
0,2891058,5782,0,-6262,-18437,0
0,0,7974,44,5783,0,59577
241,0,0,0,8474,44,5784
500,257,0,0,0,0,8974
3175672585,32768000,251,0,0,0,0
5786,3204967465,500,0,255,0,0
2893558,5787,-4794,-16189,0,500,249
0,2894058,5788,0,-4513,-15750,0
0,0,10974,44,5789,0,61302
242,0,0,0,11474,44,5790
32768000,235,0,0,0,0,11974
3347452018,500,250,0,0,0,0
5792,3374911900,0,500,239,0,0
2896558,5793,4805,-13625,0,500,233
0,2897058,5794,0,5102,-13219,500
0,0,13974,44,5795,0,5402
251,0,0,0,14474,44,5796
32768000,242,0,0,0,0,14974
3505723258,7799284,242,0,0,0,0
5798,3530365102,500,310,240,0,0
2899558,5799,6632,-11299,0,500,233
0,2900058,5800,0,6950,-10939,500
0,0,16974,44,5801,0,7273
237,0,0,0,17474,44,5802
32768000,231,0,0,0,0,17974
3645579014,500,243,0,0,0,0
5804,3666944095,0,500,230,0,0
2902558,5805,8641,-9264,0,500,222
0,2903058,5806,0,9005,-8954,500
0,0,19974,44,5807,0,9377
227,0,0,0,20474,44,5808
500,233,0,0,0,0,20974
3766167464,32768000,228,0,0,0,0
5810,3784583484,0,500,218,0,0
2905558,5811,10971,-7513,500,0,221
0,2906058,5812,0,11397,-7246,500
0,0,22974,44,5813,0,11835
233,0,0,0,23474,44,5814
500,236,0,0,0,0,23974
3870437832,32768000,222,0,0,0,0
5816,3886560160,356,500,219,0,0
2908558,5817,13698,-5991,500,0,231
0,2909058,5818,0,14191,-5755,187
0,0,25974,44,5819,0,14693
228,0,0,0,26474,44,5820
32768082,224,0,0,0,0,26974
3963108718,32768000,211,0,0,0,0
5822,3977854846,500,0,218,0,0
2911558,5823,16790,-4617,0,500,200
0,2912058,5824,0,17331,-4395,500
0,0,28974,44,5825,0,17878
213,0,0,0,29474,44,5826
32768000,197,0,0,0,0,29974
321800744,20185588,196,0,0,0,0
5828,337595477,500,0,197,0,0
2914558,5829,20100,5392,500,0,201
0,2915058,5830,0,20660,5634,0
0,0,31974,44,5831,0,21221
184,0,0,0,32474,44,5832
500,194,0,0,0,0,32974
417748806,12583412,193,0,0,0,0
5834,434329973,0,500,171,0,0
2917558,5835,23459,6884,500,0,172
0,2918058,5836,0,24015,7145,500
0,0,-30562,44,5837,0,24568
168,0,0,0,-30062,44,5838
500,178,0,0,0,0,35974
521626694,32768104,174,0,0,0,0
5840,540173929,0,500,169,0,0
2920558,5841,26762,8532,0,500,151
0,2921058,5842,0,27306,8829,500
0,0,-27562,44,5843,0,27848
158,0,0,0,-27062,44,5844
500,159,0,0,0,0,38974
640250108,500,162,0,0,0,0
5846,661877524,0,500,150,0,0
2923558,5847,29994,10438,500,0,155
0,2924058,5848,0,30526,10786,0
0,0,-24562,44,5849,0,31059
151,0,0,0,-24062,44,5850
500,153,0,0,0,0,41974
779124089,32768370,151,0,0,0,0
5852,804487051,0,500,145,0,0
2926558,5853,-32354,12672,0,500,137
0,2927058,5854,0,-31823,13078,500
0,0,-21562,44,5855,0,34244
136,0,0,0,-21062,44,5856
500,137,0,0,0,0,44974
940607982,500,139,0,0,0,0
5858,969575428,500,424,138,0,0
2929558,5859,-29157,15243,0,500,131
0,2930058,5860,0,-28618,15699,500
0,0,-18562,44,5861,0,37458
130,0,0,0,-18062,44,5862
32768000,104,0,0,0,0,47974
1121162895,500,111,0,0,0,0
5864,1152620722,500,0,116,0,0
2932558,5865,-25896,18071,500,0,126
0,2933058,5866,0,-25345,18558,500
0,0,-15562,44,5867,0,40745
129,0,0,0,-15062,44,5868
32768000,116,0,0,0,0,50974
1312990086,500,133,0,0,0,0
5870,1345430967,500,0,138,0,0
2935558,5871,-22549,21025,0,500,123
0,2936058,5872,0,-21983,21521,500
0,0,-12562,44,5873,0,44120
123,0,0,0,-12062,44,5874
32768000,114,0,0,0,0,53974
1507766472,500,123,0,0,0,0
5876,1540076287,0,500,110,0,0
2938558,5877,-19147,23991,500,0,117
0,2939058,5878,0,-18582,24482,500
0,0,-9562,44,5879,0,47515
118,0,0,0,-9062,44,5880
500,127,0,0,0,0,56974
1700314608,32768000,113,0,0,0,0
5882,1732034577,500,0,123,0,0
2941558,5883,-15829,26909,0,500,113
0,2942058,5884,0,-15300,27390,0
0,0,-6562,44,5885,0,50756
122,0,0,0,-6062,44,5886
500,131,0,0,0,0,59974
1888995890,32768000,120,0,0,0,0
5888,1920191511,500,305,120,0,0
2944558,5889,-12818,29773,500,0,127
0,2945058,5890,0,-12360,30246,0
0,0,-3562,44,5891,0,53619
112,0,0,0,-3062,44,5892
500,125,0,0,0,0,62974
2075055294,32768000,105,0,0,0,0
5894,2105988685,500,0,107,0,0
2947558,5895,-10290,32605,500,0,114
0,2948058,5896,0,-9920,-32460,500
0,0,-562,44,5897,0,55972
103,0,0,0,-62,44,5898
500,109,0,0,0,0,438
2260589890,500,113,0,0,0,0
5900,2291654270,384,500,111,0,0
2950558,5901,-8275,-30094,500,0,117
0,2951058,5902,0,-7983,-29619,0
0,0,2438,45,5903,0,57835
104,0,0,0,2938,45,5904
500,107,0,0,0,0,3438
2448155650,500,118,0,0,0,0
5906,2479809792,0,500,111,0,0
2953558,5907,-6666,-27213,500,0,116
0,2954058,5908,0,-6425,-26726,500
0,0,5438,45,5909,0,59345
99,0,0,0,5938,45,5910
32768000,94,0,0,0,0,6438
2640177559,500,104,0,0,0,0
5912,2672749173,0,500,99,0,0
2956558,5913,-5296,-24255,0,500,91
0,2957058,5914,0,5180,-23753,500
0,0,8438,45,5915,0,5415
100,0,0,0,8938,45,5916
32768053,97,0,0,0,0,9438
2837714683,500,99,0,0,0,0
5918,2871138281,500,0,104,0,0
2959558,5919,6361,-21216,393,500,102
0,2960058,5920,0,6604,-20705,0
0,0,11438,45,5921,0,6851
99,0,0,0,11938,45,5922
500,102,0,0,0,0,12438
3038518468,32768296,100,0,0,0,0
5924,3071942095,0,500,90,0,0
2962558,5925,7906,-18155,500,0,98
0,2963058,5926,0,8190,-17652,0
0,0,14438,45,5927,0,8484
102,0,0,0,14938,45,5928
13304308,103,0,0,0,0,15438
3235324816,32768000,95,0,0,0,0
5930,3266979032,500,0,107,0,0
2965558,5931,9773,-15212,0,500,88
0,2966058,5932,0,10127,-14746,500
0,0,17438,45,5933,0,10496
100,0,0,0,17938,45,5934
32768040,96,0,0,0,0,18438
3416337421,32768000,91,0,0,0,0
5936,3444125099,53,500,88,0,0
2968558,5937,12120,-12571,35,500,85
0,2969058,5938,0,12564,-12170,0
0,0,20438,45,5939,0,13023
83,0,0,0,20938,45,5940
500,87,0,0,0,0,21438
3571136161,500,108,0,0,0,0
5942,3593943189,0,500,85,0,0
2971558,5943,14998,-10360,500,0,93
0,2972058,5944,0,15524,-10037,0
0,0,23438,45,5945,0,16059
79,0,0,0,23938,45,5946
500,85,0,0,0,0,24438
3696050949,32768000,72,0,0,0,0
5948,3714204981,500,0,82,0,0
2974558,5949,18282,-8597,0,500,76
0,2975058,5950,0,18851,-8341,0
0,0,26438,45,5951,0,19424
72,0,0,0,26938,45,5952
500,87,0,0,0,0,27438
3794948192,32768000,82,0,0,0,0
5954,3809432224,0,500,73,0,0
2977558,5955,21728,-7196,500,0,82
0,2978058,5956,0,22303,-6989,0
0,0,29438,45,5957,0,22876
64,0,0,0,29938,45,5958
500,83,0,0,0,0,30438
3875560912,32768000,70,0,0,0,0
5960,3887882247,500,0,81,0,0
2980558,5961,25146,-6028,248,500,79
0,2981058,5962,0,25707,-5846,20
0,0,32438,45,5963,0,26265
69,0,0,0,-32598,45,5964
500,88,0,0,0,0,33438
377449196,32768000,74,0,0,0,0
5966,390098194,487,500,73,0,0
2983558,5967,28470,6146,385,500,72
0,2984058,5968,0,29014,6342,500
0,0,-30098,45,5969,0,29557
80,0,0,0,-29598,45,5970
32768000,70,0,0,0,0,36438
455243695,32768000,57,0,0,0,0
5972,468875722,500,0,64,0,0
2986558,5973,31715,7368,500,0,69
0,2987058,5974,0,32254,7588,500
0,0,-27098,45,5975,0,32790
70,0,0,0,-26598,45,5976
32768000,62,0,0,0,0,39438
543261768,32768000,56,0,0,0,0
5978,559646307,500,0,79,0,0
2989558,5979,-30595,8798,0,500,65
0,2990058,5980,0,-30055,9067,500
0,0,-24098,45,5981,0,36023
65,0,0,0,-23598,45,5982
262644,66,0,0,0,0,42438
651596024,32768018,63,0,0,0,0
5984,672305947,500,0,73,0,0
2992558,5985,-27326,10587,127,500,70
0,2993058,5986,0,-26773,10928,0
0,0,-21098,45,5987,0,39319
64,0,0,0,-20598,45,5988
32768000,60,0,0,0,0,45438
788897272,500,72,0,0,0,0
5990,814981166,500,0,75,0,0
2995558,5991,-23962,12846,500,0,78
0,2996058,5992,0,-23392,13270,0
0,0,-18098,45,5993,0,42719
61,0,0,0,-17598,45,5994
500,71,0,0,0,0,48438
958311265,27656692,71,0,0,0,0
5996,989375908,500,0,73,0,0
2998558,5997,-20503,15579,0,500,53
0,2999058,5998,0,-19923,16073,500
0,0,-15098,45,5999,0,46192
65,0,0,0,-14598,45,6000
500,73,0,0,0,0,51438
1153480944,500,89,0,0,0,0
6002,1187625770,0,500,81,0,0
3001558,6003,-17059,18647,0,500,56
0,3002058,6004,0,-16502,19175,500
0,0,-12098,45,6005,0,49582
70,0,0,0,-11598,45,6006
32768000,66,0,0,0,0,54438
1361364437,500,68,0,0,0,0
6008,1396295638,500,0,74,0,0
3004558,6009,-13879,21837,500,0,77
0,3005058,6010,0,-13396,22368,0
0,0,-9098,45,6011,0,52608
69,0,0,0,-8598,45,6012
500,71,0,0,0,0,57438
1569706228,27656692,71,0,0,0,0
6014,1603981971,500,0,82,0,0
3007558,6015,-11231,24995,221,500,79
0,3008058,6016,0,-10850,25513,0
0,0,-6098,45,6017,0,55048
70,0,0,0,-5598,45,6018
32768420,69,0,0,0,0,60438
1773001130,32768119,66,0,0,0,0
6020,1806359267,500,0,68,0,0
3010558,6021,-9205,28069,490,500,68
0,3011058,6022,0,-8922,28573,500
0,0,-3098,45,6023,0,56882
76,0,0,0,-2598,45,6024
500,78,0,0,0,0,63438
1971183653,500,80,0,0,0,0
6026,2003886349,500,202,81,0,0
3013558,6027,-7700,31074,202,500,79
0,3014058,6028,0,-7488,31571,500
0,0,-98,45,6029,0,58252
67,0,0,0,402,46,6030
500,81,0,0,0,0,902
2166678801,500,91,0,0,0,0
6032,2199184842,0,500,84,0,0
3016558,6033,-6529,-31483,0,500,79
0,3017058,6034,0,-6351,-30985,0
0,0,2902,46,6035,0,59360
82,0,0,0,3402,46,6036
500,94,0,0,0,0,3902
2362710079,32768000,83,0,0,0,0
6038,2395674873,500,0,88,0,0
3019558,6039,6580,-28476,0,500,72
0,3020058,6040,0,6769,-27968,500
0,0,5902,46,6041,0,6961
88,0,0,0,6402,46,6042
32768000,80,0,0,0,0,6902
2562792639,500,86,0,0,0,0
6044,2596674959,0,500,75,0,0
3022558,6045,7782,-25393,471,500,74
0,3023058,6046,0,8005,-24869,500
0,0,8902,46,6047,0,8237
76,0,0,0,9402,46,6048
500,93,0,0,0,0,9902
2769166878,32768318,91,0,0,0,0
6050,2804228904,0,500,87,0,0
3025558,6051,9279,-22210,500,401,87
0,3026058,6052,0,9573,-21670,500
0,0,11902,46,6053,0,9881
88,0,0,0,12402,46,6054
500,90,0,0,0,0,12902
2981243185,500,95,0,0,0,0
6056,3016698519,298,500,93,0,0
3028558,6057,11278,-18965,500,0,96
0,3029058,6058,0,11671,-18428,0
0,0,14902,46,6059,0,12082
96,0,0,0,15402,46,6060
500,103,0,0,0,0,15902
3191354015,27132404,102,0,0,0,0
6062,3225236591,500,0,105,0,0
3031558,6063,13904,-15816,0,500,89
0,3032058,6064,0,14402,-15317,500
0,0,17902,46,6065,0,14913
113,0,0,0,18402,46,6066
32768000,96,0,0,0,0,18902
3384622697,500,111,0,0,0,0
6068,3414048910,0,500,102,0,0
3034558,6069,17083,-13008,500,0,117
0,3035058,6070,0,17649,-12590,0
0,0,20902,46,6071,0,18221
116,0,0,0,21402,46,6072
32768000,108,0,0,0,0,21902
3545910195,26739188,107,0,0,0,0
6074,3569110521,500,0,117,0,0
3037558,6075,20545,-10739,0,500,102
0,3038058,6076,0,21129,-10417,500
0,0,23902,46,6077,0,21711
101,0,0,0,24402,46,6078
500,116,0,0,0,0,24902
3669580120,32768000,104,0,0,0,0
6080,3686816664,500,0,110,0,0
3040558,6081,24021,-9031,500,409,109
0,3041058,6082,0,24592,-8794,0
0,0,26902,46,6083,0,25160
114,0,0,0,27402,46,6084
32768000,106,0,0,0,0,27902
3760809643,500,111,0,0,0,0
6086,3773589721,500,0,113,0,0
3043558,6087,27396,-7770,500,334,113
0,3044058,6088,0,27947,-7592,500
0,0,29902,46,6089,0,28495
112,0,0,0,30402,46,6090
500,114,0,0,0,0,30902
3830018962,32768000,110,0,0,0,0
6092,3840177583,88,500,107,0,0
3046558,6093,30667,-6788,500,0,118
0,3047058,6094,0,31207,-6639,0
0,0,-32634,46,6095,0,31746
110,0,0,0,-32134,46,6096
500,118,0,0,0,0,33902
427327540,500,129,0,0,0,0
6098,437551694,0,500,106,0,0
3049558,6099,-31640,6834,0,500,98
0,3050058,6100,0,-31101,6993,500
0,0,-29634,46,6101,0,34973
115,0,0,0,-29134,46,6102
15598068,115,0,0,0,0,36902
490900697,32768311,113,0,0,0,0
6104,502435577,500,0,121,0,0
3052558,6105,-28389,7847,500,0,123
0,3053058,6106,0,-27840,8035,0
0,0,-26634,46,6107,0,38248
111,0,0,0,-26134,46,6108
32768455,110,0,0,0,0,39902
566991295,500,119,0,0,0,0
6110,581737457,0,500,109,0,0
3055558,6111,-25050,9113,500,0,126
0,3056058,6112,0,-24483,9361,0
0,0,-23634,46,6113,0,41624
117,0,0,0,-23134,46,6114
500,120,0,0,0,0,42902
667723545,32768000,109,0,0,0,0
6116,687712605,0,500,105,0,0
3058558,6117,-21597,10815,500,0,119
0,3059058,6118,0,-21012,11152,500
0,0,-20634,46,6119,0,45109
121,0,0,0,-20134,46,6120
500,128,0,0,0,0,45902
803845318,32768024,124,0,0,0,0
6122,830387981,158,500,121,0,0
3061558,6123,-18097,13092,0,500,115
0,3062058,6124,0,-17523,13530,500
0,0,-17634,46,6125,0,48579
130,0,0,0,-17134,46,6126
32768000,120,0,0,0,0,48902
978829846,500,122,0,0,0,0
6128,1011336239,500,0,125,0,0
3064558,6129,-14791,15938,339,500,123
0,3065058,6130,0,-14282,16455,500
0,0,-14634,46,6131,0,51747
111,0,0,0,-14134,46,6132
500,123,0,0,0,0,51902
1183370694,500,136,0,0,0,0
6134,1219088251,500,417,135,0,0
3067558,6135,-12003,19149,94,500,132
0,3068058,6136,0,-11605,19700,500
0,0,-11634,46,6137,0,54309
132,0,0,0,-11134,46,6138
500,137,0,0,0,0,54902
1399772895,32768000,133,0,0,0,0
6140,1435883551,500,0,148,0,0
3070558,6141,-9906,22459,0,500,127
0,3071058,6142,0,-9622,23006,500
0,0,-8634,46,6143,0,56183
151,0,0,0,-8134,46,6144
32768094,147,0,0,0,0,57902
1614404961,23134708,147,0,0,0,0
6146,1649532481,124,500,143,0,0
3073558,6147,-8428,25703,500,0,149
0,3074058,6148,0,-8228,26233,500
0,0,-5634,46,6149,0,57497
165,0,0,0,-5134,46,6150
500,166,0,0,0,0,60902
1822417400,32768391,164,0,0,0,0
6152,1856430748,500,0,168,0,0
3076558,6153,-7366,28844,500,0,172
0,3077058,6154,0,-7214,29359,0
0,0,-2634,46,6155,0,58470
176,0,0,0,-2134,46,6156
500,184,0,0,0,0,63902
2024793476,500,187,0,0,0,0
6158,2058164757,0,500,176,0,0
3079558,6159,6826,31914,500,0,191
0,3080058,6160,0,6976,32422,0
0,0,366,47,6161,0,7127
190,0,0,0,866,47,6162
32768000,181,0,0,0,0,1366
2224889104,500,189,0,0,0,0
6164,2258312626,500,0,197,0,0
3082558,6165,7771,-30566,500,17,197
0,3083058,6166,0,7946,-30054,500
0,0,3366,47,6167,0,8129
210,0,0,0,3866,47,6168
32768000,200,0,0,0,0,4366
2426609995,500,212,0,0,0,0
6170,2460688927,0,500,204,0,0
3085558,6171,8960,-27467,0,500,188
0,3086058,6172,0,9198,-26942,500
0,0,6366,47,6173,0,9451
223,0,0,0,6866,47,6174
32768000,217,0,0,0,0,7366
2633639698,500,222,0,0,0,0
6176,2668898368,232,500,219,0,0
3088558,6177,10623,-24272,0,500,207
0,3089058,6178,0,10962,-23728,500
0,0,9366,47,6179,0,11319
219,0,0,0,9866,47,6180
32768214,215,0,0,0,0,10366
2848075582,500,225,0,0,0,0
6182,2884382943,0,500,213,0,0
3091558,6183,12948,-20967,500,0,232
0,3092058,6184,0,13405,-20410,500
0,0,12366,47,6185,0,13880
227,0,0,0,12866,47,6186
500,229,0,0,0,0,13366
3066772002,28967412,227,0,0,0,0
6188,3102948399,500,0,234,0,0
3094558,6189,15945,-17642,0,500,227
0,3095058,6190,0,16495,-17101,500
0,0,15366,47,6191,0,17055
232,0,0,0,15866,47,6192
500,242,0,0,0,0,16366
3277473559,32768000,237,0,0,0,0
6194,3310438748,102,500,232,0,0
3097558,6195,19363,-14533,500,0,233
0,3098058,6196,0,19950,-14058,500
0,0,18366,47,6197,0,20537
225,0,0,0,18866,47,6198
500,230,0,0,0,0,19366
3460584653,500,237,0,0,0,0
6200,3487258389,500,0,244,0,0
3100558,6201,22874,-11937,500,494,241
0,3101058,6202,0,23452,-11567,0
0,0,21366,47,6203,0,24027
242,0,0,0,21866,47,6204
32768000,234,0,0,0,0,22366
3602211407,500,235,0,0,0,0
6206,3621676163,500,0,246,0,0
3103558,6207,26292,-9995,0,500,230
0,3104058,6208,0,26850,-9732,500
0,0,24366,47,6209,0,27404
236,0,0,0,24866,47,6210
500,245,0,0,0,0,25366
3702943575,32768000,232,0,0,0,0
6212,3716444538,500,0,242,0,0
3106558,6213,29593,-8635,493,500,239
0,3107058,6214,0,30134,-8453,500
0,0,27366,47,6215,0,30675
233,0,0,0,27866,47,6216
500,242,0,0,0,0,28366
3773135879,500,252,0,0,0,0
6218,3782835745,500,290,250,0,0
3109558,6219,-32710,-7674,500,0,254
0,3110058,6220,0,-32174,-7539,146
0,0,30366,47,6221,0,33899
253,0,0,0,30866,47,6222
500,278,0,0,0,0,31366
3825961121,32768000,258,0,0,0,0
6224,3833957052,500,0,283,0,0
3112558,6225,-29478,6955,0,500,266
0,3113058,6226,0,-28934,7083,500
0,0,-32170,47,6227,0,37148
289,0,0,0,-31670,47,6228
32768000,274,0,0,0,0,34366
489985384,500,291,0,0,0,0
6230,498898835,454,500,288,0,0
3115558,6231,-26175,7753,500,0,299
0,3116058,6232,0,-25615,7898,500
0,0,-29170,47,6233,0,40486
285,0,0,0,-28670,47,6234
500,316,0,0,0,0,37366
548905627,32768000,309,0,0,0,0
6236,560440538,500,0,319,0,0
3118558,6237,-22755,8737,500,0,323
0,3119058,6238,0,-22173,8933,500
0,0,-26170,47,6239,0,43947
332,0,0,0,-25670,47,6240
32768000,312,0,0,0,0,40366
629059649,500,338,0,0,0,0
6242,645378701,500,0,342,0,0
3121558,6243,-19241,10113,145,500,337
0,3122058,6244,0,-18657,10395,500
0,0,-23170,47,6245,0,47460
351,0,0,0,-22670,47,6246
32768000,340,0,0,0,0,43366
743685595,500,351,0,0,0,0
6248,766885898,500,0,352,0,0
3124558,6249,-15826,12075,500,0,357
0,3125058,6250,0,-15290,12467,500
0,0,-20170,47,6251,0,50767
367,0,0,0,-19670,47,6252
10027508,365,0,0,0,0,46366
901630512,500,369,0,0,0,0
6254,932170756,500,41,368,0,0
3127558,6255,-12859,14704,500,267,365
0,3128058,6256,0,-12430,15201,500
0,0,-17170,47,6257,0,53513
368,0,0,0,-16670,47,6258
500,372,0,0,0,0,49366
1098765304,500,374,0,0,0,0
6260,1134286160,500,0,375,0,0
3130558,6261,-10604,17855,0,500,369
0,3131058,6262,0,-10301,18409,500
0,0,-14170,47,6263,0,55519
376,0,0,0,-13670,47,6264
32768000,359,0,0,0,0,52366
1316805345,500,371,0,0,0,0
6266,1353702345,500,0,375,0,0
3133558,6267,-9055,21218,500,0,378
0,3134058,6268,0,-8852,21780,500
0,0,-11170,47,6269,0,56874
361,0,0,0,-10670,47,6270
500,364,0,0,0,0,55366
1537007489,11731444,362,0,0,0,0
6272,1573183518,500,0,373,0,0
3136558,6273,-8013,24552,0,500,351
0,3137058,6274,0,-7873,25097,500
0,0,-8170,47,6275,0,57797
356,0,0,0,-7670,47,6276
500,362,0,0,0,0,58366
1750590146,32768000,352,0,0,0,0
6278,1785455419,500,0,358,0,0
3139558,6279,-7247,27772,500,0,363
0,3140058,6280,0,7132,28299,500
0,0,-5170,47,6281,0,7256
370,0,0,0,-4670,47,6282
500,373,0,0,0,0,61366
1957240146,500,381,0,0,0,0
6284,1991187923,500,0,380,0,0
3142558,6285,7767,30900,500,0,386
0,3143058,6286,0,7904,31416,0
0,0,-2170,47,6287,0,8047
396,0,0,0,-1670,47,6288
500,404,0,0,0,0,64366
2160074915,500,406,0,0,0,0
6290,2193826121,500,0,412,0,0
3145558,6291,8698,-31547,500,0,413
0,3146058,6292,0,8886,-31031,500
0,0,830,48,6293,0,9088
432,0,0,0,1330,48,6294
500,443,0,0,0,0,1830
2363106619,32768324,437,0,0,0,0
6296,2397316656,500,0,449,0,0
3148558,6297,10039,-28432,500,0,451
0,3149058,6298,0,10319,-27907,500
0,0,3830,48,6299,0,10618
481,0,0,0,4330,48,6300
32768000,469,0,0,0,0,4830
2570529804,30671348,464,0,0,0,0
6302,2605788532,500,0,489,0,0
3151558,6303,12018,-25234,500,0,487
0,3152058,6304,0,12421,-24689,500
0,0,6830,48,6305,0,12845
497,0,0,0,7330,48,6306
500,504,0,0,0,0,7830
2785293755,500,515,0,0,0,0
6308,2821863327,0,500,506,0,0
3154558,6309,14742,-21918,500,0,507
0,3155058,6310,0,15261,-21355,500
0,0,9830,48,6311,0,15794
520,0,0,0,10330,48,6312
19333620,515,0,0,0,0,10830
3006480899,500,515,0,0,0,0
6314,3043443771,500,0,523,0,0
3157558,6315,18041,-18536,0,500,507
0,3158058,6316,0,18622,-17978,500
0,0,12830,48,6317,0,19206
509,0,0,0,13330,48,6318
500,513,0,0,0,0,13830
3223932828,6554100,510,0,0,0,0
6320,3258470889,262,500,504,0,0
3160558,6321,21555,-15301,500,0,509
0,3161058,6322,0,22139,-14800,500
0,0,15830,48,6323,0,22721
492,0,0,0,16330,48,6324
32768000,484,0,0,0,0,16830
3417267524,500,499,0,0,0,0
6326,3445645183,466,500,494,0,0
3163558,6327,25016,-12547,349,500,489
0,3164058,6328,0,25581,-12154,500
0,0,18830,48,6329,0,26142
477,0,0,0,19330,48,6330
500,497,0,0,0,0,19830
3567872629,32768000,484,0,0,0,0
6332,3588385948,500,0,491,0,0
3166558,6333,28352,-10488,500,0,492
0,3167058,6334,0,28896,-10214,500
0,0,21830,48,6335,0,29439
506,0,0,0,22330,48,6336
32768000,496,0,0,0,0,22830
3672864567,500,504,0,0,0,0
6338,3686562128,500,0,505,0,0
3169558,6339,31593,-9089,500,0,513
0,3170058,6340,0,32129,-8908,500
0,0,24830,48,6341,0,32664
520,0,0,0,25330,48,6342
500,533,0,0,0,0,25830
3742401478,500,553,0,0,0,0
6344,3751577055,500,0,554,0,0
3172558,6345,-30728,-8161,500,0,552
0,3173058,6346,0,-30191,-8037,500
0,0,27830,48,6347,0,35885
580,0,0,0,28330,48,6348
500,580,0,0,0,0,28830
3790573674,500,593,0,0,0,0
6350,3797521036,500,0,599,0,0
3175558,6351,-27470,-7488,500,0,605
0,3176058,6352,0,-26918,-7386,500
0,0,30830,48,6353,0,39172
628,0,0,0,31330,48,6354
500,626,0,0,0,0,31830
502177127,500,631,0,0,0,0
6356,509452189,500,0,639,0,0
3178558,6357,-24106,7887,500,0,653
0,3179058,6358,0,-23532,8006,262
0,0,-31706,48,6359,0,42582
648,0,0,0,-31206,48,6360
500,661,0,0,0,0,34830
550218465,500,662,0,0,0,0
6362,559721771,500,0,669,0,0
3181558,6363,-20617,8693,500,0,665
0,3182058,6364,0,-20029,8857,500
0,0,-28706,48,6365,0,46095
658,0,0,0,-28206,48,6366
500,661,0,0,0,0,37830
617265312,500,667,0,0,0,0
6368,631290594,0,500,656,0,0
3184558,6369,-17123,9862,159,500,648
0,3185058,6370,0,-16561,10108,500
0,0,-25706,48,6371,0,49528
662,0,0,0,-25206,48,6372
32768000,640,0,0,0,0,40830
717866400,500,643,0,0,0,0
6374,738838428,0,500,633,0,0
3187558,6375,-13945,11613,500,474,627
0,3188058,6376,0,-13474,11974,500
0,0,-22706,48,6377,0,52513
612,0,0,0,-22206,48,6378
500,630,0,0,0,0,43830
863752294,32768000,610,0,0,0,0
6380,892719590,500,0,618,0,0
3190558,6381,-11439,14081,500,0,623
0,3191058,6382,0,-11099,14560,500
0,0,-19706,48,6383,0,54756
638,0,0,0,-19206,48,6384
32768000,627,0,0,0,0,46830
1054398499,500,634,0,0,0,0
6386,1089460517,500,0,634,0,0
3193558,6387,-9708,17167,500,0,645
0,3194058,6388,0,-9486,17720,500
0,0,-16706,48,6389,0,56256
680,0,0,0,-16206,48,6390
500,677,0,0,0,0,49830
1272110384,500,694,0,0,0,0
6392,1309334996,500,0,701,0,0
3196558,6393,-8595,20547,500,0,717
0,3197058,6394,0,-8452,21116,500
0,0,-13706,48,6395,0,57217
729,0,0,0,-13206,48,6396
500,750,0,0,0,0,52830
1494933620,500,755,0,0,0,0
6398,1531633892,500,0,758,0,0
3199558,6399,-7857,23925,500,0,774
0,3200058,6400,0,-7753,24478,500
0,0,-10706,48,6401,0,57883
798,0,0,0,-10206,48,6402
32768000,788,0,0,0,0,55830
1711480203,500,799,0,0,0,0
6404,1746738674,500,0,808,0,0
3202558,6405,7771,27189,500,0,813
0,3203058,6406,0,7879,27721,500
0,0,-7706,48,6407,0,7990
818,0,0,0,-7206,48,6408
500,815,0,0,0,0,58830
1920344097,500,812,0,0,0,0
6410,1954554016,500,0,815,0,0
3205558,6411,8487,30345,500,0,814
0,3206058,6412,0,8630,30865,253
0,0,-4706,48,6413,0,8783
807,0,0,0,-4206,48,6414
32768000,785,0,0,0,0,61830
2124555172,500,792,0,0,0,0
6416,2158437474,0,500,780,0,0
3208558,6417,9518,-32083,500,0,778
0,3209058,6418,0,9739,-31566,0
0,0,-1706,48,6419,0,9976
764,0,0,0,-1206,48,6420
500,770,0,0,0,0,64830
2328373514,32768000,755,0,0,0,0
6422,2362583601,500,339,748,0,0
3211558,6423,11116,-28962,500,0,745
0,3212058,6424,0,11454,-28435,500
0,0,1294,49,6425,0,11814
722,0,0,0,1794,49,6426
500,725,0,0,0,0,2294
2535993656,500,727,0,0,0,0
6428,2571317987,327,500,719,0,0
3214558,6429,13476,-25760,500,0,722
0,3215058,6430,0,13945,-25215,155
0,0,4294,49,6431,0,14434
710,0,0,0,4794,49,6432
500,716,0,0,0,0,5294
2751020139,32768000,703,0,0,0,0
6434,2787720838,500,0,718,0,0
3217558,6435,16558,-22437,500,0,723
0,3218058,6436,0,17121,-21871,0
0,0,7294,49,6437,0,17693
704,0,0,0,7794,49,6438
500,710,0,0,0,0,8294
2973649319,500,708,0,0,0,0
6440,3011005426,500,0,707,0,0
3220558,6441,20031,-19022,500,0,718
0,3221058,6442,0,20620,-18455,0
0,0,10294,49,6443,0,21209
723,0,0,0,10794,49,6444
32768000,708,0,0,0,0,11294
3194902380,500,705,0,0,0,0
6446,3230292401,0,500,686,0,0
3223558,6447,23539,-15717,500,0,683
0,3224058,6448,0,24114,-15201,0
0,0,13294,49,6449,0,24683
673,0,0,0,13794,49,6450
32768000,662,0,0,0,0,14294
3394004180,500,674,0,0,0,0
6452,3423233796,0,500,646,0,0
3226558,6453,26927,-12874,500,0,643
0,3227058,6454,0,27478,-12468,0
0,0,16294,49,6455,0,28027
621,0,0,0,16794,49,6456
500,619,0,0,0,0,17294
3549262269,32768000,602,0,0,0,0
6458,3570234329,500,0,605,0,0
3229558,6459,30197,-10760,500,0,610
0,3230058,6460,0,30735,-10481,0
0,0,19294,49,6461,0,31271
590,0,0,0,19794,49,6462
8061428,586,0,0,0,0,20294
3655630420,32768000,571,0,0,0,0
6464,3669196908,500,0,571,0,0
3232558,6465,-32127,-9357,0,500,561
0,3233058,6466,0,-31593,-9180,500
0,0,22294,49,6467,0,34479
544,0,0,0,22794,49,6468
500,543,0,0,0,0,23294
3723332323,500,550,0,0,0,0
6470,3731852541,314,500,544,0,0
3235558,6471,-28900,-8471,0,500,535
0,3236058,6472,0,-28355,-8357,500
0,0,25294,49,6473,0,37727
541,0,0,0,25794,49,6474
32768000,531,0,0,0,0,26294
3767244718,500,543,0,0,0,0
6476,3773274587,0,500,533,0,0
3238558,6477,-25589,-7871,500,0,539
0,3239058,6478,0,-25026,-7784,500
0,0,28294,49,6479,0,41078
530,0,0,0,28794,49,6480
500,534,0,0,0,0,29294
517514482,500,538,0,0,0,0
6482,523609909,500,492,532,0,0
3241558,6483,-22148,8086,469,500,527
0,3242058,6484,0,-21561,8185,500
0,0,31294,49,6485,0,44562
505,0,0,0,31794,49,6486
500,504,0,0,0,0,32294
558150317,500,504,0,0,0,0
6488,566277371,500,138,501,0,0
3244558,6489,-18619,8773,0,500,480
0,3245058,6490,0,-18037,8916,500
0,0,-31242,49,6491,0,48077
479,0,0,0,-30742,49,6492
32768000,461,0,0,0,0,35294
617005110,500,461,0,0,0,0
6494,629719642,0,500,450,0,0
3247558,6495,-15248,9816,0,500,442
0,3248058,6496,0,-14730,10042,0
0,0,-28242,49,6497,0,51306
419,0,0,0,-27742,49,6498
500,420,0,0,0,0,38294
709676055,32768000,406,0,0,0,0
6500,729468365,500,316,402,0,0
3250558,6501,-12436,11453,0,500,393
0,3251058,6502,0,-12044,11797,500
0,0,-25242,49,6503,0,53861
380,0,0,0,-24742,49,6504
500,381,0,0,0,0,41294
849532161,500,380,0,0,0,0
6506,877844013,193,500,375,0,0
3253558,6507,-10428,13846,0,500,366
0,3254058,6508,0,-10170,14318,350
0,0,-22242,49,6509,0,55605
364,0,0,0,-21742,49,6510
500,368,0,0,0,0,44294
1038015196,32768000,347,0,0,0,0
6512,1073011607,500,0,354,0,0
3256558,6513,-9149,16919,500,232,352
0,3257058,6514,0,-8991,17475,500
0,0,-19242,49,6515,0,56691
366,0,0,0,-18742,49,6516
32768000,354,0,0,0,0,47294
1256971894,500,354,0,0,0,0
6518,1294655210,0,500,348,0,0
3259558,6519,-8362,20330,500,0,352
0,3260058,6520,0,-8261,20905,0
0,0,-16242,49,6521,0,57371
329,0,0,0,-15742,49,6522
500,339,0,0,0,0,50294
1482612942,32768000,319,0,0,0,0
6524,1519706404,0,500,313,0,0
3262558,6525,-7816,23752,39,500,308
0,3263058,6526,0,7884,24311,0
0,0,-13242,49,6527,0,7973
281,0,0,0,-12742,49,6528
32768000,272,0,0,0,0,53294
1701847004,11993588,271,0,0,0,0
6530,1737564221,0,500,257,0,0
3265558,6531,8355,27055,0,500,244
0,3266058,6532,0,8463,27594,500
0,0,-10242,49,6533,0,8578
228,0,0,0,-9742,49,6534
32768000,222,0,0,0,0,56294
1913266817,500,223,0,0,0,0
6536,1947935504,0,500,215,0,0
3268558,6537,9131,30249,0,500,205
0,3269058,6538,0,9298,30774,500
0,0,-7242,49,6539,0,9480
196,0,0,0,-6742,49,6540
32768000,184,0,0,0,0,59294
2119771812,500,188,0,0,0,0
6542,2153981836,0,500,171,0,0
3271558,6543,10376,-32146,500,0,183
0,3272058,6544,0,10648,-31622,500
0,0,-4242,49,6545,0,10940
184,0,0,0,-3742,49,6546
32768000,177,0,0,0,0,62294
2325753160,500,189,0,0,0,0
6548,2360356529,76,500,185,0,0
3274558,6549,12338,-28991,500,0,189
0,3275058,6550,0,12745,-28459,0
0,0,-1242,49,6551,0,13176
169,0,0,0,-742,49,6552
500,173,0,0,0,0,65294
2535601944,500,177,0,0,0,0
6554,2571188487,0,500,138,0,0
3277558,6555,15112,-25755,500,0,144
0,3278058,6556,0,15642,-25204,0
0,0,1758,50,6557,0,16187
131,0,0,0,2258,50,6558
32768000,118,0,0,0,0,2758
2753119137,4255646196,118,0,1,0,0
6560,2790147553,500,-600,118,0,1
3280540,6561,18471,-22396,500,-600,118
0,3281040,6562,0,19057,-21826,500
1,0,4740,50,6563,0,19645
118,1,0,0,5240,50,6564
4255646196,118,1,0,0,0,5740
2977124692,4255646196,118,0,1,0,0
6566,3014480798,500,-600,118,0,1
3283540,6567,21989,-18969,500,-600,118
0,3284040,6568,0,22569,-18404,500
1,0,7740,50,6569,0,23145
118,1,0,0,8240,50,6570
4255646196,118,1,0,0,0,8740
3197656796,4255646196,118,0,1,0,0
6572,3232719120,500,-600,118,0,1
3286540,6573,25406,-15686,500,-600,118
0,3287040,6574,0,25960,-15178,500
1,0,10740,50,6575,0,26510
118,1,0,0,11240,50,6576
4255646196,118,1,0,0,0,11740
3393416142,4255646196,118,0,1,0,0
6578,3421990376,500,-600,118,0,1
3289540,6579,28672,-12906,500,-600,118
0,3290040,6580,0,29204,-12514,500
1,0,13740,50,6581,0,29733
118,1,0,0,14240,50,6582
4255646196,118,1,0,0,0,14740
3543627841,4255646196,118,0,1,0,0
6584,3563682381,500,-600,118,0,1
3292540,6585,31830,-10874,500,-600,118
0,3293040,6586,0,32351,-10609,500
1,0,16740,50,6587,0,32871
118,1,0,0,17240,50,6588
4255646196,118,1,0,0,0,17740
3644490870,4255646196,118,0,1,0,0
6590,3657139837,500,-600,118,0,1
3295540,6591,-30587,-9554,500,-600,118
0,3296040,6592,0,-30066,-9391,500
1,0,19740,50,6593,0,35992
118,1,0,0,20240,50,6594
4255646196,118,1,0,0,0,20740
3706818735,4255646196,118,0,1,0,0
6596,3714421438,500,-600,118,0,1
3298540,6597,-27441,-8752,500,-600,118
0,3299040,6598,0,-26911,-8653,500
1,0,22740,50,6599,0,39159
118,1,0,0,23240,50,6600
4255646196,118,1,0,0,0,23740
3744570668,4255646196,118,0,1,0,0
6602,3749355338,500,-600,118,0,1
3301540,6603,-24212,-8257,500,-600,118
0,3302040,6604,0,-23664,-8191,500
1,0,25740,50,6605,0,42424
118,1,0,0,26240,50,6606
4255646196,118,1,0,0,0,26740
526494225,4255646196,118,0,1,0,0
6608,530820161,500,-600,118,0,1
3304540,6609,-20878,8164,500,-600,118
0,3305040,6610,0,-20316,8227,500
1,0,28740,50,6611,0,45782
118,1,0,0,29240,50,6612
4255646196,118,1,0,0,0,29740
551532340,4255646196,118,0,1,0,0
6614,555465054,500,-600,118,0,1
3307540,6615,-17533,8534,500,-600,118
0,3308040,6616,0,-16991,8590,500
1,0,31740,50,6617,0,49077
118,1,0,0,32240,50,6618
4255646196,118,1,0,0,0,32740
572375995,4255646196,118,0,1,0,0
6620,574604713,500,-600,118,0,1
3310540,6621,-14458,8791,500,-600,118
0,3311040,6622,0,-13997,8804,500
1,0,-30796,50,6623,0,51979
118,1,0,0,-30296,50,6624
4255646196,118,1,0,0,0,35740
574279230,4255646196,118,0,1,0,0
6626,571985848,500,-600,118,0,1
3313540,6627,-12004,8685,500,-600,118
0,3314040,6628,0,-11671,8639,500
1,0,-27796,50,6629,0,54177
118,1,0,0,-27296,50,6630
4255646196,118,1,0,0,0,38740
556389841,4255646196,118,0,1,0,0
6632,553047755,500,-600,118,0,1
3316540,6633,-10319,8387,500,-600,118
0,3317040,6634,0,-10107,8337,500
1,0,-24796,50,6635,0,55623
118,1,0,0,-24296,50,6636
4255646196,118,1,0,0,0,41740
3757169308,4255646196,118,0,1,0,0
6638,3753040688,500,-600,118,0,1
3319540,6639,-9289,-8335,500,-600,118
0,3320040,6640,0,-9166,-8401,500
1,0,-21796,50,6641,0,56481
118,1,0,0,-21296,50,6642
4255646196,118,1,0,0,0,44740
3730365794,4255646196,118,0,1,0,0
6644,3725122998,500,-600,118,0,1
3322540,6645,-8702,-8781,500,-600,118
0,3323040,6646,0,-8632,-8872,500
1,0,-18796,50,6647,0,56968
118,1,0,0,-18296,50,6648
4255646196,118,1,0,0,0,47740
3692617467,4255646196,118,0,1,0,0
6650,3684425519,500,-600,118,0,1
3325540,6651,-8351,-9453,500,-600,118
0,3326040,6652,0,8316,-9601,500
1,0,-15796,50,6653,0,8380
118,1,0,0,-15296,50,6654
4255646196,118,1,0,0,0,50740
3631096125,4255646196,118,0,1,0,0
6656,3617530239,500,-600,118,0,1
3328540,6657,8645,-10562,500,-600,118
0,3329040,6658,0,8717,-10806,500
1,0,-12796,50,6659,0,8794
118,1,0,0,-12296,50,6660
4255646196,118,1,0,0,0,53740
3531154179,4255646196,118,0,1,0,0
6662,3509920610,500,-600,118,0,1
3331540,6663,9160,-12326,500,-600,118
0,3332040,6664,0,9270,-12694,500
1,0,-9796,50,6665,0,9390
118,1,0,0,-9296,50,6666
4255646196,118,1,0,0,0,56740
3382322623,4255646196,118,0,1,0,0
6668,3352831577,500,-600,118,0,1
3334540,6669,9985,-14845,500,-600,118
0,3335040,6670,0,10167,-15331,500
1,0,-6796,50,6671,0,10364
118,1,0,0,-6296,50,6672
4255646196,118,1,0,0,0,59740
3189451320,4255646196,118,0,1,0,0
6674,3154455345,500,-600,118,0,1
3337540,6675,11324,-17945,500,-600,118
0,3338040,6676,0,11611,-18491,500
1,0,-3796,50,6677,0,11917
118,1,0,0,-3296,50,6678
4255646196,118,1,0,0,0,62740
2974560558,4255646196,118,0,1,0,0
6680,2938188445,500,-600,118,0,1
3340540,6681,13344,-21256,500,-600,118
0,3341040,6682,0,13749,-21807,500
1,0,-796,50,6683,0,14173
118,1,0,0,-296,50,6684
4255646196,118,1,0,0,0,204
2758621919,4255646196,118,0,1,0,0
6686,2723364023,500,-600,118,0,1
3343540,6687,16028,-24515,500,-600,118
0,3344040,6688,0,16524,-25046,500
1,0,2204,51,6689,0,17030
118,1,0,0,2704,51,6690
4255646196,118,1,0,0,0,3204
2550548110,4255646196,118,0,1,0,0
6692,2516666521,500,-600,118,0,1
3346540,6693,19112,-27649,500,-600,118
0,3347040,6694,0,19640,-28160,500
1,0,5204,51,6695,0,20169
118,1,0,0,5704,51,6696
4255646196,118,1,0,0,0,6204
2349814503,4255646196,118,0,1,0,0
6698,2316850420,500,-600,118,0,1
3349540,6699,22270,-30685,500,-600,118
0,3350040,6700,0,22789,-31186,500
1,0,8204,51,6701,0,23304
118,1,0,0,8704,51,6702
4255646196,118,1,0,0,0,9204
2153078532,4255646196,118,0,1,0,0
6704,2120442108,500,-600,118,0,1
3352540,6705,25329,31857,500,-600,118
0,3353040,6706,0,25826,31357,500
1,0,11204,51,6707,0,26320
118,1,0,0,11704,51,6708
4255646196,118,1,0,0,0,12204
1956473505,4255646196,118,0,1,0,0
6710,1923443846,500,-600,118,0,1
3355540,6711,28263,28842,500,-600,118
0,3356040,6712,0,28742,28334,500
1,0,14204,51,6713,0,29219
118,1,0,0,14704,51,6714
4255646196,118,1,0,0,0,15204
1755936214,4255646196,118,0,1,0,0
6716,1721857965,500,-600,118,0,1
3358540,6717,31107,25749,500,-600,118
0,3359040,6718,0,31576,25222,500
1,0,17204,51,6719,0,32044
118,1,0,0,17704,51,6720
4255646196,118,1,0,0,0,18204
1547862226,4255646196,118,0,1,0,0
6722,1512276644,500,-600,118,0,1
3361540,6723,-31625,22528,500,-600,118
0,3362040,6724,0,-31158,21979,500
1,0,20204,51,6725,0,34847
118,1,0,0,20704,51,6726
4255646196,118,1,0,0,0,21204
1331137480,4255646196,118,0,1,0,0
6728,1294503326,500,-600,118,0,1
3364540,6729,-28809,19194,500,-600,118
0,3365040,6730,0,-28336,18637,500
1,0,23204,51,6731,0,37676
118,1,0,0,23704,51,6732
4255646196,118,1,0,0,0,24204
1113560810,4255646196,118,0,1,0,0
6734,1078630604,500,-600,118,0,1
3367540,6735,-25934,15936,500,-600,118
0,3368040,6736,0,-25446,15428,500
1,0,26204,51,6737,0,40581
118,1,0,0,26704,51,6738
4255646196,118,1,0,0,0,27204
918200933,4255646196,118,0,1,0,0
6740,889889882,500,-600,118,0,1
3370540,6741,-22958,13170,500,-600,118
0,3371040,6742,0,-22451,12786,500
1,0,29204,51,6743,0,43594
118,1,0,0,29704,51,6744
4255646196,118,1,0,0,0,30204
772582990,4255646196,118,0,1,0,0
6746,754102355,500,-600,118,0,1
3373540,6747,-19880,11249,500,-600,118
0,3374040,6748,0,-19363,11017,500
1,0,32204,51,6749,0,46689
118,1,0,0,32704,51,6750
4255646196,118,1,0,0,0,33204
685226594,4255646196,118,0,1,0,0
6752,675658843,500,-600,118,0,1
3376540,6753,-16819,10182,500,-600,118
0,3377040,6754,0,-16330,10073,500
1,0,-30332,51,6755,0,49684
118,1,0,0,-29832,51,6756
4255646196,118,1,0,0,0,36204
644859306,4255646196,118,0,1,0,0
6758,641517406,500,-600,118,0,1
3379540,6759,-14081,9749,500,-600,118
0,3380040,6760,0,-13682,9721,500
1,0,-27332,51,6761,0,52232
118,1,0,0,-26832,51,6762
4255646196,118,1,0,0,0,39204
635096764,4255646196,118,0,1,0,0
6764,635424756,500,-600,118,0,1
3382540,6765,-12011,9705,500,-600,118
0,3383040,6766,0,-11743,9720,500
1,0,-24332,51,6767,0,54037
118,1,0,0,-23832,51,6768
4255646196,118,1,0,0,0,42204
3653817534,4255646196,118,0,1,0,0
6770,3653227892,500,-600,118,0,1
3385540,6771,-10730,-9801,500,-600,118
0,3386040,6772,0,-10587,-9810,500
1,0,-21332,51,6773,0,55075
118,1,0,0,-20832,51,6774
4255646196,118,1,0,0,0,45204
3649689581,4255646196,118,0,1,0,0
6776,3648378940,500,-600,118,0,1
3388540,6777,-10115,-9891,500,-600,118
0,3389040,6778,0,-10063,-9921,500
1,0,-18332,51,6779,0,55513
118,1,0,0,-17832,51,6780
4255646196,118,1,0,0,0,48204
3635927305,4255646196,118,0,1,0,0
6782,3631733011,500,-600,118,0,1
3391540,6783,-9964,-10197,500,-600,118
0,3392040,6784,0,-9970,-10286,500
1,0,-15332,51,6785,0,55553
118,1,0,0,-14832,51,6786
4255646196,118,1,0,0,0,51204
3597457621,4255646196,118,0,1,0,0
6788,3587365047,500,-600,118,0,1
3394540,6789,-10091,-10972,500,-600,118
0,3395040,6790,0,-10128,-11167,500
1,0,-12332,51,6791,0,55368
118,1,0,0,-11832,51,6792
4255646196,118,1,0,0,0,54204
3515492318,4255646196,118,0,1,0,0
6794,3496224728,500,-600,118,0,1
3397540,6795,10195,-12507,500,-600,118
0,3398040,6796,0,10190,-12854,500
1,0,-9332,51,6797,0,10186
118,1,0,0,-8832,51,6798
4255646196,118,1,0,0,0,57204
3374000072,4255646196,118,0,1,0,0
6800,3344574412,500,-600,118,0,1
3400540,6801,10195,-14975,500,-600,118
0,3401040,6802,0,10207,-15467,500
1,0,-6332,51,6803,0,10224
118,1,0,0,-5832,51,6804
4255646196,118,1,0,0,0,60204
3178047526,4255646196,118,0,1,0,0
6806,3142133836,500,-600,118,0,1
3403540,6807,10363,-18148,500,-600,118
0,3404040,6808,0,10420,-18709,500
1,0,-3332,51,6809,0,10487
118,1,0,0,-2832,51,6810
4255646196,118,1,0,0,0,63204
2957846946,4255646196,118,0,1,0,0
6812,2920950284,500,-600,118,0,1
3406540,6813,10884,-21527,500,-600,118
0,3407040,6814,0,11021,-22084,500
1,0,-332,51,6815,0,11175
118,1,0,0,168,52,6816
4255646196,118,1,0,0,0,668
2739809554,4255646196,118,0,1,0,0
6818,2704420326,500,-600,118,0,1
3409540,6819,11983,-24806,500,-600,118
0,3410040,6820,0,12238,-25337,500
1,0,2668,52,6821,0,12515
118,1,0,0,3168,52,6822
4255646196,118,1,0,0,0,3668
2531603283,4255646196,118,0,1,0,0
6824,2497787053,500,-600,118,0,1
3412540,6825,13853,-27937,500,-600,118
0,3413040,6826,0,14243,-28447,500
1,0,5668,52,6827,0,14652
118,1,0,0,6168,52,6828
4255646196,118,1,0,0,0,6668
2331196581,4255646196,118,0,1,0,0
6830,2298297969,500,-600,118,0,1
3415540,6831,16457,-30969,500,-600,118
0,3416040,6832,0,16941,-31469,500
1,0,8668,52,6833,0,17433
118,1,0,0,9168,52,6834
4255646196,118,1,0,0,0,9668
2134591491,4255646196,118,0,1,0,0
6836,2101889534,500,-600,118,0,1
3418540,6837,19449,31572,500,-600,118
0,3419040,6838,0,19957,31072,500
1,0,11668,52,6839,0,20464
118,1,0,0,12168,52,6840
4255646196,118,1,0,0,0,12668
1937593311,4255646196,118,0,1,0,0
6842,1904498131,500,-600,118,0,1
3421540,6843,22466,28552,500,-600,118
0,3422040,6844,0,22958,28042,500
1,0,14668,52,6845,0,23447
118,1,0,0,15168,52,6846
4255646196,118,1,0,0,0,15668
1736269660,4255646196,118,0,1,0,0
6848,1701994808,500,-600,118,0,1
3424540,6849,25361,25443,500,-600,118
0,3425040,6850,0,25831,24912,500
1,0,17668,52,6851,0,26298
118,1,0,0,18168,52,6852
4255646196,118,1,0,0,0,18668
1526426197,4255646196,118,0,1,0,0
6854,1490381855,500,-600,118,0,1
3427540,6855,28133,22186,500,-600,118
0,3428040,6856,0,28586,21627,500
1,0,20668,52,6857,0,29038
118,1,0,0,21168,52,6858
4255646196,118,1,0,0,0,21668
1305769198,4255646196,118,0,1,0,0
6860,1268283052,500,-600,118,0,1
3430540,6861,30825,18779,500,-600,118
0,3431040,6862,0,31269,18207,500
1,0,23668,52,6863,0,31712
118,1,0,0,24168,52,6864
4255646196,118,1,0,0,0,24668
1083342677,4255646196,118,0,1,0,0
6866,1048150287,500,-600,118,0,1
3433540,6867,-32055,15474,500,-600,118
0,3434040,6868,0,-31613,14975,500
1,0,26668,52,6869,0,34366
118,1,0,0,27168,52,6870
4255646196,118,1,0,0,0,27668
893749685,4255646196,118,0,1,0,0
6872,868584306,500,-600,118,0,1
3436540,6873,-29392,12903,500,-600,118
0,3437040,6874,0,-28944,12588,500
1,0,29668,52,6875,0,37041
118,1,0,0,30168,52,6876
4255646196,118,1,0,0,0,30668
776770617,4255646196,118,0,1,0,0
6878,765171200,500,-600,118,0,1
3439540,6879,-26679,11528,500,-600,118
0,3440040,6880,0,-26218,11412,500
1,0,32668,52,6881,0,39781
118,1,0,0,-32368,52,6882
4255646196,118,1,0,0,0,33668
735551245,4255646196,118,0,1,0,0
6884,734503142,500,-600,118,0,1
3442540,6885,-23870,11212,500,-600,118
0,3443040,6886,0,-23390,11236,500
1,0,-29868,52,6887,0,42631
118,1,0,0,-29368,52,6888
4255646196,118,1,0,0,0,36668
747678299,4255646196,118,0,1,0,0
6890,753249355,500,-600,118,0,1
3445540,6891,-20929,11590,500,-600,118
0,3446040,6892,0,-20426,11698,500
1,0,-26868,52,6893,0,45615
118,1,0,0,-26368,52,6894
4255646196,118,1,0,0,0,39668
791459367,4255646196,118,0,1,0,0
6896,800700450,500,-600,118,0,1
3448540,6897,-17892,12364,500,-600,118
0,3449040,6898,0,-17391,12515,500
1,0,-23868,52,6899,0,48640
118,1,0,0,-23368,52,6900
4255646196,118,1,0,0,0,42668
3455893952,4255646196,118,0,1,0,0
6902,3462644620,500,-600,118,0,1
3451540,6903,-15034,-12597,500,-600,118
0,3452040,6904,0,-14613,-12493,500
1,0,-20868,52,6905,0,51321
118,1,0,0,-20368,52,6906
4255646196,118,1,0,0,0,45668
3496135495,4255646196,118,0,1,0,0
6908,3502361731,500,-600,118,0,1
3454540,6909,-12895,-12004,500,-600,118
0,3455040,6910,0,-12639,-11919,500
1,0,-17868,52,6911,0,53123
118,1,0,0,-17368,52,6912
4255646196,118,1,0,0,0,48668
3527790829,4255646196,118,0,1,0,0
6914,3531198839,500,-600,118,0,1
3457540,6915,-11802,-11615,500,-600,118
0,3458040,6916,0,-11717,-11589,500
1,0,-14868,52,6917,0,53880
118,1,0,0,-14368,52,6918
4255646196,118,1,0,0,0,51668
3534344879,32768233,116,0,0,0,0
6920,3531461292,500,0,122,0,0
3460558,6921,-11626,-11713,500,0,130
0,3461058,6922,0,-11665,-11791,500
0,0,-11850,52,6923,0,53817
148,0,0,0,-11350,52,6924
17105396,148,0,0,0,0,54686
3501642145,500,170,0,0,0,0
6926,3493515586,500,0,172,0,0
3463558,6927,-12072,-12359,500,0,181
0,3464058,6928,0,-12189,-12491,500
0,0,-8850,52,6929,0,53221
179,0,0,0,-8350,52,6930
32768000,173,0,0,0,0,57686
3454914255,500,183,0,0,0,0
6932,3451113016,500,96,184,0,0
3466558,6933,-12900,-12922,500,40,184
0,3467058,6934,0,-13063,-12954,500
0,0,-5850,52,6935,0,52305
183,0,0,0,-5350,52,6936
500,186,0,0,0,0,60686
3451636467,500,189,0,0,0,0
6938,3455830590,500,0,199,0,0
3469558,6939,-13946,-12731,500,0,209
0,3470058,6940,0,-14132,-12649,500
0,0,-2850,52,6941,0,14039
224,0,0,0,-2350,52,6942
500,244,0,0,0,0,63686
3486594530,500,245,0,0,0,0
6944,3492689254,500,0,255,0,0
3472558,6945,13546,-12163,500,0,264
0,3473058,6946,0,13422,-12096,500
0,0,150,53,6947,0,13298
281,0,0,0,650,53,6948
500,295,0,0,0,0,1150
3510514432,500,313,0,0,0,0
6950,3511759499,299,500,309,0,0
3475558,6951,12825,-11943,500,0,326
0,3476058,6952,0,12715,-11947,500
0,0,3150,53,6953,0,12609
341,0,0,0,3650,53,6954
500,351,0,0,0,0,4150
3507499137,25625076,348,0,0,0,0
6956,3504746540,500,0,367,0,0
3478558,6957,12255,-12109,339,500,363
0,3479058,6958,0,12188,-12169,0
0,0,6150,53,6959,0,12133
359,0,0,0,6650,53,6960
500,365,0,0,0,0,7150
3482529565,500,366,0,0,0,0
6962,3476696849,0,500,351,0,0
3481558,6963,12055,-12584,500,0,361
0,3482058,6964,0,12081,-12685,500
0,0,9150,53,6965,0,12129
373,0,0,0,9650,53,6966
500,377,0,0,0,0,10150
3441373198,500,389,0,0,0,0
6968,3433312399,500,0,392,0,0
3484558,6969,12591,-13276,500,0,394
0,3485058,6970,0,12785,-13409,500
0,0,12150,53,6971,0,13014
424,0,0,0,12650,53,6972
500,430,0,0,0,0,13150
3388552464,500,453,0,0,0,0
6974,3378853476,500,0,456,0,0
3487558,6975,14300,-14131,500,0,461
0,3488058,6976,0,14711,-14286,500
0,0,15150,53,6977,0,15152
487,0,0,0,15650,53,6978
500,493,0,0,0,0,16150
3327147760,500,509,0,0,0,0
6980,3316269294,500,0,517,0,0
3490558,6981,17145,-15102,500,0,527
0,3491058,6982,0,17678,-15272,500
0,0,18150,53,6983,0,18218
528,0,0,0,18650,53,6984
500,534,0,0,0,0,19150
1021266789,500,537,0,0,0,0
6986,1014123905,500,0,536,0,0
3493558,6987,20377,15364,500,25,533
0,3494058,6988,0,20909,15253,500
0,0,21150,53,6989,0,21437
549,0,0,0,21650,53,6990
32768037,541,0,0,0,0,22150
977295307,3408372,538,0,0,0,0
6992,969759180,500,0,541,0,0
3496558,6993,23495,14683,500,0,548
0,3497058,6994,0,23998,14568,500
0,0,24150,53,6995,0,24495
560,0,0,0,24650,53,6996
500,564,0,0,0,0,25150
932340617,500,580,0,0,0,0
6998,925001073,500,0,583,0,0
3499558,6999,26452,14002,500,0,593
0,3500058,7000,0,26935,13892,500
0,0,27150,53,7001,0,27414
611,0,0,0,27650,53,7002
500,613,0,0,0,0,28150
889417423,500,620,0,0,0,0
7004,882733226,500,0,643,0,0
3502558,7005,29314,13370,500,0,653
0,3503058,7006,0,29785,13274,500
0,0,30150,53,7007,0,30257
668,0,0,0,30650,53,7008
500,691,0,0,0,0,31150
852589020,26673652,685,0,0,0,0
7010,847477682,500,0,702,0,0
3505558,7011,32138,12857,500,0,699
0,3506058,7012,0,32607,12790,500
0,0,-32386,53,7013,0,33077
708,0,0,0,-31886,53,7014
500,710,0,0,0,0,34150
828015845,500,708,0,0,0,0
7016,825788092,500,0,718,0,0
3508558,7017,-30571,12576,500,161,712
0,3509058,7018,0,-30096,12563,500
0,0,-29386,53,7019,0,35916
704,0,0,0,-28886,53,7020
500,712,0,0,0,0,37150
825987080,500,713,0,0,0,0
7022,828871146,500,0,720,0,0
3511558,7023,-27698,12708,500,0,726
0,3512058,7024,0,-27213,12787,500
0,0,-26386,53,7025,0,38813
742,0,0,0,-25886,53,7026
500,744,0,0,0,0,40150
861903736,500,748,0,0,0,0
7028,872783210,500,0,757,0,0
3514558,7029,-24734,13506,500,0,769
0,3515058,7030,0,-24227,13721,500
0,0,-23386,53,7031,0,41821
788,0,0,0,-22886,53,7032
500,789,0,0,0,0,43150
950839150,500,790,0,0,0,0
7034,971024767,500,0,796,0,0
3517558,7035,-21609,15144,500,2,791
0,3518058,7036,0,-21066,15490,0
0,0,-20386,53,7037,0,45019
757,0,0,0,-19886,53,7038
500,763,0,0,0,0,46150
1090237500,32768000,745,0,0,0,0
7040,1116583541,109,500,736,0,0
3520558,7041,-18253,17452,0,500,724
0,3521058,7042,0,-17679,17877,0
0,0,-17386,53,7043,0,48428
705,0,0,0,-16886,53,7044
32768000,693,0,0,0,0,49150
1257357698,32768000,679,0,0,0,0
7046,1286194062,0,500,668,0,0
3523558,7047,-14982,20064,0,500,650
0,3524058,7048,0,-14531,20502,0
0,0,-14386,53,7049,0,51409
611,0,0,0,-13886,53,7050
32768290,604,0,0,0,0,52150
1428736851,500,607,0,0,0,0
7052,1455541309,500,404,601,0,0
3526558,7053,-13074,22603,500,0,608
0,3527058,7054,0,-12953,22994,0
0,0,-11386,53,7055,0,52652
615,0,0,0,-10886,53,7056
500,614,0,0,0,0,55150
1583205804,500,611,0,0,0,0
7058,1608174959,500,0,633,0,0
3529558,7059,-13040,24917,393,500,626
0,3530058,7060,0,-13167,25298,500
0,0,-8386,53,7061,0,52215
640,0,0,0,-7886,53,7062
500,645,0,0,0,0,58150
1731644028,1769972,641,0,0,0,0
7064,1756088737,500,0,644,0,0
3532558,7065,-14156,27166,0,500,627
0,3533058,7066,0,-14407,27539,500
0,0,-5386,53,7067,0,50864
626,0,0,0,-4886,53,7068
32768179,618,0,0,0,0,61150
1878049916,500,626,0,0,0,0
7070,1902232402,500,0,626,0,0
3535558,7071,-15839,29394,0,500,603
0,3536058,7072,0,-16152,29766,500
0,0,-2386,53,7073,0,49064
592,0,0,0,-1886,53,7074
32768449,586,0,0,0,0,64150
2023800087,32768000,569,0,0,0,0
7076,2048441288,0,500,559,0,0
3538558,7077,-17804,31633,500,154,555
0,3539058,7078,0,-18146,32005,0
0,0,614,54,7079,0,47043
512,0,0,0,1114,54,7080
500,529,0,0,0,0,1614
2171291799,32768000,508,0,0,0,0
7082,2196064117,0,500,492,0,0
3541558,7083,18001,-31648,500,0,500
0,3542058,7084,0,17709,-31271,500
0,0,3614,54,7085,0,17418
481,0,0,0,4114,54,7086
500,486,0,0,0,0,4614
2320318918,32768000,473,0,0,0,0
7088,2345353383,500,0,478,0,0
3544558,7089,16266,-29366,500,0,477
0,3545058,7090,0,15985,-28983,500
0,0,6614,54,7091,0,15708
480,0,0,0,7114,54,7092
500,490,0,0,0,0,7614
2471639875,500,503,0,0,0,0
7094,2497133122,500,0,501,0,0
3547558,7095,14666,-27042,500,0,509
0,3548058,7096,0,14428,-26649,0
0,0,9614,54,7097,0,14202
502,0,0,0,10114,54,7098
500,506,0,0,0,0,10614
2626631141,32768022,499,0,0,0,0
7100,2653041975,500,0,511,0,0
3550558,7101,13472,-24650,0,500,491
0,3551058,7102,0,13348,-24240,500
0,0,12614,54,7103,0,13257
491,0,0,0,13114,54,7104
500,490,0,0,0,0,13614
2787849095,500,498,0,0,0,0
7106,2815505326,0,500,476,0,0
3553558,7107,13325,-22148,390,500,471
0,3554058,7108,0,13484,-21717,500
0,0,15614,54,7109,0,13712
462,0,0,0,16114,54,7110
32768050,455,0,0,0,0,16614
2958964785,500,454,0,0,0,0
7112,2988718570,0,500,437,0,0
3556558,7113,15328,-19470,186,500,431
0,3557058,7114,0,15878,-19002,500
0,0,18614,54,7115,0,16462
421,0,0,0,19114,54,7116
32768000,401,0,0,0,0,19614
3143189782,32768000,391,0,0,0,0
7118,3174582145,500,0,404,0,0
3559558,7119,18920,-16623,0,500,388
0,3560058,7120,0,19528,-16156,0
0,0,21614,54,7121,0,20128
379,0,0,0,22114,54,7122
32768000,370,0,0,0,0,22614
3319288628,32768000,363,0,0,0,0
7124,3342685552,500,0,367,0,0
3562558,7125,22437,-14217,500,0,371
0,3563058,7126,0,22996,-13952,0
0,0,24614,54,7127,0,23547
350,0,0,0,25114,54,7128
500,363,0,0,0,0,25614
3413270586,32768000,354,0,0,0,0
7130,3417858643,500,0,361,0,0
3565558,7131,25705,-13357,0,500,352
0,3566058,7132,0,26235,-13369,500
0,0,27614,54,7133,0,26764
367,0,0,0,28114,54,7134
500,375,0,0,0,0,28614
3403312292,32768000,360,0,0,0,0
7136,3394530989,500,0,365,0,0
3568558,7137,28855,-13897,500,0,374
0,3569058,7138,0,29373,-14074,0
0,0,30614,54,7139,0,29890
365,0,0,0,31114,54,7140
32768000,356,0,0,0,0,31614
3331291341,500,369,0,0,0,0
7142,3315759825,0,500,362,0,0
3571558,7143,31957,-15191,500,0,364
0,3572058,7144,0,32474,-15450,500
0,0,-31922,54,7145,0,32990
355,0,0,0,-31422,54,7146
500,356,0,0,0,0,34614
3228140776,500,360,0,0,0,0
7148,3209070318,0,500,341,0,0
3574558,7149,-30476,-16867,500,0,350
0,3575058,7150,0,-29958,-17169,0
0,0,-28922,54,7151,0,36098
349,0,0,0,-28422,54,7152
32768000,328,0,0,0,0,37614
3108475158,500,330,0,0,0,0
7154,3087569698,8,500,324,0,0
3577558,7155,-27343,-18748,500,0,325
0,3578058,7156,0,-26815,-19074,0
0,0,-25922,54,7157,0,39251
319,0,0,0,-25422,54,7158
26149364,317,0,0,0,0,40614
2979831170,32768000,302,0,0,0,0
7160,2957811613,0,500,284,0,0
3580558,7161,-24131,-20742,500,0,297
0,3581058,7162,0,-23582,-21081,0
0,0,-22922,54,7163,0,42509
290,0,0,0,-22422,54,7164
32768000,278,0,0,0,0,43614
1330489971,32768000,269,0,0,0,0
7166,1311222964,0,500,264,0,0
3583558,7167,-20740,19712,500,0,266
0,3584058,7168,0,-20147,19418,0
0,0,-19922,54,7169,0,45994
254,0,0,0,-19422,54,7170
32768136,249,0,0,0,0,46614
1214756996,32768009,244,0,0,0,0
7172,1195490045,500,0,250,0,0
3586558,7173,-17032,17950,420,500,247
0,3587058,7174,0,-16407,17659,0
0,0,-16922,54,7175,0,49731
241,0,0,0,-16422,54,7176
32768000,229,0,0,0,0,49614
1101252191,500,247,0,0,0,0
7178,1083033594,0,500,235,0,0
3589558,7179,-14024,16251,500,0,258
0,3590058,7180,0,-13803,15982,0
0,0,-13922,54,7181,0,51861
230,0,0,0,-13422,54,7182
500,239,0,0,0,0,52614
997116577,30278132,237,0,0,0,0
7184,981518913,0,500,229,0,0
3592558,7185,-13908,14750,500,0,238
0,3593058,7186,0,-14103,14537,413
0,0,-10922,54,7187,0,51201
231,0,0,0,-10422,54,7188
500,233,0,0,0,0,55614
917685717,500,237,0,0,0,0
7190,909100187,360,500,234,0,0
3595558,7191,-15537,13769,500,0,255
0,3596058,7192,0,-15886,13703,0
0,0,-7922,54,7193,0,49287
238,0,0,0,-7422,54,7194
32768180,234,0,0,0,0,58614
903200143,500,245,0,0,0,0
7196,912374788,0,500,233,0,0
3598558,7197,-17805,14129,0,500,224
0,3599058,7198,0,-18213,14406,500
0,0,-4922,54,7199,0,46908
237,0,0,0,-4422,54,7200
32768000,225,0,0,0,0,61614
1023718385,22807028,223,0,0,0,0
7202,1056485957,0,500,216,0,0
3601558,7203,-20330,16645,0,500,204
0,3602058,7204,0,-20763,17184,500
0,0,-1922,54,7205,0,44338
205,0,0,0,-1422,54,7206
32768196,202,0,0,0,0,64614
1232447940,500,207,0,0,0,0
7208,1266963823,500,234,206,0,0
3604558,7209,21473,19852,500,0,208
0,3605058,7210,0,21075,20363,0
0,0,1078,55,7211,0,20677
194,0,0,0,1578,55,7212
500,197,0,0,0,0,2078
1432112555,32768000,182,0,0,0,0
7214,1463831584,500,0,189,0,0
3607558,7215,19095,22815,0,500,174
0,3608058,7216,0,18704,23290,500
0,0,4078,55,7217,0,18316
179,0,0,0,4578,55,7218
32768207,176,0,0,0,0,5078
1618494608,500,179,0,0,0,0
7220,1648902938,0,500,173,0,0
3610558,7221,16809,25622,0,500,161
0,3611058,7222,0,16449,26082,500
0,0,7078,55,7223,0,16099
165,0,0,0,7578,55,7224
32768000,159,0,0,0,0,8078
1799306314,32768000,148,0,0,0,0
7226,1829190421,500,0,159,0,0
3613558,7227,14835,28366,500,408,158
0,3614058,7228,0,14570,28820,0
0,0,10078,55,7229,0,14336
157,0,0,0,10578,55,7230
17629684,157,0,0,0,0,11078
1977956001,32768000,149,0,0,0,0
7232,2007643713,61,500,145,0,0
3616558,7233,13861,31087,500,0,152
0,3617058,7234,0,13916,31541,0
0,0,13078,55,7235,0,14068
130,0,0,0,13578,55,7236
18088436,130,0,0,0,0,14078
2156280173,500,133,0,0,0,0
7238,2186099529,0,500,125,0,0
3619558,7239,15739,-31724,500,0,142
0,3620058,7240,0,16356,-31270,0
0,0,16078,55,7241,0,17003
125,0,0,0,16578,55,7242
500,134,0,0,0,0,17078
2335393670,32768000,115,0,0,0,0
7244,2365409797,500,0,132,0,0
3622558,7245,19574,-28985,0,500,119
0,3623058,7246,0,20188,-28525,0
0,0,19078,55,7247,0,20790
119,0,0,0,19578,55,7248
32768000,113,0,0,0,0,20078
2516407752,500,120,0,0,0,0
7250,2546948102,500,0,122,0,0
3625558,7251,23101,-26207,0,500,113
0,3626058,7252,0,23662,-25740,500
0,0,22078,55,7253,0,24220
128,0,0,0,22578,55,7254
32768000,118,0,0,0,0,23078
2701026027,2163188,119,0,0,0,0
7256,2732418317,500,0,121,0,0
3628558,7257,26415,-23361,300,500,119
0,3629058,7258,0,26957,-22876,0
0,0,25078,55,7259,0,27497
122,0,0,0,25578,55,7260
32768000,100,0,0,0,0,26078
2893049761,500,112,0,0,0,0
7262,2926277050,500,52,113,0,0
3631558,7263,29649,-20371,500,0,123
0,3632058,7264,0,30186,-19848,0
0,0,28078,55,7265,0,30721
122,0,0,0,28578,55,7266
32768000,112,0,0,0,0,29078
3100933167,500,116,0,0,0,0
7268,3137764934,491,500,115,0,0
3634558,7269,-32676,-17091,0,500,98
0,3635058,7270,0,-32142,-16526,500
0,0,31078,55,7271,0,33930
118,0,0,0,31578,55,7272
23003636,117,0,0,0,0,32078
3311044792,32768000,109,0,0,0,0
7274,3335621328,500,144,110,0,0
3637558,7275,-29462,-14355,0,500,103
0,3638058,7276,0,-28925,-14167,500
0,0,-31458,55,7277,0,37148
96,0,0,0,-30958,55,7278
500,110,0,0,0,0,35078
3370227030,32768000,106,0,0,0,0
7280,3362690931,500,0,109,0,0
3640558,7281,-26222,-14390,500,370,108
0,3641058,7282,0,-25676,-14595,0
0,0,-28458,55,7283,0,40408
94,0,0,0,-27958,55,7284
500,103,0,0,0,0,38078
3286475303,32768069,99,0,0,0,0
7286,3266225237,0,500,94,0,0
3643558,7287,-22906,-16023,500,0,96
0,3644058,7288,0,-22339,-16361,0
0,0,-25458,55,7289,0,43769
92,0,0,0,-24958,55,7290
32768000,85,0,0,0,0,41078
3151998859,500,97,0,0,0,0
7292,3127357922,0,500,90,0,0
3646558,7293,-19385,-18201,320,500,88
0,3647058,7294,0,-18759,-18590,500
0,0,-22458,55,7295,0,47417
86,0,0,0,-21958,55,7296
500,88,0,0,0,0,44078
2998451799,12714484,88,0,0,0,0
7298,2971910364,0,500,80,0,0
3649558,7299,-15559,-20597,500,0,85
0,3650058,7300,0,-15032,-21008,0
0,0,-19458,55,7301,0,50918
72,0,0,0,-18958,55,7302
500,76,0,0,0,0,47078
2836580505,500,81,0,0,0,0
7304,2809120953,492,500,80,0,0
3652558,7305,-14219,-23093,0,500,74
0,3653058,7306,0,-14367,-23515,500
0,0,-16458,55,7307,0,50957
64,0,0,0,-15958,55,7308
500,77,0,0,0,0,50078
1532937430,32768000,63,0,0,0,0
7310,1507312520,0,500,59,0,0
3655558,7311,-15841,22606,500,0,74
0,3656058,7312,0,-16223,22213,0
0,0,-13458,55,7313,0,48915
69,0,0,0,-12958,55,7314
13566452,70,0,0,0,0,53078
1378859983,32768000,63,0,0,0,0
7316,1353300509,0,500,55,0,0
3658558,7317,-18333,20260,500,0,70
0,3659058,7318,0,-18782,19873,0
0,0,-10458,55,7319,0,46299
65,0,0,0,-9958,55,7320
32768000,61,0,0,0,0,56078
1227141438,32768000,57,0,0,0,0
7322,1202433898,500,0,59,0,0
3661558,7323,-21102,17974,500,325,59
0,3662058,7324,0,-21576,17607,0
0,0,-7458,55,7325,0,43484
48,0,0,0,-6958,55,7326
500,59,0,0,0,0,59078
1084139036,32768000,51,0,0,0,0
7328,1062052924,0,500,44,0,0
3664558,7329,-23974,15880,500,0,60
0,3665058,7330,0,24370,15570,0
0,0,-4458,55,7331,0,23916
53,0,0,0,-3958,55,7332
32768000,39,0,0,0,0,62078
967727585,500,43,0,0,0,0
7334,954226714,500,0,51,0,0
3667558,7335,22102,14397,0,500,42
0,3668058,7336,0,21650,14291,500
0,0,-1458,55,7337,0,21198
29,0,0,0,-958,55,7338
500,45,0,0,0,0,65078
947277645,500,51,0,0,0,0
7340,964644241,422,500,50,0,0
3670558,7341,19414,15097,381,500,49
0,3671058,7342,0,18975,15574,0
0,0,1542,56,7343,0,18541
50,0,0,0,2042,56,7344
32768000,44,0,0,0,0,2542
1134052632,500,52,0,0,0,0
7346,1172980602,0,500,37,0,0
3673558,7347,16869,18481,262,500,36
0,3674058,7348,0,16474,19051,500
0,0,4542,56,7349,0,16093
33,0,0,0,5042,56,7350
500,37,0,0,0,0,5542
1355955232,1901044,39,0,0,0,0
7352,1390557928,500,0,45,0,0
3676558,7353,14804,21738,0,500,28
0,3677058,7354,0,14576,22253,500
0,0,7542,56,7355,0,14410
28,0,0,0,8042,56,7356
500,40,0,0,0,0,8542
1558001667,32768301,38,0,0,0,0
7358,1590769812,500,0,54,0,0
3679558,7359,14774,24772,0,500,43
0,3680058,7360,0,15212,25268,0
0,0,10542,56,7361,0,15770
19,0,0,0,11042,56,7362
500,22,0,0,0,0,11542
1753105069,500,31,0,0,0,0
7364,1785283912,0,500,19,0,0
3682558,7365,18389,27732,500,0,27
0,3683058,7366,0,19024,28221,500
0,0,13542,56,7367,0,19644
20,0,0,0,14042,56,7368
500,35,0,0,0,0,14542
1945784682,32768000,19,0,0,0,0
7370,1977766834,500,0,29,0,0
3685558,7371,22002,30667,500,0,37
0,3686058,7372,0,22571,31155,0
0,0,16542,56,7373,0,23133
40,0,0,0,17042,56,7374
32768000,27,0,0,0,0,17542
2137808571,500,39,0,0,0,0
7376,2169790691,0,500,26,0,0
3688558,7377,25353,-31940,0,500,19
0,3689058,7378,0,25903,-31450,500
0,0,19542,56,7379,0,26451
38,0,0,0,20042,56,7380
32768000,29,0,0,0,0,20542
2330094483,14877172,30,0,0,0,0
7382,2362273203,500,274,31,0,0
3691558,7383,28627,-29000,500,148,32
0,3692058,7384,0,29168,-28509,0
0,0,22542,56,7385,0,29708
27,0,0,0,23042,56,7386
500,41,0,0,0,0,23542
2523560007,32768365,40,0,0,0,0
7388,2556000866,0,500,31,0,0
3694558,7389,31869,-26038,0,500,22
0,3695058,7390,0,32410,-25540,500
0,0,25542,56,7391,0,32950
23,0,0,0,26042,56,7392
32768000,19,0,0,0,0,26542
2719843565,500,30,0,0,0,0
7394,2753005322,0,500,20,0,0
3697558,7395,-30425,-23020,500,0,32
0,3698058,7396,0,-29885,-22509,0
0,0,28542,56,7397,0,36193
30,0,0,0,29042,56,7398
500,46,0,0,0,0,29542
2922418588,32768000,39,0,0,0,0
7400,2957415356,0,500,25,0,0
3700558,7401,-27171,-19867,500,0,38
0,3701058,7402,0,-26627,-19314,5
0,0,31542,56,7403,0,39454
35,0,0,0,32042,56,7404
32768000,25,0,0,0,0,32542
3143409257,500,36,0,0,0,0
7406,3183124624,500,129,37,0,0
3703558,7407,-23880,-16361,0,500,32
0,3704058,7408,0,-23323,-15786,0
0,0,-30994,56,7409,0,42773
39,0,0,0,-30494,56,7410
500,47,0,0,0,0,35542
3336678274,32768000,32,0,0,0,0
7412,3344674243,500,0,39,0,0
3706558,7413,-20471,-14499,0,500,25
0,3707058,7414,0,-19878,-14595,500
0,0,-27994,56,7415,0,46264
39,0,0,0,-27494,56,7416
23069172,39,0,0,0,0,38542
3293886884,32768414,38,0,0,0,0
7418,3273505843,0,500,30,0,0
3709558,7419,-16691,-15927,500,0,40
0,3710058,7420,0,-16040,-16287,0
0,0,-24994,56,7421,0,50085
46,0,0,0,-24494,56,7422
500,52,0,0,0,0,41542
3150694064,32768000,41,0,0,0,0
7424,3123693373,180,500,39,0,0
3712558,7425,-14537,-18294,500,0,44
0,3713058,7426,0,-14658,-18722,92
0,0,-21994,56,7427,0,50668
41,0,0,0,-21494,56,7428
14221812,42,0,0,0,0,44542
2982003608,32768000,31,0,0,0,0
7430,2952774192,500,0,38,0,0
3715558,7431,-16213,-20931,500,0,41
0,3716058,7432,0,-16622,-21382,365
0,0,-18994,56,7433,0,48489
34,0,0,0,-18494,56,7434
500,43,0,0,0,0,47542
2804070892,500,47,0,0,0,0
7436,2773989408,500,0,51,0,0
3718558,7437,-18867,-23669,0,500,46
0,3719058,7438,0,-19342,-24131,500
0,0,-15994,56,7439,0,45714
46,0,0,0,-15494,56,7440
27394548,46,0,0,0,0,50542
2622467784,4850164,48,0,0,0,0
7442,1683926237,500,0,57,0,0
3721558,7443,-21775,25251,0,500,44
0,3722058,7444,0,-22270,24808,500
0,0,-12994,56,7445,0,42769
56,0,0,0,-12494,56,7446
32768000,51,0,0,0,0,53542
1538695978,32768481,50,0,0,0,0
7448,1509663028,500,0,66,0,0
3724558,7449,-24770,22592,0,500,58
0,3725058,7450,0,-25273,22150,500
0,0,-9994,56,7451,0,39760
60,0,0,0,-9494,56,7452
500,66,0,0,0,0,56542
1365336613,32768000,57,0,0,0,0
7454,1336762434,0,500,52,0,0
3727558,7455,24160,19963,500,0,73
0,3728058,7456,0,23676,19531,270
0,0,-6994,56,7457,0,23193
70,0,0,0,-6494,56,7458
32768000,65,0,0,0,0,59542
1196775128,14680564,66,0,0,0,0
7460,1169642744,0,500,60,0,0
3730558,7461,21275,17441,500,0,68
0,3731058,7462,0,20800,17044,500
0,0,-3994,56,7463,0,20326
68,0,0,0,-3494,56,7464
32768000,57,0,0,0,0,62542
1044007869,500,64,0,0,0,0
7466,1022249456,500,0,87,0,0
3733558,7467,18470,15294,0,500,64
0,3734058,7468,0,18019,15028,500
0,0,-994,56,7469,0,17577
71,0,0,0,-494,56,7470
18547188,72,0,0,0,0,6
958153044,500,78,0,0,0,0
7472,962805694,500,0,91,0,0
3736558,7473,15934,14911,0,500,76
0,3737058,7474,0,15577,15288,500
0,0,2006,57,7475,0,15254
75,0,0,0,2506,57,7476
500,87,0,0,0,0,3006
1115109809,500,102,0,0,0,0
7478,1155742012,0,500,89,0,0
3739558,7479,14658,18240,500,0,97
0,3740058,7480,0,14825,18827,500
0,0,5006,57,7481,0,15177
79,0,0,0,5506,57,7482
500,88,0,0,0,0,6006
1343832004,32768000,81,0,0,0,0
7484,1379156577,500,0,88,0,0
3742558,7485,17659,21577,0,500,83
0,3743058,7486,0,18307,22105,500
0,0,8006,57,7487,0,18936
98,0,0,0,8506,57,7488
32768000,88,0,0,0,0,9006
1550995115,32768234,85,0,0,0,0
7490,1584812276,500,0,106,0,0
3745558,7491,21300,24695,0,500,101
0,3746058,7492,0,21868,25207,0
0,0,11006,57,7493,0,22430
94,0,0,0,11506,57,7494
32768200,91,0,0,0,0,12006
1752194042,500,112,0,0,0,0
7496,1785486883,0,500,101,0,0
3748558,7497,24648,27753,500,0,108
0,3749058,7498,0,25199,28261,500
0,0,14006,57,7499,0,25745
105,0,0,0,14506,57,7500
32768335,103,0,0,0,0,15006
1951557843,22872564,103,0,0,0,0
7502,1984785140,500,0,105,0,0
3751558,7503,27923,30790,500,420,104
0,3752058,7504,0,28464,31295,500
0,0,17006,57,7505,0,29007
102,0,0,0,17506,57,7506
32768085,99,0,0,0,0,18006
2150397321,500,106,0,0,0,0
7508,2183493542,500,0,114,0,0
3754558,7509,31172,-31713,0,500,110
0,3755058,7510,0,31711,-31207,500
0,0,20006,57,7511,0,32250
109,0,0,0,20506,57,7512
32768294,107,0,0,0,0,21006
2349433397,500,120,0,0,0,0
7514,2382660688,0,500,111,0,0
3757558,7515,-31125,-28673,500,0,123
0,3758058,7516,0,-30584,-28164,0
0,0,23006,57,7517,0,35494
112,0,0,0,23506,57,7518
500,114,0,0,0,0,24006
2549386975,500,118,0,0,0,0
7520,2582941950,500,129,119,0,0
3760558,7521,-27875,-25613,162,500,116
0,3761058,7522,0,-27334,-25101,496
0,0,26006,57,7523,0,38745
120,0,0,0,26506,57,7524
500,125,0,0,0,0,27006
2751503260,32768200,122,0,0,0,0
7526,2785582525,0,500,117,0,0
3763558,7527,-24607,-22509,500,0,123
0,3764058,7528,0,-24056,-21982,0
0,0,29006,57,7529,0,42030
104,0,0,0,29506,57,7530
500,123,0,0,0,0,30006
2959583364,32768000,118,0,0,0,0
7532,2995628726,500,0,122,0,0
3766558,7533,-21270,-19267,500,27,123
0,3767058,7534,0,-20699,-18694,0
0,0,32006,57,7535,0,45416
114,0,0,0,32506,57,7536
500,137,0,0,0,0,33006
3189356048,32768000,120,0,0,0,0
7538,3230251130,500,0,135,0,0
3769558,7539,-17669,-15668,0,500,130
0,3770058,7540,0,-17009,-15202,389
0,0,-30530,57,7541,0,49192
130,0,0,0,-30030,57,7542
32768111,127,0,0,0,0,36006
3324298384,500,130,0,0,0,0
7544,3314795981,500,0,136,0,0
3772558,7545,-14783,-15186,500,0,147
0,3773058,7546,0,-14834,-15475,0
0,0,-27530,57,7547,0,50527
140,0,0,0,-27030,57,7548
500,143,0,0,0,0,39006
3209741080,500,149,0,0,0,0
7550,3183067561,500,0,152,0,0
3775558,7551,-16359,-17389,500,0,161
0,3776058,7552,0,-16781,-17821,0
0,0,-24530,57,7553,0,48316
144,0,0,0,-24030,57,7554
500,167,0,0,0,0,42006
3038886180,32768000,158,0,0,0,0
7556,3008739147,0,500,154,0,0
3778558,7557,-19093,-20091,500,0,158
0,3779058,7558,0,-19580,-20560,500
0,0,-21530,57,7559,0,45464
163,0,0,0,-21030,57,7560
32768378,160,0,0,0,0,45006
2854530488,500,171,0,0,0,0
7562,2823203778,500,65,172,0,0
3781558,7563,-22070,-22938,500,0,177
0,3782058,7564,0,-22575,-23418,500
0,0,-18530,57,7565,0,42455
179,0,0,0,-18030,57,7566
500,179,0,0,0,0,48006
2665390555,500,185,0,0,0,0
7568,2633670621,500,413,184,0,0
3784558,7569,-25121,-25835,500,0,188
0,3785058,7570,0,-25634,-26321,0
0,0,-15530,57,7571,0,39389
193,0,0,0,-15030,57,7572
500,203,0,0,0,0,51006
1717070007,27066868,202,0,0,0,0
7574,1686136515,0,500,193,0,0
3787558,7575,25809,25257,500,0,198
0,3788058,7576,0,25312,24787,500
0,0,-12530,57,7577,0,24813
210,0,0,0,-12030,57,7578
32768415,207,0,0,0,0,54006
1531993354,25952756,206,0,0,0,0
7580,1501190938,500,0,207,0,0
3790558,7581,22826,22438,500,0,222
0,3791058,7582,0,22332,21972,500
0,0,-9530,57,7583,0,21840
217,0,0,0,-9030,57,7584
500,226,0,0,0,0,57006
1348817275,500,231,0,0,0,0
7586,1318735766,0,500,217,0,0
3793558,7587,19890,19666,500,0,239
0,3794058,7588,0,19410,19214,0
0,0,-6530,57,7589,0,18936
232,0,0,0,-6030,57,7590
30212596,230,0,0,0,0,60006
1172194899,500,234,0,0,0,0
7592,1144079501,0,500,229,0,0
3796558,7593,17106,17039,500,0,259
0,3797058,7594,0,16678,16635,0
0,0,-3530,57,7595,0,16267
244,0,0,0,-3030,57,7596
32768000,236,0,0,0,0,63006
1019100332,500,243,0,0,0,0
7598,1000094592,0,500,238,0,0
3799558,7599,15003,15032,500,0,242
0,3800058,7600,0,14878,14893,500
0,0,-530,57,7601,0,14903
253,0,0,0,-30,57,7602
32768000,238,0,0,0,0,470
1008417996,1376756,238,0,0,0,0
7604,1042562850,0,500,233,0,0
3802558,7605,16826,16524,500,0,235
0,3803058,7606,0,17492,17161,500
0,0,2470,58,7607,0,18137
230,0,0,0,2970,58,7608
500,235,0,0,0,0,3470
1243237278,500,240,0,0,0,0
7610,1280462314,481,500,238,0,0
3805558,7611,20523,20094,114,500,234
0,3806058,7612,0,21092,20640,500
0,0,5470,58,7613,0,21653
243,0,0,0,5970,58,7614
500,244,0,0,0,0,6470
1457871086,500,248,0,0,0,0
7616,1492409109,0,500,239,0,0
3808558,7617,23866,23296,500,0,249
0,3809058,7618,0,24414,23820,500
0,0,8470,58,7619,0,24959
243,0,0,0,8970,58,7620
500,259,0,0,0,0,9470
1663198654,32768293,255,0,0,0,0
7622,1697146844,500,0,259,0,0
3811558,7623,27129,26412,0,500,249
0,3812058,7624,0,27670,26927,500
0,0,11470,58,7625,0,28211
273,0,0,0,11970,58,7626
7274996,272,0,0,0,0,12470
1866035817,500,277,0,0,0,0
7628,1899787397,500,0,277,0,0
3814558,7629,30368,29502,262,500,273
0,3815058,7630,0,30906,30015,500
0,0,14470,58,7631,0,31444
295,0,0,0,14970,58,7632
500,295,0,0,0,0,15470
2068086537,500,310,0,0,0,0
7634,2101707043,500,0,319,0,0
3817558,7635,-31938,32582,0,500,294
0,3818058,7636,0,-31399,-32439,500
0,0,17470,58,7637,0,34674
321,0,0,0,17970,58,7638
500,328,0,0,0,0,18470
2269940647,32768000,320,0,0,0,0
7640,2303626691,500,0,330,0,0
3820558,7641,-28707,-29873,500,0,334
0,3821058,7642,0,-28168,-29358,500
0,0,20470,58,7643,0,37908
332,0,0,0,20970,58,7644
500,352,0,0,0,0,21470
2472187981,32768000,339,0,0,0,0
7646,2506005098,500,0,353,0,0
3823558,7647,-25463,-26781,500,0,358
0,3824058,7648,0,-24920,-26265,500
0,0,23470,58,7649,0,41159
364,0,0,0,23970,58,7650
500,364,0,0,0,0,24470
2675614989,500,364,0,0,0,0
7652,2709628722,500,0,369,0,0
3826558,7653,-22184,-23670,500,267,367
0,3827058,7654,0,-21629,-23146,500
0,0,26470,58,7655,0,44467
369,0,0,0,26970,58,7656
500,371,0,0,0,0,27470
2881794593,500,380,0,0,0,0
7658,2916856935,0,500,370,0,0
3829558,7659,-18759,-20490,500,0,381
0,3830058,7660,0,-18148,-19945,0
0,0,29470,58,7661,0,48024
382,0,0,0,29970,58,7662
11600372,380,0,0,0,0,30470
3099639998,32768361,375,0,0,0,0
7664,3139093263,392,500,371,0,0
3832558,7665,-15180,-17012,0,500,361
0,3833058,7666,0,-14990,-16377,500
0,0,32470,58,7667,0,50529
367,0,0,0,-32566,58,7668
25756148,363,0,0,0,0,33470
3309159340,500,365,0,0,0,0
7670,3313091166,500,0,377,0,0
3835558,7671,-16158,-15084,0,500,365
0,3836058,7672,0,-16572,-15298,500
0,0,-30066,58,7673,0,48527
367,0,0,0,-29566,58,7674
500,366,0,0,0,0,36470
3226319355,500,365,0,0,0,0
7676,3199776798,500,0,367,0,0
3838558,7677,-18886,-17136,500,0,373
0,3839058,7678,0,-19375,-17573,0
0,0,-27066,58,7679,0,45668
368,0,0,0,-26566,58,7680
500,373,0,0,0,0,39470
3053497978,12845556,371,0,0,0,0
7682,3022761090,500,0,382,0,0
3841558,7683,-21880,-19886,500,0,387
0,3842058,7684,0,-22389,-20365,500
0,0,-24066,58,7685,0,42635
387,0,0,0,-23566,58,7686
500,402,0,0,0,0,42470
2865341068,32768000,378,0,0,0,0
7688,2833358985,500,0,410,0,0
3844558,7689,-24955,-22793,500,0,412
0,3845058,7690,0,-25470,-23284,500
0,0,-21066,58,7691,0,39551
431,0,0,0,-20566,58,7692
500,430,0,0,0,0,45470
2672203379,500,431,0,0,0,0
7694,2639828079,500,0,440,0,0
3847558,7695,27445,-25751,500,0,452
0,3848058,7696,0,26938,-26247,181
0,0,-18066,58,7697,0,26431
463,0,0,0,-17566,58,7698
500,491,0,0,0,0,48470
2477351756,32768000,483,0,0,0,0
7700,1790533970,443,500,478,0,0
3850558,7701,24408,26834,500,0,480
0,3851058,7702,0,23904,26349,500
0,0,-15066,58,7703,0,23401
493,0,0,0,-14566,58,7704
500,506,0,0,0,0,51470
1631344507,500,506,0,0,0,0
7706,1599624584,500,0,510,0,0
3853558,7707,21398,23924,500,0,510
0,3854058,7708,0,20901,23440,0
0,0,-12066,58,7709,0,20406
510,0,0,0,-11566,58,7710
500,516,0,0,0,0,54470
1441549285,500,524,0,0,0,0
7712,1410091521,0,500,515,0,0
3856558,7713,18467,21038,500,0,528
0,3857058,7714,0,17997,20563,500
0,0,-9066,58,7715,0,17537
512,0,0,0,-8566,58,7716
500,525,0,0,0,0,57470
1255358732,3473908,522,0,0,0,0
7718,1225146224,0,500,513,0,0
3859558,7719,15858,18239,500,0,523
0,3860058,7720,0,15519,17790,0
0,0,-6066,58,7721,0,15245
507,0,0,0,-5566,58,7722
32768000,490,0,0,0,0,60470
1082145489,500,500,0,0,0,0
7724,1056652186,287,500,494,0,0
3862558,7725,15703,15766,500,0,495
0,3863058,7726,0,16318,15454,0
0,0,-3066,58,7727,0,16985
487,0,0,0,-2566,58,7728
500,488,0,0,0,0,63470
988104541,500,489,0,0,0,0
7730,1002654136,500,0,489,0,0
3865558,7731,19461,15745,500,0,492
0,3866058,7732,0,20037,16342,500
0,0,-66,58,7733,0,20603
500,0,0,0,434,59,7734
500,502,0,0,0,0,934
1194087637,500,516,0,0,0,0
7736,1232295677,291,500,510,0,0
3868558,7737,22817,19369,500,0,525
0,3869058,7738,0,23362,19924,500
0,0,2934,59,7739,0,23908
531,0,0,0,3434,59,7740
500,547,0,0,0,0,3934
1411998111,500,553,0,0,0,0
7742,1446798269,500,0,565,0,0
3871558,7743,26074,22606,500,0,566
0,3872058,7744,0,26612,23131,500
0,0,5934,59,7745,0,27149
594,0,0,0,6434,59,7746
500,604,0,0,0,0,6934
1618832963,500,607,0,0,0,0
7748,1652912220,500,0,623,0,0
3874558,7749,29299,25741,500,0,622
0,3875058,7750,0,29837,26260,107
0,0,8934,59,7751,0,30374
626,0,0,0,9434,59,7752
500,639,0,0,0,0,9934
1822849749,500,658,0,0,0,0
7754,1856797935,500,0,661,0,0
3877558,7755,32520,28850,500,0,664
0,3878058,7756,0,-32481,29367,500
0,0,11934,59,7757,0,33591
666,0,0,0,12434,59,7758
500,668,0,0,0,0,12934
2026211176,500,667,0,0,0,0
7760,2060028287,0,500,656,0,0
3880558,7761,-29800,31948,500,0,664
0,3881058,7762,0,-29263,32466,500
0,0,14934,59,7763,0,36810
662,0,0,0,15434,59,7764
500,658,0,0,0,0,15934
2229179388,21692916,652,0,0,0,0
7766,2263127575,500,0,651,0,0
3883558,7767,-26576,-30488,500,0,658
0,3884058,7768,0,-26039,-29972,0
0,0,17934,59,7769,0,40037
633,0,0,0,18434,59,7770
500,635,0,0,0,0,18934
2432540830,32768000,626,0,0,0,0
7772,2466423483,500,79,622,0,0
3886558,7773,-23333,-27383,500,0,628
0,3887058,7774,0,-22787,-26864,0
0,0,20934,59,7775,0,43295
617,0,0,0,21434,59,7776
500,619,0,0,0,0,21934
2636557676,500,625,0,0,0,0
7778,2670768026,500,0,624,0,0
3889558,7779,-20020,-24263,500,0,626
0,3890058,7780,0,-19451,-23741,500
0,0,23934,59,7781,0,46667
646,0,0,0,24434,59,7782
500,645,0,0,0,0,24934
2842475277,500,659,0,0,0,0
7784,2877144467,500,0,660,0,0
3892558,7785,-16343,-21101,500,0,700
0,3893058,7786,0,-15732,-20564,500
0,0,26934,59,7787,0,50233
696,0,0,0,27434,59,7788
500,720,0,0,0,0,27934
3055535275,500,716,0,0,0,0
7790,3093218267,500,0,736,0,0
3895558,7791,-15700,-17745,500,0,744
0,3896058,7792,0,-16066,-17126,500
0,0,29934,59,7793,0,49063
750,0,0,0,30434,59,7794
500,777,0,0,0,0,30934
3285498929,500,780,0,0,0,0
7796,3301030492,500,0,792,0,0
3898558,7797,-18306,-15160,500,0,796
0,3899058,7798,0,-18792,-15317,500
0,0,-32602,59,7799,0,46252
802,0,0,0,-32102,59,7800
500,819,0,0,0,0,33934
3227365571,500,817,0,0,0,0
7802,3200626378,500,0,828,0,0
3901558,7803,-21296,-17128,500,165,822
0,3902058,7804,0,-21807,-17574,500
0,0,-29602,59,7805,0,43217
815,0,0,0,-29102,59,7806
500,810,0,0,0,0,36934
3051922638,500,817,0,0,0,0
7808,3020595913,500,449,809,0,0
3904558,7809,-24380,-19927,500,332,802
0,3905058,7810,0,-24896,-20412,500
0,0,-26602,59,7811,0,40121
796,0,0,0,-26102,59,7812
32768000,768,0,0,0,0,39934
2860751018,500,772,0,0,0,0
7814,2828375716,0,500,759,0,0
3907558,7815,-27493,-22876,0,500,734
0,3908058,7816,0,-28014,-23374,500
0,0,-23602,59,7817,0,28150
757,0,0,0,-23102,59,7818
500,754,0,0,0,0,42934
2664917495,32768000,739,0,0,0,0
7820,2632148984,0,500,729,0,0
3910558,7821,26105,-25874,500,0,748
0,3911058,7822,0,25594,-26377,0
0,0,-20602,59,7823,0,25083
722,0,0,0,-20102,59,7824
32768000,712,0,0,0,0,45934
2467520001,500,717,0,0,0,0
7826,1859476483,395,500,709,0,0
3913558,7827,23046,27877,500,0,706
0,3914058,7828,0,22540,27383,500
0,0,-17602,59,7829,0,22035
704,0,0,0,-17102,59,7830
500,714,0,0,0,0,48934
1697272355,500,719,0,0,0,0
7832,1664897071,0,500,706,0,0
3916558,7833,20031,24910,500,0,723
0,3917058,7834,0,19536,24416,0
0,0,-14602,59,7835,0,19045
710,0,0,0,-14102,59,7836
500,716,0,0,0,0,51934
1503348387,32768000,705,0,0,0,0
7838,1471169741,0,500,693,0,0
3919558,7839,17155,21958,500,0,704
0,3920058,7840,0,16713,21470,0
0,0,-11602,59,7841,0,16295
692,0,0,0,-11102,59,7842
500,691,0,0,0,0,54934
1311784147,32768263,682,0,0,0,0
7844,1280457682,500,0,684,0,0
3922558,7845,15187,19063,0,500,657
0,3923058,7846,0,15262,18592,285
0,0,-8602,59,7847,0,15610
652,0,0,0,-8102,59,7848
32768000,637,0,0,0,0,57934
1128874452,500,636,0,0,0,0
7850,1100563555,500,364,630,0,0
3925558,7851,18132,16383,363,500,623
0,3926058,7852,0,18730,16000,37
0,0,-5602,59,7853,0,19312
616,0,0,0,-5102,59,7854
32768000,607,0,0,0,0,60934
997281757,32768000,591,0,0,0,0
7856,997544456,500,120,587,0,0
3928558,7857,21551,15467,0,500,572
0,3929058,7858,0,22101,15963,500
0,0,-2602,59,7859,0,22646
563,0,0,0,-2102,59,7860
500,567,0,0,0,0,63934
1170103475,32768000,555,0,0,0,0
7862,1208835794,500,247,551,0,0
3931558,7863,24813,19017,0,500,539
0,3932058,7864,0,25351,19575,500
0,0,398,60,7865,0,25891
532,0,0,0,898,60,7866
500,543,0,0,0,0,1398
1389652309,21889524,538,0,0,0,0
7868,1424649071,500,0,537,0,0
3934558,7869,28041,22270,500,0,536
0,3935058,7870,0,28576,22798,500
0,0,3398,60,7871,0,29111
539,0,0,0,3898,60,7872
32768000,528,0,0,0,0,4398
1597601258,500,542,0,0,0,0
7874,1631877120,500,0,539,0,0
3937558,7875,31254,25422,500,0,538
0,3938058,7876,0,31791,25946,500
0,0,6398,60,7877,0,32328
524,0,0,0,6898,60,7878
32768000,516,0,0,0,0,7398
1802994293,500,520,0,0,0,0
7880,1837204621,0,500,497,0,0
3940558,7881,-31066,28555,500,0,502
0,3941058,7882,0,-30531,29075,0
0,0,9398,60,7883,0,35540
483,0,0,0,9898,60,7884
24510964,479,0,0,0,0,10398
2007928581,30605812,475,0,0,0,0
7886,2041942301,0,500,458,0,0
3943558,7887,-27852,31677,500,0,458
0,3944058,7888,0,-27314,32198,0
0,0,12398,60,7889,0,38759
435,0,0,0,12898,60,7890
500,437,0,0,0,0,13398
2212535194,32768312,432,0,0,0,0
7892,2246679989,0,500,414,0,0
3946558,7893,-24624,-30733,0,500,400
0,3947058,7894,0,-24085,-30213,350
0,0,15398,60,7895,0,41992
390,0,0,0,15898,60,7896
14877172,387,0,0,0,0,16398
2417600583,32768000,381,0,0,0,0
7898,2451745383,500,0,382,0,0
3949558,7899,-21364,-27603,138,500,377
0,3950058,7900,0,-20812,-27080,0
0,0,18398,60,7901,0,45278
364,0,0,0,18898,60,7902
3539444,363,0,0,0,0,19398
2623124809,32768000,354,0,0,0,0
7904,2657531792,500,0,371,0,0
3952558,7905,-17944,-24461,0,500,363
0,3953058,7906,0,-17317,-23935,500
0,0,21398,60,7907,0,48876
355,0,0,0,21898,60,7908
500,358,0,0,0,0,22398
2830287730,500,360,0,0,0,0
7910,2865087581,500,0,364,0,0
3955558,7911,-15298,-21284,500,448,361
0,3956058,7912,0,-15504,-20747,0
0,0,24398,60,7913,0,49719
336,0,0,0,24898,60,7914
500,337,0,0,0,0,25398
3043016474,26083828,334,0,0,0,0
7916,3080174942,0,500,325,0,0
3958558,7917,-17520,-17953,0,500,317
0,3959058,7918,0,-17997,-17343,0
0,0,27398,60,7919,0,47052
301,0,0,0,27898,60,7920
32768000,288,0,0,0,0,28398
3275928557,32768000,271,0,0,0,0
7922,3293032949,500,389,269,0,0
3961558,7923,-20487,-15291,0,500,254
0,3962058,7924,0,-20996,-15473,500
0,0,30398,60,7925,0,44029
241,0,0,0,30898,60,7926
32768000,234,0,0,0,0,31398
3211896822,32768013,229,0,0,0,0
7928,3183781361,0,500,216,0,0
3964558,7929,-23573,-17404,500,0,224
0,3965058,7930,0,-24093,-17867,0
0,0,-32138,60,7931,0,40924
195,0,0,0,-31638,60,7932
32768500,193,0,0,0,0,34398
3029834698,32768304,190,0,0,0,0
7934,2997590463,500,76,191,0,0
3967558,7935,-26698,-20290,0,500,179
0,3968058,7936,0,-27219,-20787,500
0,0,-29138,60,7937,0,37793
178,0,0,0,-28638,60,7938
500,191,0,0,0,0,37398
2834133106,32768000,177,0,0,0,0
7940,2801036909,18,500,173,0,0
3970558,7941,27751,-23303,500,0,175
0,3971058,7942,0,27234,-23809,500
0,0,-26138,60,7943,0,26718
172,0,0,0,-25638,60,7944
16122356,172,0,0,0,0,40398
2634638419,500,175,0,0,0,0
7946,2601280080,0,500,154,0,0
3973558,7947,24654,-26353,500,0,157
0,3974058,7948,0,24138,-26864,0
0,0,-23138,60,7949,0,23622
132,0,0,0,-22638,60,7950
32768000,129,0,0,0,0,43398
2434029638,32768000,118,0,0,0,0
7952,1883526726,500,-600,118,0,1
3976540,7953,21577,28234,500,-600,118
0,3977040,7954,0,21069,27731,500
1,0,-20156,60,7955,0,20565
118,1,0,0,-19656,60,7956
4255646196,118,1,0,0,0,46380
1718766701,4255646196,118,0,1,0,0
7958,1685998208,500,-600,118,0,1
3979540,7959,18584,25227,500,-600,118
0,3980040,7960,0,18103,24730,500
1,0,-17156,60,7961,0,17631
118,1,0,0,-16656,60,7962
4255646196,118,1,0,0,0,49380
1523532121,4255646196,118,0,1,0,0
7964,1491484598,500,-600,118,0,1
3982540,7965,15927,22269,500,-600,118
0,3983040,7966,0,15601,21782,500
1,0,-14156,60,7967,0,15367
118,1,0,0,-13656,60,7968
4255646196,118,1,0,0,0,52380
1332886632,4255646196,118,0,1,0,0
7970,1301691958,500,-600,118,0,1
3985540,7971,16558,19390,500,-600,118
0,3986040,7972,0,17208,18923,500
1,0,-11156,60,7973,0,17829
118,1,0,0,-10656,60,7974
4255646196,118,1,0,0,0,55380
1150896687,4255646196,118,0,1,0,0
7976,1122454621,500,-600,118,0,1
3988540,7977,20098,16708,500,-600,118
0,3989040,7978,0,20639,16314,500
1,0,-8156,60,7979,0,21176
118,1,0,0,-7656,60,7980
4255646196,118,1,0,0,0,58380
1009604319,4255646196,118,0,1,0,0
7982,1003116782,500,-600,118,0,1
3991540,7983,23291,15417,500,-600,118
0,3992040,7984,0,23816,15794,500
1,0,-5156,60,7985,0,24340
118,1,0,0,-4656,60,7986
4255646196,118,1,0,0,0,61380
1150968612,4255646196,118,0,1,0,0
7988,1187800363,500,-600,118,0,1
3994540,7989,26418,18666,500,-600,118
0,3995040,7990,0,26935,19191,500
1,0,-2156,60,7991,0,27451
118,1,0,0,-1656,60,7992
4255646196,118,1,0,0,0,64380
1357082433,4255646196,118,0,1,0,0
7994,1389457732,500,-600,118,0,1
3997540,7995,29509,21689,500,-600,118
0,3998040,7996,0,30021,22172,500
1,0,844,61,7997,0,30533
118,1,0,0,1344,61,7998
4255646196,118,1,0,0,0,1844
1546484549,4255646196,118,0,1,0,0
8000,1576893763,500,-600,118,0,1
4000540,8001,32576,24519,500,-600,118
0,4001040,8002,0,-32450,24971,500
1,0,3844,61,8003,0,33596
118,1,0,0,4344,61,8004
4255646196,118,1,0,0,0,4844
1722451763,4255646196,118,0,1,0,0
8006,1749715247,500,-600,118,0,1
4003540,8007,-29911,27103,500,-600,118
0,4004040,8008,0,-29403,27494,500
1,0,6844,61,8009,0,36638
118,1,0,0,7344,61,8010
4255646196,118,1,0,0,0,7844
1871942417,4255646196,118,0,1,0,0
8012,1892390154,500,-600,118,0,1
4006540,8013,-26877,29160,500,-600,118
0,4007040,8014,0,-26372,29415,500
1,0,9844,61,8015,0,39668
118,1,0,0,10344,61,8016
4255646196,118,1,0,0,0,10844
1961991908,4255646196,118,0,1,0,0
8018,1966842076,500,-600,118,0,1
4009540,8019,-23852,30021,500,-600,118
0,4010040,8020,0,-23348,29962,500
1,0,12844,61,8021,0,42693
118,1,0,0,13344,61,8022
4255646196,118,1,0,0,0,13844
1928964793,4255646196,118,0,1,0,0
8024,1911467188,500,-600,118,0,1
4012540,8025,-20816,28865,500,-600,118
0,4013040,8026,0,-20305,28534,500
1,0,15844,61,8027,0,45746
118,1,0,0,16344,61,8028
4255646196,118,1,0,0,0,16844
1796388552,4255646196,118,0,1,0,0
8030,1769519329,500,-600,118,0,1
4015540,8031,-17651,26578,500,-600,118
0,4016040,8032,0,-17069,26145,500
1,0,18844,61,8033,0,49075
118,1,0,0,19344,61,8034
4255646196,118,1,0,0,0,19844
1624752998,4255646196,118,0,1,0,0
8036,1594344372,500,-600,118,0,1
4018540,8037,-15581,23857,500,-600,118
0,4019040,8038,0,-15854,23383,500
1,0,21844,61,8039,0,49334
118,1,0,0,22344,61,8040
4255646196,118,1,0,0,0,22844
1437515148,4255646196,118,0,1,0,0
8042,1405467607,500,-600,118,0,1
4021540,8043,-17898,20951,500,-600,118
0,4022040,8044,0,-18356,20454,500
1,0,24844,61,8045,0,46715
118,1,0,0,25344,61,8046
4255646196,118,1,0,0,0,25844
1240707788,4255646196,118,0,1,0,0
8048,1206300912,500,-600,118,0,1
4024540,8049,-20719,17865,500,-600,118
0,4025040,8050,0,-21200,17301,500
1,0,27844,61,8051,0,43854
118,1,0,0,28344,61,8052
4255646196,118,1,0,0,0,28844
1024763783,4255646196,118,0,1,0,0
8054,1014474147,500,-600,118,0,1
4027540,8055,-23619,15587,500,-600,118
0,4028040,8056,0,-24105,15849,500
1,0,30844,61,8057,0,40945
118,1,0,0,31344,61,8058
4255646196,118,1,0,0,0,31844
1115331619,4255646196,118,0,1,0,0
8060,1144494651,500,-600,118,0,1
4030540,8061,-26540,17920,500,-600,118
0,4031040,8062,0,-27028,18387,500
1,0,-31692,61,8063,0,38021
118,1,0,0,-31192,61,8064
4255646196,118,1,0,0,0,34844
1299288246,4255646196,118,0,1,0,0
8066,1331138253,500,-600,118,0,1
4033540,8067,-29466,20800,500,-600,118
0,4034040,8068,0,29655,21292,500
1,0,-28692,61,8069,0,29197
118,1,0,0,-28192,61,8070
4255646196,118,1,0,0,0,37844
1492676218,4255646196,118,0,1,0,0
8072,1525247153,500,-600,118,0,1
4036540,8073,27369,23772,500,-600,118
0,4037040,8074,0,26913,24271,500
1,0,-25692,61,8075,0,26458
118,1,0,0,-25192,61,8076
4255646196,118,1,0,0,0,40844
1689084875,4255646196,118,0,1,0,0
8078,1721917957,500,-600,118,0,1
4039540,8079,24640,26777,500,-600,118
0,4040040,8080,0,24186,27280,500
1,0,-22692,61,8081,0,23734
118,1,0,0,-22192,61,8082
4255646196,118,1,0,0,0,43844
1886869808,4255646196,118,0,1,0,0
8084,1919899501,500,-600,118,0,1
4042540,8085,21932,29799,500,-600,118
0,4043040,8086,0,21484,-29867,500
1,0,-19692,61,8087,0,21037
118,1,0,0,-19192,61,8088
4255646196,118,1,0,0,0,46844
2430422707,4255646196,118,0,1,0,0
8090,2461289721,500,-600,118,0,1
4045540,8091,19265,-27508,500,-600,118
0,4046040,8092,0,18829,-27036,500
1,0,-16692,61,8093,0,18396
118,1,0,0,-16192,61,8094
4255646196,118,1,0,0,0,49844
2615886986,4255646196,118,0,1,0,0
8096,2646754030,500,-600,118,0,1
4048540,8097,16736,-24679,500,-600,118
0,4049040,8098,0,16362,-24208,500
1,0,-13692,61,8099,0,16028
118,1,0,0,-13192,61,8100
4255646196,118,1,0,0,0,52844
2800893247,4255646196,118,0,1,0,0
8102,2831629853,500,-600,118,0,1
4051540,8103,16432,-21859,500,-600,118
0,4052040,8104,0,17013,-21391,500
1,0,-10692,61,8105,0,17556
118,1,0,0,-10192,61,8106
4255646196,118,1,0,0,0,55844
2984724614,4255646196,118,0,1,0,0
8108,3015068269,500,-600,118,0,1
4054540,8109,19534,-19069,500,-600,118
0,4055040,8110,0,20012,-18610,500
1,0,-7692,61,8111,0,20487
118,1,0,0,-7192,61,8112
4255646196,118,1,0,0,0,58844
3163378615,4255646196,118,0,1,0,0
8114,3191297421,500,-600,118,0,1
4057540,8115,22371,-16438,500,-600,118
0,4058040,8116,0,22840,-16082,500
1,0,-4692,61,8117,0,23308
118,1,0,0,-4192,61,8118
4255646196,118,1,0,0,0,61844
3230490290,4255646196,118,0,1,0,0
8120,3190513796,500,-600,118,0,1
4060540,8121,25173,-17423,500,-600,118
0,4061040,8122,0,25638,-17960,500
1,0,-1692,61,8123,0,26104
118,1,0,0,-1192,61,8124
4255646196,118,1,0,0,0,64844
3017304472,4255646196,118,0,1,0,0
8126,2984340328,500,-600,118,0,1
4063540,8127,27959,-20501,500,-600,118
0,4064040,8128,0,28422,-21000,500
1,0,1308,62,8129,0,28886
118,1,0,0,1808,62,8130
4255646196,118,1,0,0,0,2308
2820895858,4255646196,118,0,1,0,0
8132,2788324928,500,-600,118,0,1
4066540,8133,30733,-23487,500,-600,118
0,4067040,8134,0,31195,-23983,500
1,0,4308,62,8135,0,31657
118,1,0,0,4808,62,8136
4255646196,118,1,0,0,0,5308
2625797954,4255646196,118,0,1,0,0
8138,2593292558,500,-600,118,0,1
4069540,8139,-32038,-26462,500,-600,118
0,4070040,8140,0,-31577,-26957,500
1,0,7308,62,8141,0,34419
118,1,0,0,7808,62,8142
4255646196,118,1,0,0,0,8308
2430962186,4255646196,118,0,1,0,0
8144,2398522325,500,-600,118,0,1
4072540,8145,-29280,-29434,500,-600,118
0,4073040,8146,0,-28821,-29929,500
1,0,10308,62,8147,0,37174
118,1,0,0,10808,62,8148
4255646196,118,1,0,0,0,11308
2236191946,4255646196,118,0,1,0,0
8150,2203752084,500,-600,118,0,1
4075540,8151,-26530,-32405,500,-600,118
0,4076040,8152,0,-26073,32635,500
1,0,13308,62,8153,0,39920
118,1,0,0,13808,62,8154
4255646196,118,1,0,0,0,14308
2041487234,4255646196,118,0,1,0,0
8156,2009047371,500,-600,118,0,1
4078540,8157,-23789,30159,500,-600,118
0,4079040,8158,0,-23333,29664,500
1,0,16308,62,8159,0,42660
118,1,0,0,16808,62,8160
4255646196,118,1,0,0,0,17308
1846782517,4255646196,118,0,1,0,0
8162,1814342652,500,-600,118,0,1
4081540,8163,-21052,27188,500,-600,118
0,4082040,8164,0,-20597,26693,500
1,0,19308,62,8165,0,45396
118,1,0,0,19808,62,8166
4255646196,118,1,0,0,0,20308
1652012260,4255646196,118,0,1,0,0
8168,1619572396,500,-600,118,0,1
4084540,8169,-18315,24217,500,-600,118
0,4085040,8170,0,-17856,23721,500
1,0,22308,62,8171,0,48142
118,1,0,0,22808,62,8172
4255646196,118,1,0,0,0,23308
1457176556,4255646196,118,0,1,0,0
8174,1424736466,500,-600,118,0,1
4087540,8175,-16506,21244,500,-600,118
0,4088040,8176,0,-16939,20748,500
1,0,25308,62,8177,0,48140
118,1,0,0,25808,62,8178
4255646196,118,1,0,0,0,26308
1262336099,4255646196,118,0,1,0,0
8180,1229829770,500,-600,118,0,1
4090540,8181,-19281,18268,500,-600,118
0,4091040,8182,0,-19756,17770,500
1,0,28308,62,8183,0,45304
118,1,0,0,28808,62,8184
4255646196,118,1,0,0,0,29308
1063628095,4255646196,118,0,1,0,0
8186,1084795746,500,-600,118,0,1
4093540,8187,-22139,17045,500,-600,118
0,4094040,8188,0,-22617,17557,500
1,0,31308,62,8189,0,42443
118,1,0,0,31808,62,8190
4255646196,118,1,0,0,0,32308
1252696591,4255646196,118,0,1,0,0
8192,1286840369,500,-600,118,0,1
4096540,8193,-25005,20157,500,-600,118
0,4097040,8194,0,-25482,20679,500
1,0,-31228,62,8195,0,39576
118,1,0,0,-30728,62,8196
4255646196,118,1,0,0,0,35308
1458214621,4255646196,118,0,1,0,0
8198,1492489472,500,-600,118,0,1
4099540,8199,-27870,23297,500,-600,118
0,4100040,8200,0,-28347,23821,500
1,0,-28228,62,8201,0,36612
118,1,0,0,-27728,62,8202
4255646196,118,1,0,0,0,38308
1664256958,4255646196,118,0,1,0,0
8204,1693747739,500,-600,118,0,1
4102540,8205,-30599,26309,500,-600,118
0,4103040,8206,0,-31017,26775,500
1,0,-25228,62,8207,0,34101
118,1,0,0,-24728,62,8208
4255646196,118,1,0,0,0,41308
1846313458,4255646196,118,0,1,0,0
8210,1876852817,500,-600,118,0,1
4105540,8211,32431,29102,500,-600,118
0,4106040,8212,0,31462,29567,500
1,0,-22228,62,8213,0,30985
118,1,0,0,-21728,62,8214
4255646196,118,1,0,0,0,44308
2029155664,4255646196,118,0,1,0,0
8216,2059629427,500,-600,118,0,1
4108540,8217,29079,32748,500,-600,118
0,4109040,8218,0,28603,-32262,500
1,0,-19228,62,8219,0,28126
118,1,0,0,-18728,62,8220
4255646196,118,1,0,0,0,47308
2284022309,4255646196,118,0,1,0,0
8222,2318559305,500,-600,118,0,1
4111540,8223,26221,-29632,500,-600,118
0,4112040,8224,0,25746,-29106,500
1,0,-16228,62,8225,0,25271
118,1,0,0,-15728,62,8226
4255646196,118,1,0,0,0,50308
2490916608,4255646196,118,0,1,0,0
8228,2525453605,500,-600,118,0,1
4114540,8229,23371,-26475,500,-600,118
0,4115040,8230,0,22896,-25950,500
1,0,-13228,62,8231,0,22422
118,1,0,0,-12728,62,8232
4255646196,118,1,0,0,0,53308
2697679844,4255646196,118,0,1,0,0
8234,2732151308,500,-600,118,0,1
4117540,8235,20533,-23322,500,-600,118
0,4118040,8236,0,20061,-22798,500
1,0,-10228,62,8237,0,19591
118,1,0,0,-9728,62,8238
4255646196,118,1,0,0,0,56308
2903853280,4255646196,118,0,1,0,0
8240,2938062608,500,-600,118,0,1
4120540,8241,17734,-20184,500,-600,118
0,4121040,8242,0,17283,-19664,500
1,0,-7228,62,8243,0,16846
118,1,0,0,-6728,62,8244
4255646196,118,1,0,0,0,59308
3107536606,4255646196,118,0,1,0,0
8246,3140566624,500,-600,118,0,1
4123540,8247,16384,-17123,500,-600,118
0,4124040,8248,0,16909,-16653,500
1,0,-4228,62,8249,0,17394
118,1,0,0,-3728,62,8250
4255646196,118,1,0,0,0,62308
3238414216,4255646196,118,0,1,0,0
8252,3199158602,500,-600,118,0,1
4126540,8253,19210,-17284,500,-600,118
0,4127040,8254,0,19656,-17812,500
1,0,-1228,62,8255,0,20101
118,1,0,0,-728,62,8256
4255646196,118,1,0,0,0,65308
3027849725,4255646196,118,0,1,0,0
8258,2994951095,500,-600,118,0,1
4129540,8259,21874,-20337,500,-600,118
0,4130040,8260,0,22317,-20835,500
1,0,1772,63,8261,0,22759
118,1,0,0,2272,63,8262
4255646196,118,1,0,0,0,2772
2831703130,4255646196,118,0,1,0,0
8264,2799132180,500,-600,118,0,1
4132540,8265,24526,-23322,500,-600,118
0,4133040,8266,0,24967,-23818,500
1,0,4772,63,8267,0,25408
118,1,0,0,5272,63,8268
4255646196,118,1,0,0,0,5772
2636474033,4255646196,118,0,1,0,0
8270,2603968617,500,-600,118,0,1
4135540,8271,27170,-26299,500,-600,118
0,4136040,8272,0,27610,-26795,500
1,0,7772,63,8273,0,28050
118,1,0,0,8272,63,8274
4255646196,118,1,0,0,0,8772
2441507074,4255646196,118,0,1,0,0
8276,2409067194,500,-600,118,0,1
4138540,8277,29809,-29273,500,-600,118
0,4139040,8278,0,30249,-29768,500
1,0,10772,63,8279,0,30688
118,1,0,0,11272,63,8280
4255646196,118,1,0,0,0,11772
2246671182,4255646196,118,0,1,0,0
8282,2214165766,500,-600,118,0,1
4141540,8283,32444,-32246,500,-600,118
0,4142040,8284,0,-32653,-32742,500
1,0,13772,63,8285,0,33322
118,1,0,0,14272,63,8286
4255646196,118,1,0,0,0,14772
2051900824,4255646196,118,0,1,0,0
8288,2019460943,500,-600,118,0,1
4144540,8289,-30458,30318,500,-600,118
0,4145040,8290,0,-30019,29823,500
1,0,16772,63,8291,0,35955
118,1,0,0,17272,63,8292
4255646196,118,1,0,0,0,17772
1856999392,4255646196,118,0,1,0,0
8294,1824493974,500,-600,118,0,1
4147540,8295,-27827,27343,500,-600,118
0,4148040,8296,0,-27389,26847,500
1,0,19772,63,8297,0,38586
118,1,0,0,20272,63,8298
4255646196,118,1,0,0,0,20772
1661770279,4255646196,118,0,1,0,0
8300,1629133791,500,-600,118,0,1
4150540,8301,-25194,24360,500,-600,118
0,4151040,8302,0,-24754,23862,500
1,0,22772,63,8303,0,41222
118,1,0,0,23272,63,8304
4255646196,118,1,0,0,0,23772
1465427064,4255646196,118,0,1,0,0
8306,1432397362,500,-600,118,0,1
4153540,8307,-22547,21351,500,-600,118
0,4154040,8308,0,-22104,20843,500
1,0,25772,63,8309,0,43878
118,1,0,0,26272,63,8310
4255646196,118,1,0,0,0,26772
1264299751,26149364,117,0,0,0,0
8312,1230352556,332,500,115,0,0
4156558,8313,-19852,18277,500,0,138
0,4157058,8314,0,-19390,17796,500
0,0,28790,63,8315,0,46615
141,0,0,0,29290,63,8316
500,160,0,0,0,0,29790
1078966757,500,168,0,0,0,0
8318,1054456807,500,0,175,0,0
4159558,8319,-16897,15727,500,0,182
0,4160058,8320,0,-16348,15495,500
0,0,31790,63,8321,0,49704
176,0,0,0,32290,63,8322
500,187,0,0,0,0,32790
996656221,500,192,0,0,0,0
8324,994821260,0,500,175,0,0
4162558,8325,-15301,15164,500,0,178
0,4163058,8326,0,-15468,15154,500
0,0,-30746,63,8327,0,49844
194,0,0,0,-30246,63,8328
32768000,186,0,0,0,0,35790
997310603,500,199,0,0,0,0
8330,1004584791,500,125,199,0,0
4165558,8331,-16875,15506,500,0,219
0,4166058,8332,0,-17208,15810,500
0,0,-27746,63,8333,0,47988
228,0,0,0,-27246,63,8334
500,235,0,0,0,0,38790
1100331192,500,256,0,0,0,0
8336,1122744147,0,500,249,0,0
4168558,8337,-18966,17479,500,0,269
0,4169058,8338,0,-19330,17811,500
0,0,-24746,63,8339,0,45839
301,0,0,0,-24246,63,8340
500,312,0,0,0,0,41790
1230417965,500,315,0,0,0,0
8342,1250930360,500,0,325,0,0
4171558,8343,-21182,19397,500,0,330
0,4172058,8344,0,-21556,19703,500
0,0,-21746,63,8345,0,43603
346,0,0,0,-21246,63,8346
500,355,0,0,0,0,44790
1351067487,500,354,0,0,0,0
8348,1370793446,0,500,343,0,0
4174558,8349,-23446,21226,500,0,373
0,4175058,8350,0,-23827,21528,0
0,0,-18746,63,8351,0,41330
354,0,0,0,-18246,63,8352
500,367,0,0,0,0,47790
1472765561,500,370,0,0,0,0
8354,1492688121,500,305,367,0,0
4177558,8355,-25733,23077,341,500,363
0,4178058,8356,0,-26115,23389,500
0,0,-15746,63,8357,0,39039
372,0,0,0,-15246,63,8358
500,382,0,0,0,0,50790
1592486091,500,400,0,0,0,0
8360,1612408574,500,0,412,0,0
4180558,8361,25903,24908,500,0,419
0,4181058,8362,0,25440,25211,500
0,0,-12746,63,8363,0,24980
434,0,0,0,-12246,63,8364
500,446,0,0,0,0,53790
1712217597,500,455,0,0,0,0
8366,1732271155,500,0,466,0,0
4183558,8367,23146,26736,500,0,473
0,4184058,8368,0,22691,27042,500
0,0,-9746,63,8369,0,22236
504,0,0,0,-9246,63,8370
500,511,0,0,0,0,56790
1832473430,500,509,0,0,0,0
8372,1852658070,500,0,523,0,0
4186558,8373,20440,28577,500,0,526
0,4187058,8374,0,19998,28884,500
0,0,-6746,63,8375,0,19561
542,0,0,0,-6246,63,8376
32768000,533,0,0,0,0,59790
1954105608,500,543,0,0,0,0
8378,1974486880,500,157,540,0,0
4189558,8379,17855,30438,500,0,541
0,4190058,8380,0,17446,30749,302
0,0,-3746,63,8381,0,17044
533,0,0,0,-3246,63,8382
500,535,0,0,0,0,62790
2077245339,500,548,0,0,0,0
8384,2097823287,500,0,550,0,0
4192558,8385,15591,32325,500,0,561
0,4193058,8386,0,15285,32639,500
0,0,-746,63,8387,0,15015
574,0,0,0,-246,63,8388
500,579,0,0,0,0,254
2201237790,500,586,0,0,0,0
8390,2222012613,500,0,593,0,0
4195558,8391,14542,-31315,500,0,605
0,4196058,8392,0,14663,-30995,500
0,0,2254,64,8393,0,14919
620,0,0,0,2754,64,8394
500,644,0,0,0,0,3254
2326347225,32768350,637,0,0,0,0
8396,2347778042,500,0,655,0,0
4198558,8397,16947,-29390,500,0,670
0,4199058,8398,0,17519,-29067,500
0,0,5254,64,8399,0,18083
681,0,0,0,5754,64,8400
500,678,0,0,0,0,6254
2453752552,500,705,0,0,0,0
8402,2475052279,500,0,706,0,0
4201558,8403,20224,-27443,500,0,711
0,4202058,8404,0,20737,-27117,0
0,0,8254,64,8405,0,21243
711,0,0,0,8754,64,8406
5767668,706,0,0,0,0,9254
2583189218,500,715,0,0,0,0
8408,2604947664,500,0,716,0,0
4204558,8409,23226,-25456,473,500,709
0,4205058,8410,0,23715,-25115,500
0,0,11254,64,8411,0,24204
704,0,0,0,11754,64,8412
500,714,0,0,0,0,12254
2715574868,500,724,0,0,0,0
8414,2738119738,0,500,709,0,0
4207558,8415,26138,-23408,500,0,738
0,4208058,8416,0,26620,-23061,500
0,0,14254,64,8417,0,27101
746,0,0,0,14754,64,8418
500,747,0,0,0,0,15254
2852875678,500,763,0,0,0,0
8420,2876338046,500,0,758,0,0
4210558,8421,29022,-21285,500,0,775
0,4211058,8422,0,29501,-20920,500
0,0,17254,64,8423,0,29982
775,0,0,0,17754,64,8424
500,782,0,0,0,0,18254
2998302940,500,786,0,0,0,0
8426,3023731388,444,500,778,0,0
4213558,8427,31900,-18998,0,500,767
0,4214058,8428,0,32380,-18583,500
0,0,20254,64,8429,0,32861
771,0,0,0,20754,64,8430
32768000,751,0,0,0,0,21254
3159720993,3277300,746,0,0,0,0
8432,3187705347,0,500,730,0,0
4216558,8433,-30746,-16466,500,0,729
0,4217058,8434,0,-30260,-16049,0
0,0,23254,64,8435,0,35761
702,0,0,0,23754,64,8436
32768000,686,0,0,0,0,24254
3311570813,32768000,666,0,0,0,0
8438,3330117990,0,500,644,0,0
4219558,8439,-27824,-14494,500,0,644
0,4220058,8440,0,-27331,-14329,0
0,0,26254,64,8441,0,38696
620,0,0,0,26754,64,8442
32768306,613,0,0,0,0,27254
3368721160,32768000,598,0,0,0,0
8444,3367148798,500,0,596,0,0
4222558,8445,-24845,-14216,500,0,610
0,4223058,8446,0,-24340,-14303,400
0,0,29254,64,8447,0,41705
606,0,0,0,29754,64,8448
500,621,0,0,0,0,30254
3331565297,500,619,0,0,0,0
8450,3320686842,500,0,624,0,0
4225558,8451,-21750,-15048,500,0,632
0,4226058,8452,0,-21212,-15242,500
0,0,32254,64,8453,0,44867
644,0,0,0,32754,64,8454
500,650,0,0,0,0,33254
3254956963,500,666,0,0,0,0
8456,3240343013,0,500,637,0,0
4228558,8457,-18381,-16326,500,0,634
0,4229058,8458,0,-17780,-16561,500
0,0,-30282,64,8459,0,48367
630,0,0,0,-29782,64,8460
32768070,621,0,0,0,0,36254
3161244058,18022900,616,0,0,0,0
8462,3144729537,387,500,610,0,0
4231558,8463,-14993,-17808,500,0,617
0,4232058,8464,0,-14592,-18066,236
0,0,-27282,64,8465,0,51248
598,0,0,0,-26782,64,8466
32768000,584,0,0,0,0,39254
3058944358,32768000,567,0,0,0,0
8468,3041184130,0,500,553,0,0
4234558,8469,-13993,-19406,500,0,550
0,4235058,8470,0,-14094,-19676,0
0,0,-24282,64,8471,0,51292
524,0,0,0,-23782,64,8472
500,525,0,0,0,0,42254
2951595717,32768000,510,0,0,0,0
8474,2933310926,500,33,507,0,0
4237558,8475,-15166,-21054,0,500,498
0,4238058,8476,0,-15451,-21331,0
0,0,-21282,64,8477,0,49785
495,0,0,0,-20782,64,8478
32768000,480,0,0,0,0,45254
2842279929,32768144,473,0,0,0,0
8480,2823929518,500,0,487,0,0
4240558,8481,-17062,22424,0,500,474
0,4241058,8482,0,-17409,22082,500
0,0,-18282,64,8483,0,47775
471,0,0,0,-17782,64,8484
500,486,0,0,0,0,48254
1380890579,500,491,0,0,0,0
8486,1358870118,500,0,493,0,0
4243558,8487,-19206,20401,500,0,509
0,4244058,8488,0,-19572,20071,0
0,0,-15282,64,8489,0,45594
504,0,0,0,-14782,64,8490
500,505,0,0,0,0,51254
1250799412,500,504,0,0,0,0
8492,1229565377,500,0,513,0,0
4246558,8493,-21427,18441,321,500,507
0,4247058,8494,0,-21798,18123,328
0,0,-12282,64,8495,0,43368
498,0,0,0,-11782,64,8496
32768000,482,0,0,0,0,54254
1126716182,500,484,0,0,0,0
8498,1107054957,500,78,481,0,0
4249558,8499,20423,16597,0,500,463
0,4250058,8500,0,19999,16304,500
0,0,-9282,64,8501,0,19580
465,0,0,0,-8782,64,8502
13631988,462,0,0,0,0,57254
1014384962,32768000,451,0,0,0,0
8504,997541802,500,0,452,0,0
4252558,8505,17945,14974,0,500,433
0,4253058,8506,0,17551,14741,500
0,0,-6282,64,8507,0,17160
429,0,0,0,-5782,64,8508
32768425,424,0,0,0,0,60254
926171161,32768000,407,0,0,0,0
8510,915422895,500,0,413,0,0
4255558,8511,15697,13828,0,500,391
0,4256058,8512,0,15361,13719,0
0,0,-3282,64,8513,0,15042
395,0,0,0,-2782,64,8514
32768000,377,0,0,0,0,63254
891500671,500,393,0,0,0,0
8516,894711684,0,500,362,0,0
4258558,8517,13994,13755,500,0,369
0,4259058,8518,0,13809,13910,0
0,0,-282,64,8519,0,13671
367,0,0,0,218,65,8520
32768000,353,0,0,0,0,718
965293305,500,353,0,0,0,0
8522,989934885,500,0,366,0,0
4261558,8523,13733,15581,0,500,359
0,4262058,8524,0,13949,16032,500
0,0,2718,65,8525,0,14255
356,0,0,0,3218,65,8526
500,378,0,0,0,0,3718
1146305303,32768000,351,0,0,0,0
8528,1178942826,500,0,360,0,0
4264558,8529,16310,18485,500,35,359
0,4265058,8530,0,16922,18975,500
0,0,5718,65,8531,0,17546
380,0,0,0,6218,65,8532
32768000,372,0,0,0,0,6718
1337739627,22675956,369,0,0,0,0
8534,1368345551,0,500,361,0,0
4267558,8535,20008,21340,500,0,370
0,4268058,8536,0,20602,21799,500
0,0,8718,65,8537,0,21186
355,0,0,0,9218,65,8538
500,358,0,0,0,0,9718
1516853048,500,361,0,0,0,0
8540,1545886059,0,500,352,0,0
4270558,8541,23444,24028,500,0,372
0,4271058,8542,0,23993,24464,351
0,0,11718,65,8543,0,24539
351,0,0,0,12218,65,8544
500,353,0,0,0,0,12718
1688560659,32768000,332,0,0,0,0
8546,1716741673,500,0,340,0,0
4273558,8547,26687,26626,0,500,330
0,4274058,8548,0,27218,27054,0
0,0,14718,65,8549,0,27746
319,0,0,0,15218,65,8550
500,319,0,0,0,0,15718
1856991360,500,319,0,0,0,0
8552,1884844684,0,500,311,0,0
4276558,8553,29847,29185,0,500,305
0,4277058,8554,0,30371,29610,0
0,0,17718,65,8555,0,30895
283,0,0,0,18218,65,8556
500,293,0,0,0,0,18718
2024176834,32768000,284,0,0,0,0
8558,2052161229,55,500,279,0,0
4279558,8559,-32551,31739,0,500,269
0,4280058,8560,0,-32029,32166,500
0,0,20718,65,8561,0,34030
267,0,0,0,21218,65,8562
32768231,263,0,0,0,0,21718
2192148744,500,267,0,0,0,0
8564,2220133140,0,500,256,0,0
4282558,8565,-29404,-31230,0,500,249
0,4283058,8566,0,-28874,-30799,406
0,0,23718,65,8567,0,37191
252,0,0,0,24218,65,8568
3277300,252,0,0,0,0,24718
2361562482,32768000,245,0,0,0,0
8570,2390005641,0,500,240,0,0
4285558,8571,-26205,-28633,500,84,240
0,4286058,8572,0,-25660,-28193,500
0,0,26718,65,8573,0,40422
246,0,0,0,27218,65,8574
26345972,244,0,0,0,0,27718
2533794359,32768415,241,0,0,0,0
8576,2563023978,23,500,236,0,0
4288558,8577,-22880,-25981,0,500,230
0,4289058,8578,0,-22306,-25532,500
0,0,29718,65,8579,0,43814
250,0,0,0,30218,65,8580
32768000,233,0,0,0,0,30718
2711662543,500,235,0,0,0,0
8582,2742006321,500,0,237,0,0
4291558,8583,-19295,-23227,500,0,239
0,4292058,8584,0,-18665,-22755,500
0,0,32718,65,8585,0,47506
237,0,0,0,-32318,65,8586
500,244,0,0,0,0,33718
2898968208,500,247,0,0,0,0
8588,2931540216,0,500,241,0,0
4294558,8589,-15550,-20300,0,500,235
0,4295058,8590,0,-15060,-19786,0
0,0,-29818,65,8591,0,50960
225,0,0,0,-29318,65,8592
500,240,0,0,0,0,36718
3101739525,32768000,222,0,0,0,0
8594,3136801544,500,0,230,0,0
4297558,8595,-13377,-17139,500,402,228
0,4298058,8596,0,-13264,-16613,465
0,0,-26818,65,8597,0,52321
228,0,0,0,-26318,65,8598
32768000,221,0,0,0,0,39718
3302935584,32768000,214,0,0,0,0
8600,3327314879,500,0,222,0,0
4300558,8601,-13513,-14386,0,500,211
0,4301058,8602,0,-13681,-14055,500
0,0,-23818,65,8603,0,51666
205,0,0,0,-23318,65,8604
500,205,0,0,0,0,42718
3417688082,500,224,0,0,0,0
8606,3425552154,0,500,202,0,0
4303558,8607,-14827,-13193,500,94,202
0,4304058,8608,0,-15104,-13165,0
0,0,-20818,65,8609,0,50144
190,0,0,0,-20318,65,8610
32768327,187,0,0,0,0,45718
3424305551,500,191,0,0,0,0
8612,3417817178,0,500,175,0,0
4306558,8613,-16607,-13507,380,500,173
0,4307058,8614,0,-16923,-13648,500
0,0,-17818,65,8615,0,48291
171,0,0,0,-17318,65,8616
32768000,160,0,0,0,0,48718
3366042137,500,173,0,0,0,0
8618,3352869076,500,187,173,0,0
4309558,8619,-18550,-14590,500,0,174
0,4310058,8620,0,-18877,-14811,0
0,0,-14818,65,8621,0,18962
165,0,0,0,-14318,65,8622
500,167,0,0,0,0,51718
3277670200,32768000,159,0,0,0,0
8624,3261416913,30,500,155,0,0
4312558,8625,17517,-16023,0,500,148
0,4313058,8626,0,17161,-16282,0
0,0,-11818,65,8627,0,16809
143,0,0,0,-11318,65,8628
500,144,0,0,0,0,54718
3176021763,32768164,141,0,0,0,0
8630,3158261175,500,0,147,0,0
4315558,8631,15477,-17616,0,500,135
0,4316058,8632,0,15165,-17887,391
0,0,-8818,65,8633,0,14862
131,0,0,0,-8318,65,8634
500,133,0,0,0,0,57718
3069065178,500,139,0,0,0,0
8636,1220294362,500,0,141,0,0
4318558,8637,13801,18310,0,500,131
0,4319058,8638,0,13582,18003,0
0,0,-5818,65,8639,0,13391
122,0,0,0,-5318,65,8640
19399156,122,0,0,0,0,60718
1120154412,32768075,118,0,0,0,0
8642,1100690129,500,437,118,0,0
4321558,8643,12965,16502,500,0,131
0,4322058,8644,0,12971,16212,0
0,0,-2818,65,8645,0,13032
121,0,0,0,-2318,65,8646
500,133,0,0,0,0,63718
1007629356,32768000,120,0,0,0,0
8648,990065976,500,0,125,0,0
4324558,8649,13966,14849,500,0,131
0,4325058,8650,0,14382,14600,0
0,0,182,66,8651,0,14865
110,0,0,0,682,66,8652
500,126,0,0,0,0,1182
911949478,32768000,119,0,0,0,0
8654,898842888,0,500,113,0,0
4327558,8655,17280,13527,500,0,123
0,4328058,8656,0,17923,13358,0
0,0,3182,66,8657,0,18563
108,0,0,0,3682,66,8658
500,133,0,0,0,0,4182
851529082,32768000,122,0,0,0,0
8660,847138794,0,500,114,0,0
4330558,8661,21073,12893,500,199,115
0,4331058,8662,0,21680,12897,462
0,0,6182,66,8663,0,22280
112,0,0,0,6682,66,8664
500,117,0,0,0,0,7182
863460251,32768000,111,0,0,0,0
8666,876043742,500,447,111,0,0
4333558,8667,24601,13615,500,0,117
0,4334058,8668,0,25166,13919,3
0,0,9182,66,8669,0,25727
113,0,0,0,9682,66,8670
32768000,110,0,0,0,0,10182
995518679,500,112,0,0,0,0
8672,1027500796,500,0,118,0,0
4336558,8673,27937,16197,279,500,116
0,4337058,8674,0,28485,16736,0
0,0,12182,66,8675,0,29027
111,0,0,0,12682,66,8676
32768000,106,0,0,0,0,13182
1206678942,8847860,106,0,0,0,0
8678,1243379642,500,0,113,0,0
4339558,8679,31188,19528,0,500,106
0,4340058,8680,0,31725,20082,500
0,0,15182,66,8681,0,32265
106,0,0,0,15682,66,8682
32768346,104,0,0,0,0,16182
1422164537,500,110,0,0,0,0
8684,1456768084,427,500,108,0,0
4342558,8685,-31120,22749,500,493,107
0,4343058,8686,0,-30581,23265,0
0,0,18182,66,8687,0,35494
91,0,0,0,18682,66,8688
500,98,0,0,0,0,19182
1624411879,500,109,0,0,0,0
8690,1657049351,0,500,101,0,0
4345558,8691,-27863,25781,100,500,98
0,4346058,8692,0,-27311,26275,0
0,0,21182,66,8693,0,38779
94,0,0,0,21682,66,8694
32768000,90,0,0,0,0,22182
1817877464,500,106,0,0,0,0
8696,1849597455,0,500,101,0,0
4348558,8697,-24504,28704,0,500,92
0,4349058,8698,0,-23928,29187,0
0,0,24182,66,8699,0,42192
97,0,0,0,24682,66,8700
32768000,90,0,0,0,0,25182
2007083377,32768000,78,0,0,0,0
8702,2038541265,500,0,84,0,0
4351558,8703,-20934,31583,500,0,93
0,4352058,8704,0,-20312,32060,174
0,0,27182,66,8705,0,45855
90,0,0,0,27682,66,8706
500,93,0,0,0,0,28182
2195175462,32768315,92,0,0,0,0
8708,2226567851,500,0,95,0,0
4354558,8709,-17107,-31082,0,500,88
0,4355058,8710,0,-16473,-30601,0
0,0,30182,66,8711,0,49670
86,0,0,0,30682,66,8712
3146228,88,0,0,0,0,31182
2384381478,500,92,0,0,0,0
8714,2416297988,0,500,73,0,0
4357558,8715,-13911,-28180,500,0,86
0,4358058,8716,0,-13555,-27692,168
0,0,-32354,66,8717,0,52267
90,0,0,0,-31854,66,8718
32768000,79,0,0,0,0,34182
2577452455,500,89,0,0,0,0
8720,2610286094,0,500,70,0,0
4360558,8721,-12738,-25201,500,0,77
0,4361058,8722,0,-12734,-24692,500
0,0,-29354,66,8723,0,52765
71,0,0,0,-28854,66,8724
500,77,0,0,0,0,37182
2778778981,500,80,0,0,0,0
8726,2813447395,0,500,65,0,0
4363558,8727,-13239,-22072,500,0,81
0,4364058,8728,0,-13419,-21527,0
0,0,-26354,66,8729,0,51923
62,0,0,0,-25854,66,8730
500,74,0,0,0,0,40182
2993801504,500,80,0,0,0,0
8732,3031287858,0,500,56,0,0
4366558,8733,-14529,-18709,500,0,76
0,4367058,8734,0,-14780,-18133,0
0,0,-23354,66,8735,0,50493
63,0,0,0,-22854,66,8736
500,80,0,0,0,0,43182
3218785058,32768000,68,0,0,0,0
8738,3254501904,0,500,57,0,0
4369558,8739,-16136,-15356,500,0,65
0,4370058,8740,0,-16417,-14926,0
0,0,-20354,66,8741,0,48838
59,0,0,0,-19854,66,8742
500,65,0,0,0,0,46182
3395371667,500,67,0,0,0,0
8744,3415163234,0,500,56,0,0
4372558,8745,16436,-13174,500,0,62
0,4373058,8746,0,16132,-12979,50
0,0,-17354,66,8747,0,15832
60,0,0,0,-16854,66,8748
32768452,59,0,0,0,0,49182
3464969105,500,66,0,0,0,0
8750,3466345075,0,500,58,0,0
4375558,8751,14688,-12653,0,500,42
0,4376058,8752,0,14422,-12692,500
0,0,-14354,66,8753,0,14163
50,0,0,0,-13854,66,8754
500,58,0,0,0,0,52182
3445110129,21430772,59,0,0,0,0
8756,3436524696,500,0,62,0,0
4378558,8757,13259,-13250,0,500,53
0,4379058,8758,0,13076,-13416,500
0,0,-11354,66,8759,0,12916
68,0,0,0,-10854,66,8760
32768000,55,0,0,0,0,55182
3378852220,32768000,47,0,0,0,0
8762,3365286193,500,0,49,0,0
4381558,8763,12556,-14399,500,0,55
0,4382058,8764,0,12555,-14622,76
0,0,-8354,66,8765,0,12600
67,0,0,0,-7854,66,8766
32768278,65,0,0,0,0,58182
3291361849,500,67,0,0,0,0
8768,3275567886,156,500,65,0,0
4384558,8769,13345,-15798,0,500,49
0,4385058,8770,0,13687,-16041,500
0,0,-5354,66,8771,0,14094
53,0,0,0,-4854,66,8772
500,62,0,0,0,0,61182
3195419356,7668212,63,0,0,0,0
8774,1083850052,341,500,62,0,0
4387558,8775,16275,16272,500,0,64
0,4388058,8776,0,16895,16005,500
0,0,-2354,66,8777,0,17530
43,0,0,0,-1854,66,8778
500,50,0,0,0,0,64182
997869947,500,59,0,0,0,0
8780,981224445,0,500,52,0,0
4390558,8781,20087,14725,500,0,57
0,4391058,8782,0,20713,14486,0
0,0,646,67,8783,0,21334
53,0,0,0,1146,67,8784
32375284,53,0,0,0,0,1646
904812566,32768000,45,0,0,0,0
8786,891378279,500,0,51,0,0
4393558,8787,23734,13403,233,500,50
0,4394058,8788,0,24318,13219,500
0,0,3646,67,8789,0,24894
57,0,0,0,4146,67,8790
18350580,57,0,0,0,0,4646
836593071,4063732,59,0,0,0,0
8792,829122531,500,0,67,0,0
4396558,8793,27152,12562,0,500,58
0,4397058,8794,0,27704,12500,0
0,0,6646,67,8795,0,28258
59,0,0,0,7146,67,8796
500,61,0,0,0,0,7646
819032748,32768318,59,0,0,0,0
8798,823948491,0,500,55,0,0
4399558,8799,30445,12688,500,0,67
0,4400058,8800,0,30989,12853,0
0,0,9646,67,8801,0,31530
76,0,0,0,10146,67,8802
32768000,67,0,0,0,0,10646
894402405,32768000,60,0,0,0,0
8804,918651267,500,0,77,0,0
4402558,8805,-31841,14435,0,500,63
0,4403058,8806,0,-31299,14895,500
0,0,12646,67,8807,0,34781
75,0,0,0,13146,67,8808
32768000,60,0,0,0,0,13646
1083214874,32768093,57,0,0,0,0
8810,1120702014,500,0,67,0,0
4405558,8811,-28571,17684,500,0,74
0,4406058,8812,0,-28021,18270,0
0,0,15646,67,8813,0,38067
72,0,0,0,16146,67,8814
500,76,0,0,0,0,16646
1312594196,500,79,0,0,0,0
8816,1350409031,0,500,74,0,0
4408558,8817,-25218,21175,441,500,73
0,4409058,8818,0,-24641,21741,444
0,0,18646,67,8819,0,41476
73,0,0,0,19146,67,8820
32768419,71,0,0,0,0,19646
1533388446,32768000,64,0,0,0,0
8822,1568844025,500,0,80,0,0
4411558,8823,-21668,24472,0,500,74
0,4412058,8824,0,-21054,25001,500
0,0,21646,67,8825,0,45107
81,0,0,0,22146,67,8826
32768000,70,0,0,0,0,22646
1741272362,500,89,0,0,0,0
8828,1774958506,0,500,83,0,0
4414558,8829,-17875,27596,0,500,69
0,4415058,8830,0,-17234,28107,500
0,0,24646,67,8831,0,48927
82,0,0,0,25146,67,8832
500,87,0,0,0,0,25646
1941488579,32768000,83,0,0,0,0
8834,1974584750,0,500,71,0,0
4417558,8835,-14428,30631,500,0,90
0,4418058,8836,0,-13976,31131,0
0,0,27646,67,8837,0,51951
94,0,0,0,28146,67,8838
32768000,84,0,0,0,0,28646
2138754384,32768000,81,0,0,0,0
8840,2171457068,500,0,85,0,0
4420558,8841,-12594,-31901,500,0,89
0,4421058,8842,0,-12483,-31400,500
0,0,30646,67,8843,0,53121
86,0,0,0,31146,67,8844
500,93,0,0,0,0,31646
2336214925,32768227,90,0,0,0,0
8846,2369245022,500,0,94,0,0
4423558,8847,-12523,-28879,500,0,99
0,4424058,8848,0,-12623,-28368,0
0,0,-31890,67,8849,0,52788
99,0,0,0,-31390,67,8850
32768000,94,0,0,0,0,34646
2536885512,500,97,0,0,0,0
8852,2571095126,500,482,96,0,0
4426558,8853,-13415,-25780,500,0,109
0,4427058,8854,0,-13614,-25253,190
0,0,-28890,67,8855,0,51712
103,0,0,0,-28390,67,8856
32768000,99,0,0,0,0,37646
2745944131,500,104,0,0,0,0
8858,2781857629,500,0,107,0,0
4429558,8859,-14736,-22532,500,0,115
0,4430058,8860,0,-14978,-21969,500
0,0,-25890,67,8861,0,50317
100,0,0,0,-25390,67,8862
500,112,0,0,0,0,40646
2968437411,32768000,103,0,0,0,0
8864,3007069647,0,500,99,0,0
4432558,8865,15563,-19059,0,500,95
0,4433058,8866,0,15305,-18465,500
0,0,-22890,67,8867,0,15045
94,0,0,0,-22390,67,8868
500,119,0,0,0,0,43646
3200989387,500,120,0,0,0,0
8870,3238082521,0,500,105,0,0
4435558,8871,14057,-15579,500,112,106
0,4436058,8872,0,13823,-15114,500
0,0,-19890,67,8873,0,13602
111,0,0,0,-19390,67,8874
32768000,103,0,0,0,0,46646
3391239046,500,117,0,0,0,0
8876,3414045385,0,500,110,0,0
4438558,8877,12830,-13142,500,0,115
0,4439058,8878,0,12677,-12892,500
0,0,-16890,67,8879,0,12539
115,0,0,0,-16390,67,8880
500,117,0,0,0,0,49646
3481088053,32768000,111,0,0,0,0
8882,3485872120,0,500,107,0,0
4441558,8883,12249,-12310,500,109,108
0,4442058,8884,0,12260,-12304,500
0,0,-13890,67,8885,0,12311
115,0,0,0,-13390,67,8886
32768000,110,0,0,0,0,52646
3478794491,500,114,0,0,0,0
8888,3472699835,500,0,118,0,0
4444558,8889,12980,-12658,0,500,108
0,4445058,8890,0,13281,-12790,500
0,0,-10890,67,8891,0,13640
112,0,0,0,-10390,67,8892
500,130,0,0,0,0,55646
3426105536,32768000,121,0,0,0,0
8894,3414309569,0,500,108,0,0
4447558,8895,15650,-13626,500,0,111
0,4448058,8896,0,16235,-13819,500
0,0,-7890,67,8897,0,16845
122,0,0,0,-7390,67,8898
32768000,118,0,0,0,0,58646
3348842172,500,122,0,0,0,0
8900,3334949176,0,500,114,0,0
4450558,8901,19384,-14866,500,0,120
0,4451058,8902,0,20020,-15086,0
0,0,-4890,67,8903,0,20647
118,0,0,0,-4390,67,8904
500,120,0,0,0,0,61646
1008424313,500,123,0,0,0,0
8906,993089496,0,500,109,0,0
4453558,8907,23086,14921,500,0,131
0,4454058,8908,0,23676,14690,0
0,0,-1890,67,8909,0,24264
123,0,0,0,-1390,67,8910
500,125,0,0,0,0,64646
919102280,32768000,118,0,0,0,0
8912,905078144,500,0,123,0,0
4456558,8913,26550,13603,500,0,130
0,4457058,8914,0,27109,13407,0
0,0,1110,68,8915,0,27664
124,0,0,0,1610,68,8916
500,126,0,0,0,0,2110
843477089,32768212,123,0,0,0,0
8918,833450629,500,0,128,0,0
4459558,8919,29862,12580,0,500,122
0,4460058,8920,0,30407,12456,500
0,0,4110,68,8921,0,30951
128,0,0,0,4610,68,8922
262644,129,0,0,0,0,5110
800161057,32768415,128,0,0,0,0
8924,797867840,500,170,128,0,0
4462558,8925,-32421,12168,500,0,131
0,4463058,8926,0,-31881,12198,500
0,0,7110,68,8927,0,34197
136,0,0,0,7610,68,8928
500,143,0,0,0,0,8110
819497427,32768000,130,0,0,0,0
8930,832015346,500,0,135,0,0
4465558,8931,-29163,12929,500,0,141
0,4466058,8932,0,-28612,13213,0
0,0,10110,68,8933,0,37473
139,0,0,0,10610,68,8934
32768103,135,0,0,0,0,11110
940807864,500,144,0,0,0,0
8936,971741418,320,500,142,0,0
4468558,8937,-25826,15383,500,0,149
0,4469058,8938,0,-25257,15923,500
0,0,13110,68,8939,0,40856
144,0,0,0,13610,68,8940
500,162,0,0,0,0,14110
1157014565,32768000,150,0,0,0,0
8942,1196271224,500,0,155,0,0
4471558,8943,-22317,18856,0,500,145
0,4472058,8944,0,-21710,19454,500
0,0,16110,68,8945,0,44439
152,0,0,0,16610,68,8946
32768000,144,0,0,0,0,17110
1391243904,500,146,0,0,0,0
8948,1429189881,500,0,152,0,0
4474558,8949,-18573,22378,500,0,158
0,4475058,8950,0,-17935,22946,0
0,0,19110,68,8951,0,48236
142,0,0,0,19610,68,8952
500,186,0,0,0,0,20110
1612824882,32768000,149,0,0,0,0
8954,1648542583,500,0,165,0,0
4477558,8955,-15000,25695,0,500,148
0,4478058,8956,0,-14491,26230,500
0,0,22110,68,8957,0,51508
157,0,0,0,22610,68,8958
500,169,0,0,0,0,23110
1822936119,500,178,0,0,0,0
8960,1857146218,0,500,162,0,0
4480558,8961,-12700,28856,500,0,168
0,4481058,8962,0,-12500,29375,500
0,0,25110,68,8963,0,53189
172,0,0,0,25610,68,8964
5898740,172,0,0,0,0,26110
2026360946,500,184,0,0,0,0
8966,2060046477,344,500,181,0,0
4483558,8967,-12150,31945,0,500,174
0,4484058,8968,0,-12182,32455,500
0,0,28110,68,8969,0,53291
183,0,0,0,28610,68,8970
500,185,0,0,0,0,29110
2227818347,500,192,0,0,0,0
8972,2261307122,0,500,187,0,0
4486558,8973,-12700,-30517,500,0,191
0,4487058,8974,0,-12856,-30001,0
0,0,31110,68,8975,0,52515
198,0,0,0,31610,68,8976
32768000,186,0,0,0,0,32110
2430782390,500,191,0,0,0,0
8978,2465057525,500,0,200,0,0
4489558,8979,-13779,-27398,500,0,202
0,4490058,8980,0,-13986,-26869,500
0,0,-31426,68,8981,0,51337
210,0,0,0,-30926,68,8982
32768000,202,0,0,0,0,35110
2639513311,32768067,198,0,0,0,0
8984,2675295748,500,0,210,0,0
4492558,8985,-15065,-24163,0,500,199
0,4493058,8986,0,14793,-23608,500
0,0,-28426,68,8987,0,14567
201,0,0,0,-27926,68,8988
500,220,0,0,0,0,38110
2859743012,32768000,199,0,0,0,0
8990,2897753675,500,0,212,0,0
4495558,8991,13685,-20733,500,0,220
0,4496058,8992,0,13476,-20137,360
0,0,-25426,68,8993,0,13278
214,0,0,0,-24926,68,8994
500,225,0,0,0,0,41110
3093574250,32768000,220,0,0,0,0
8996,3133092287,500,0,221,0,0
4498558,8997,12580,-17132,500,0,230
0,4499058,8998,0,12441,-16549,0
0,0,-22426,68,8999,0,12315
225,0,0,0,-21926,68,9000
500,226,0,0,0,0,44110
3314102110,32768112,221,0,0,0,0
9002,3345887014,500,0,224,0,0
4501558,9003,12037,-14042,500,0,239
0,4502058,9004,0,12033,-13647,0
0,0,-19426,68,9005,0,12068
224,0,0,0,-18926,68,9006
500,242,0,0,0,0,47110
3460575196,32768000,220,0,0,0,0
9008,3474272375,500,0,237,0,0
4504558,9009,12613,-12355,0,500,229
0,4505058,9010,0,12872,-12227,500
0,0,-16426,68,9011,0,13178
246,0,0,0,-15926,68,9012
32768000,227,0,0,0,0,50110
3504092799,32768337,224,0,0,0,0
9014,3503765582,500,0,242,0,0
4507558,9015,14917,-12108,0,500,227
0,4508058,9016,0,15511,-12166,500
0,0,-13426,68,9017,0,16085
241,0,0,0,-12926,68,9018
32768000,235,0,0,0,0,53110
3479126931,500,252,0,0,0,0
9020,3470738952,0,500,247,0,0
4510558,9021,18558,-12715,0,500,237
0,4511058,9022,0,19191,-12863,500
0,0,-10426,68,9023,0,19825
236,0,0,0,-9926,68,9024
500,241,0,0,0,0,56110
3418772046,32768404,238,0,0,0,0
9026,3406910645,500,0,248,0,0
4513558,9027,22294,-13740,0,500,234
0,4514058,9028,0,22893,-13932,0
0,0,-7426,68,9029,0,23484
242,0,0,0,-6926,68,9030
32768000,236,0,0,0,0,59110
3343081552,500,239,0,0,0,0
9032,3330105996,0,500,223,0,0
4516558,9033,25795,14648,500,0,245
0,4517058,9034,0,26362,14438,500
0,0,-4426,68,9035,0,26925
231,0,0,0,-3926,68,9036
500,236,0,0,0,0,62110
905997695,500,238,0,0,0,0
9038,892956582,262,500,235,0,0
4519558,9039,29132,13429,500,0,245
0,4520058,9040,0,29676,13244,0
0,0,-1426,68,9041,0,30218
239,0,0,0,-926,68,9042
32768088,235,0,0,0,0,65110
834304585,500,244,0,0,0,0
9044,824409188,0,500,236,0,0
4522558,9045,32381,12442,500,278,235
0,4523058,9046,0,-32614,12315,142
0,0,1574,69,9047,0,33464
238,0,0,0,2074,69,9048
32768000,231,0,0,0,0,2574
789284589,500,253,0,0,0,0
9050,785877260,0,500,224,0,0
4525558,9051,-29908,11963,500,0,238
0,4526058,9052,0,-29364,11965,500
0,0,4574,69,9053,0,36717
236,0,0,0,5074,69,9054
500,238,0,0,0,0,5574
797086652,32768000,227,0,0,0,0
9056,806393317,500,0,243,0,0
4528558,9057,-26603,12487,500,0,249
0,4529058,9058,0,-26038,12711,285
0,0,7574,69,9059,0,40064
252,0,0,0,8074,69,9060
32768000,239,0,0,0,0,8574
896311549,500,251,0,0,0,0
9062,923181896,500,0,268,0,0
4531558,9063,-23148,14544,0,500,245
0,4532058,9064,0,-22553,15041,500
0,0,10574,69,9065,0,43589
248,0,0,0,11074,69,9066
500,249,0,0,0,0,11574
1097379603,500,254,0,0,0,0
9068,1136112002,305,500,250,0,0
4534558,9069,-19463,17937,500,0,259
0,4535058,9070,0,-18830,18540,0
0,0,13574,69,9071,0,47337
263,0,0,0,14074,69,9072
32768000,252,0,0,0,0,14574
1334164942,500,259,0,0,0,0
9074,1373093931,500,0,266,0,0
4537558,9075,-15758,21540,500,0,266
0,4538058,9076,0,-15196,22126,500
0,0,16574,69,9077,0,50817
267,0,0,0,17074,69,9078
500,274,0,0,0,0,17574
1562364450,13894132,272,0,0,0,0
9080,1599130537,500,0,272,0,0
4540558,9081,-13060,24955,500,0,280
0,4541058,9082,0,-12767,25503,0
0,0,19574,69,9083,0,53014
277,0,0,0,20074,69,9084
11010548,276,0,0,0,0,20574
1777717353,500,290,0,0,0,0
9086,1812582615,0,500,272,0,0
4543558,9087,-12000,28185,500,0,295
0,4544058,9088,0,-11967,28714,431
0,0,22574,69,9089,0,53571
298,0,0,0,23074,69,9090
32768000,291,0,0,0,0,23574
1984745726,500,308,0,0,0,0
9092,2018889909,0,500,298,0,0
4546558,9093,-12200,31326,45,500,293
0,4547058,9094,0,-12308,31844,500
0,0,25574,69,9095,0,53106
304,0,0,0,26074,69,9096
500,314,0,0,0,0,26574
2188955217,32768076,308,0,0,0,0
9098,2222902707,500,0,308,0,0
4549558,9099,-13047,-31099,500,0,316
0,4550058,9100,0,-13225,-30577,0
0,0,28574,69,9101,0,52130
315,0,0,0,29074,69,9102
32768292,311,0,0,0,0,29574
2393950759,500,318,0,0,0,0
9104,2428619105,500,0,327,0,0
4552558,9105,-14177,-27950,500,0,333
0,4553058,9106,0,-14372,-27419,0
0,0,31574,69,9107,0,14338
339,0,0,0,32074,69,9108
500,348,0,0,0,0,32574
2604217960,32768000,334,0,0,0,0
9110,2640065954,500,0,334,0,0
4555558,9111,13530,-24699,500,0,335
0,4556058,9112,0,13335,-24138,500
0,0,-30962,69,9113,0,13149
338,0,0,0,-30462,69,9114
32768000,328,0,0,0,0,35574
2824942078,500,342,0,0,0,0
9116,2863214936,500,386,339,0,0
4558558,9117,12481,-21259,500,0,351
0,4559058,9118,0,12344,-20665,500
0,0,-27962,69,9119,0,12217
348,0,0,0,-27462,69,9120
32768094,342,0,0,0,0,38574
3059691246,32768000,336,0,0,0,0
9122,3099405993,500,0,356,0,0
4561558,9123,11895,-17637,500,0,361
0,4562058,9124,0,11868,-17037,0
0,0,-24962,69,9125,0,11876
350,0,0,0,-24462,69,9126
500,360,0,0,0,0,41574
3289657041,500,362,0,0,0,0
9128,3320262461,0,500,352,0,0
4564558,9129,12245,-14390,500,0,371
0,4565058,9130,0,12443,-13946,0
0,0,-21962,69,9131,0,12684
364,0,0,0,-21462,69,9132
32768000,354,0,0,0,0,44574
3450287107,500,360,0,0,0,0
9134,3467523467,500,0,369,0,0
4567558,9135,14143,-12410,0,500,363
0,4568058,9136,0,14622,-12234,500
0,0,-18962,69,9137,0,15192
372,0,0,0,-18462,69,9138
32768303,367,0,0,0,0,47574
3512549320,500,369,0,0,0,0
9140,3514778146,0,500,363,0,0
4570558,9141,17544,-11899,500,299,360
0,4571058,9142,0,18169,-11921,500
0,0,-15962,69,9143,0,18800
360,0,0,0,-15462,69,9144
32768136,355,0,0,0,0,50574
3501346388,500,372,0,0,0,0
9146,3494793412,0,500,351,0,0
4573558,9147,21295,-12325,500,0,368
0,4574058,9148,0,21903,-12450,369
0,0,-12962,69,9149,0,22503
360,0,0,0,-12462,69,9150
500,359,0,0,0,0,53574
3450231949,500,362,0,0,0,0
9152,3439681235,500,233,360,0,0
4576558,9153,24850,-13217,500,0,361
0,4577058,9154,0,25423,-13392,500
0,0,-9962,69,9155,0,25992
357,0,0,0,-9462,69,9156
500,368,0,0,0,0,56574
3382012388,500,368,0,0,0,0
9158,3369823247,226,500,363,0,0
4579558,9159,28216,14218,500,376,360
0,4580058,9160,0,28763,14028,0
0,0,-6962,69,9161,0,29306
364,0,0,0,-6462,69,9162
32768000,357,0,0,0,0,59574
882341563,32768030,351,0,0,0,0
9164,870480086,500,0,357,0,0
4582558,9165,31471,13108,136,500,352
0,4583058,9166,0,32011,12935,500
0,0,-3962,69,9167,0,32551
369,0,0,0,-3462,69,9168
32768000,347,0,0,0,0,62574
817202007,500,354,0,0,0,0
9170,808158579,500,0,354,0,0
4585558,9171,-30832,12204,500,0,361
0,4586058,9172,0,-30293,12095,500
0,0,-962,69,9173,0,35783
347,0,0,0,-462,69,9174
500,364,0,0,0,0,38
777293837,32768000,353,0,0,0,0
9176,775000623,0,500,344,0,0
4588558,9177,-27564,11815,500,0,353
0,4589058,9178,0,-27008,11826,500
0,0,2038,70,9179,0,39089
362,0,0,0,2538,70,9180
500,378,0,0,0,0,3038
790207768,32768000,363,0,0,0,0
9182,799842134,500,231,361,0,0
4591558,9183,-24166,12390,500,0,363
0,4592058,9184,0,-23583,12625,500
0,0,5038,70,9185,0,42542
373,0,0,0,5538,70,9186
10617332,371,0,0,0,0,6038
890874595,500,382,0,0,0,0
9188,918007109,500,193,380,0,0
4594558,9189,-20565,14464,386,500,376
0,4595058,9190,0,-19940,14955,500
0,0,8038,70,9191,0,46225
386,0,0,0,8538,70,9192
30605812,382,0,0,0,0,9038
1091221876,32768271,377,0,0,0,0
9194,1129954277,500,0,395,0,0
4597558,9195,-16818,17844,0,500,388
0,4598058,9196,0,-16221,18450,500
0,0,11038,70,9197,0,49890
383,0,0,0,11538,70,9198
500,391,0,0,0,0,12038
1328662241,500,400,0,0,0,0
9200,1367984319,500,0,410,0,0
4600558,9201,-13709,21466,0,500,399
0,4601058,9202,0,-13322,22056,500
0,0,14038,70,9203,0,52555
406,0,0,0,14538,70,9204
500,409,0,0,0,0,15038
1558826853,500,410,0,0,0,0
9206,1595920427,471,500,406,0,0
4603558,9207,-12086,24911,500,0,422
0,4604058,9208,0,-11967,25463,0
0,0,17038,70,9209,0,53647
422,0,0,0,17538,70,9210
1769972,420,0,0,0,0,18038
1776079311,500,429,0,0,0,0
9212,1811206598,500,0,430,0,0
4606558,9213,-11871,28171,500,70,428
0,4607058,9214,0,-11932,28704,500
0,0,20038,70,9215,0,53530
431,0,0,0,20538,70,9216
500,429,0,0,0,0,21038
1984745551,7078388,427,0,0,0,0
9218,2019217361,500,0,447,0,0
4609558,9219,-12467,31332,500,215,444
0,4610058,9220,0,-12610,31852,500
0,0,23038,70,9221,0,52771
443,0,0,0,23538,70,9222
28377588,439,0,0,0,0,24038
2190200025,500,458,0,0,0,0
9224,2224409647,500,0,467,0,0
4612558,9225,-13443,-31071,0,500,450
0,4613058,9226,0,-13625,-30549,500
0,0,26038,70,9227,0,51731
458,0,0,0,26538,70,9228
500,456,0,0,0,0,27038
2396599888,500,465,0,0,0,0
9230,2431268244,500,0,468,0,0
4615558,9231,13532,-27906,500,53,466
0,4616058,9232,0,13347,-27369,500
0,0,29038,70,9233,0,13164
484,0,0,0,29538,70,9234
9503220,481,0,0,0,0,30038
2608083480,22479348,477,0,0,0,0
9236,2644259187,500,0,480,0,0
4618558,9237,12502,-24629,500,0,486
0,4619058,9238,0,12359,-24068,500
0,0,32038,70,9239,0,12228
487,0,0,0,32538,70,9240
500,489,0,0,0,0,33038
2830577371,500,492,0,0,0,0
9242,2868915842,0,500,484,0,0
4621558,9243,11836,-21169,500,0,483
0,4622058,9244,0,11782,-20570,500
0,0,-30498,70,9245,0,11751
487,0,0,0,-29998,70,9246
32768041,480,0,0,0,0,36038
3066113534,500,499,0,0,0,0
9248,3106156083,500,442,494,0,0
4624558,9249,11918,-17533,500,155,491
0,4625058,9250,0,12046,-16938,500
0,0,-27498,70,9251,0,12213
501,0,0,0,-26998,70,9252
32768000,478,0,0,0,0,39038
3295752584,500,494,0,0,0,0
9254,3326292665,500,0,501,0,0
4627558,9255,13334,-14302,445,500,496
0,4628058,9256,0,13730,-13865,500
0,0,-24498,70,9257,0,14174
497,0,0,0,-23998,70,9258
32768112,490,0,0,0,0,42038
3455662968,500,489,0,0,0,0
9260,3472833957,500,0,496,0,0
4630558,9261,16357,-12323,500,1,493
0,4631058,9262,0,16953,-12141,500
0,0,-21498,70,9263,0,17567
497,0,0,0,-20998,70,9264
32768000,478,0,0,0,0,45038
3519891838,500,487,0,0,0,0
9266,3522710509,0,500,478,0,0
4633558,9267,20062,-11772,500,0,492
0,4634058,9268,0,20684,-11786,0
0,0,-18498,70,9269,0,21296
475,0,0,0,-17998,70,9270
500,475,0,0,0,0,48038
3512227817,500,493,0,0,0,0
9272,3506264638,500,191,489,0,0
4636558,9273,23689,-12136,0,500,478
0,4637058,9274,0,24268,-12248,500
0,0,-15498,70,9275,0,24846
476,0,0,0,-14998,70,9276
32768000,466,0,0,0,0,51038
3465504127,500,484,0,0,0,0
9278,3455739821,500,50,481,0,0
4639558,9279,27099,-12964,500,468,477
0,4640058,9280,0,27655,-13128,500
0,0,-12498,70,9281,0,28203
485,0,0,0,-11998,70,9282
21168628,481,0,0,0,0,54038
3401609837,24904180,476,0,0,0,0
9284,3390272652,500,0,479,0,0
4642558,9285,30376,13781,500,484,474
0,4643058,9286,0,30912,13604,0
0,0,-9498,70,9287,0,31452
480,0,0,0,-8998,70,9288
32768494,475,0,0,0,0,57038
857636621,7733748,472,0,0,0,0
9290,846627108,500,0,470,0,0
4645558,9291,-31936,12754,500,0,485
0,4646058,9292,0,-31400,12602,414
0,0,-6498,70,9293,0,34672
476,0,0,0,-5998,70,9294
32768000,465,0,0,0,0,60038
798657451,500,478,0,0,0,0
9296,791055816,298,500,472,0,0
4648558,9297,-28698,11967,500,0,475
0,4649058,9298,0,-28150,11875,500
0,0,-3498,70,9299,0,37938
480,0,0,0,-2998,70,9300
500,482,0,0,0,0,63038
767531141,32768069,475,0,0,0,0
9302,766614200,500,0,485,0,0
4651558,9303,-25360,11706,500,394,481
0,4652058,9304,0,-24790,11748,500
0,0,-498,70,9305,0,41321
493,0,0,0,2,71,9306
500,494,0,0,0,0,502
790472192,500,500,0,0,0,0
9308,802269266,500,0,502,0,0
4654558,9309,-21847,12464,500,0,507
0,4655058,9310,0,-21236,12724,500
0,0,2502,71,9311,0,44917
507,0,0,0,3002,71,9312
500,514,0,0,0,0,3502
903001164,32768068,507,0,0,0,0
9314,931509951,500,0,510,0,0
4657558,9315,-18125,14685,500,0,523
0,4658058,9316,0,-17507,15241,500
0,0,5502,71,9317,0,48638
520,0,0,0,6002,71,9318
500,537,0,0,0,0,6502
1109377690,13631988,533,0,0,0,0
9320,1148306624,500,0,532,0,0
4660558,9321,-14690,18122,500,0,534
0,4661058,9322,0,-14209,18732,500
0,0,8502,71,9323,0,51771
536,0,0,0,9002,71,9324
500,548,0,0,0,0,9502
1347013930,500,556,0,0,0,0
9326,1386270300,171,500,549,0,0
4663558,9327,-12447,21747,500,0,547
0,4664058,9328,0,-12229,22334,500
0,0,11502,71,9329,0,53481
553,0,0,0,12002,71,9330
500,556,0,0,0,0,12502
1576915410,500,567,0,0,0,0
9332,1613681173,500,395,562,0,0
4666558,9333,-11722,25182,500,0,576
0,4667058,9334,0,-11718,25735,36
0,0,14502,71,9335,0,53802
572,0,0,0,15002,71,9336
500,584,0,0,0,0,15502
1793839557,500,586,0,0,0,0
9338,1828966774,500,0,593,0,0
4669558,9339,-12006,28440,0,500,581
0,4670058,9340,0,-12112,28974,500
0,0,17502,71,9341,0,53302
581,0,0,0,18002,71,9342
500,578,0,0,0,0,18502
2002636587,500,582,0,0,0,0
9344,2037108374,500,0,595,0,0
4672558,9345,-12806,31609,500,0,600
0,4673058,9346,0,-12964,32130,270
0,0,20502,71,9347,0,52411
602,0,0,0,21002,71,9348
500,602,0,0,0,0,21502
2208615271,500,616,0,0,0,0
9350,2242890430,0,500,598,0,0
4675558,9351,13620,-30790,500,0,607
0,4676058,9352,0,13443,-30263,500
0,0,23502,71,9353,0,13270
614,0,0,0,24002,71,9354
13763060,609,0,0,0,0,24502
2415669891,32768000,593,0,0,0,0
9356,2450665951,500,0,605,0,0
4678558,9357,12609,-27605,500,0,615
0,4679058,9358,0,12461,-27067,500
0,0,26502,71,9359,0,12317
623,0,0,0,27002,71,9360
32768000,612,0,0,0,0,27502
2628857628,500,621,0,0,0,0
9362,2665230000,308,500,614,0,0
4681558,9363,11854,-24305,500,0,617
0,4682058,9364,0,11770,-23737,500
0,0,29502,71,9365,0,11709
624,0,0,0,30002,71,9366
500,622,0,0,0,0,30502
2853252478,28639732,617,0,0,0,0
9368,2891984255,500,0,623,0,0
4684558,9369,11680,-20812,0,500,612
0,4685058,9370,0,11743,-20207,500
0,0,32502,71,9371,0,11836
620,0,0,0,-32534,71,9372
500,617,0,0,0,0,33502
3090231146,500,619,0,0,0,0
9374,3130077245,500,175,614,0,0
4687558,9375,12601,-17172,500,0,617
0,4688058,9376,0,12903,-16585,500
0,0,-30034,71,9377,0,13252
614,0,0,0,-29534,71,9378
500,614,0,0,0,0,36502
3313186554,500,622,0,0,0,0
9380,3345627353,500,0,620,0,0
4690558,9381,15068,-14026,500,0,622
0,4691058,9382,0,15653,-13610,0
0,0,-27034,71,9383,0,16227
612,0,0,0,-26534,71,9384
32768000,600,0,0,0,0,39502
3468379150,500,609,0,0,0,0
9386,3484370552,500,0,616,0,0
4693558,9387,18664,-12166,500,0,621
0,4694058,9388,0,19286,-12000,0
0,0,-24034,71,9389,0,19907
600,0,0,0,-23534,71,9390
500,607,0,0,0,0,42502
3527299733,500,604,0,0,0,0
9392,3529725172,380,500,598,0,0
4696558,9393,22351,-11667,500,0,597
0,4697058,9394,0,22947,-11683,500
0,0,-21034,71,9395,0,23536
595,0,0,0,-20534,71,9396
32768000,585,0,0,0,0,45502
3518849142,500,601,0,0,0,0
9398,3513082548,500,0,601,0,0
4699558,9399,25833,-12029,0,500,587
0,4700058,9400,0,26392,-12138,500
0,0,-18034,71,9401,0,26951
589,0,0,0,-17534,71,9402
500,600,0,0,0,0,48502
3473829270,20382196,595,0,0,0,0
9404,3464589239,500,176,590,0,0
4702558,9405,29145,-12823,500,0,589
0,4703058,9406,0,29689,-12980,500
0,0,-15034,71,9407,0,30227
614,0,0,0,-14534,71,9408
32768000,589,0,0,0,0,51502
3413146182,500,601,0,0,0,0
9410,886602849,500,472,595,0,0
4705558,9411,32375,13364,500,0,593
0,4706058,9412,0,-32628,13202,480
0,0,-12034,71,9413,0,33446
597,0,0,0,-11534,71,9414
32768462,591,0,0,0,0,54502
833652439,500,594,0,0,0,0
9416,823888111,500,0,600,0,0
4708558,9417,-29940,12425,500,0,601
0,4709058,9418,0,-29397,12284,500
0,0,-9034,71,9419,0,36681
598,0,0,0,-8534,71,9420
500,603,0,0,0,0,57502
781816718,500,602,0,0,0,0
9422,775394744,500,0,619,0,0
4711558,9423,-26654,11750,0,500,609
0,4712058,9424,0,-26097,11684,500
0,0,-6034,71,9425,0,40004
617,0,0,0,-5534,71,9426
32768000,607,0,0,0,0,60502
760258748,500,618,0,0,0,0
9428,761373438,0,500,604,0,0
4714558,9429,-23222,11660,500,0,618
0,4715058,9430,0,-22628,11736,275
0,0,-3034,71,9431,0,43505
634,0,0,0,-2534,71,9432
500,630,0,0,0,0,63502
797093555,500,634,0,0,0,0
9434,811577628,500,0,635,0,0
4717558,9435,-19577,12646,0,500,622
0,4718058,9436,0,-18954,12948,500
0,0,-34,71,9437,0,47207
647,0,0,0,466,72,9438
32768000,636,0,0,0,0,966
925351219,500,641,0,0,0,0
9440,956022669,500,0,650,0,0
4720558,9441,-15914,15088,500,15,646
0,4721058,9442,0,-15356,15666,500
0,0,2966,72,9443,0,50671
631,0,0,0,3466,72,9444
500,647,0,0,0,0,3966
1140115879,500,653,0,0,0,0
9446,1179437897,500,0,663,0,0
4723558,9447,-13120,18602,0,500,653
0,4724058,9448,0,-12793,19212,500
0,0,5966,72,9449,0,53024
656,0,0,0,6466,72,9450
500,665,0,0,0,0,6966
1378013401,32768000,656,0,0,0,0
9452,1417204085,500,0,671,0,0
4726558,9453,-11796,22216,0,500,659
0,4727058,9454,0,-11708,22799,500
0,0,8966,72,9455,0,53887
672,0,0,0,9466,72,9456
500,670,0,0,0,0,9966
1606734488,500,684,0,0,0,0
9458,1643434628,0,500,673,0,0
4729558,9459,-11684,25631,500,0,675
0,4730058,9460,0,-11747,26183,500
0,0,11966,72,9461,0,53710
671,0,0,0,12466,72,9462
500,680,0,0,0,0,12966
1822740750,500,684,0,0,0,0
9464,1857933464,500,0,694,0,0
4732558,9465,-12264,28884,0,500,682
0,4733058,9466,0,-12396,29415,500
0,0,14966,72,9467,0,53001
686,0,0,0,15466,72,9468
500,697,0,0,0,0,15966
2031668699,32768000,685,0,0,0,0
9470,2066074944,500,236,680,0,0
4735558,9471,-13148,32048,500,0,696
0,4736058,9472,0,-13309,32574,500
0,0,17966,72,9473,0,13409
686,0,0,0,18466,72,9474
500,685,0,0,0,0,18966
2237805343,500,703,0,0,0,0
9476,2272342651,0,500,683,0,0
4738558,9477,12763,-30335,500,0,694
0,4739058,9478,0,12610,-29807,500
0,0,20966,72,9479,0,12464
701,0,0,0,21466,72,9480
500,713,0,0,0,0,21966
2446274455,32768000,695,0,0,0,0
9482,2481467163,0,500,682,0,0
4741558,9483,11943,-27133,500,0,697
0,4742058,9484,0,11837,-26587,500
0,0,23966,72,9485,0,11748
702,0,0,0,24466,72,9486
500,709,0,0,0,0,24966
2661166430,32768391,702,0,0,0,0
9488,2698194229,500,0,706,0,0
4744558,9489,11556,-23796,500,0,703
0,4745058,9490,0,11563,-23223,500
0,0,26966,72,9491,0,11593
705,0,0,0,27466,72,9492
32768273,697,0,0,0,0,27966
2888379874,500,712,0,0,0,0
9494,2927504996,500,0,716,0,0
4747558,9495,12038,-20263,500,0,720
0,4748058,9496,0,12240,-19654,0
0,0,29966,72,9497,0,12488
691,0,0,0,30466,72,9498
500,704,0,0,0,0,30966
3126604601,500,709,0,0,0,0
9500,3166123185,500,0,716,0,0
4750558,9501,13913,-16636,0,500,700
0,4751058,9502,0,14378,-16064,500
0,0,-32570,72,9503,0,14877
707,0,0,0,-32070,72,9504
500,715,0,0,0,0,33966
3343203980,32768000,703,0,0,0,0
9506,3373744336,500,0,702,0,0
4753558,9507,17194,-13635,500,0,720
0,4754058,9508,0,17810,-13255,0
0,0,-29570,72,9509,0,18425
699,0,0,0,-29070,72,9510
500,725,0,0,0,0,36966
3485093075,32768000,708,0,0,0,0
9512,3499052865,500,0,717,0,0
4756558,9513,20902,-11967,500,0,713
0,4757058,9514,0,21509,-11824,500
0,0,-26570,72,9515,0,22115
714,0,0,0,-26070,72,9516
500,710,0,0,0,0,39966
3534773000,500,705,0,0,0,0
9518,3536215375,500,0,715,0,0
4759558,9519,24467,-11582,500,0,711
0,4760058,9520,0,25043,-11610,500
0,0,-23570,72,9521,0,25609
709,0,0,0,-23070,72,9522
500,715,0,0,0,0,42966
3522521194,500,730,0,0,0,0
9524,3516492439,0,500,713,0,0
4762558,9525,27836,-11978,500,230,707
0,4763058,9526,0,28382,-12087,500
0,0,-20570,72,9527,0,28928
713,0,0,0,-20070,72,9528
500,733,0,0,0,0,45966
3477501244,32768000,710,0,0,0,0
9530,3468457812,156,500,702,0,0
4765558,9531,31087,-12759,500,0,718
0,4766058,9532,0,31626,-12910,500
0,0,-17570,72,9533,0,32161
713,0,0,0,-17070,72,9534
500,728,0,0,0,0,48966
870154702,500,725,0,0,0,0
9536,859735016,500,81,720,0,0
4768558,9537,-31233,12964,500,182,714
0,4769058,9538,0,-30698,12813,500
0,0,-14570,72,9539,0,35377
697,0,0,0,-14070,72,9540
500,725,0,0,0,0,51966
810913387,32768004,716,0,0,0,0
9542,802197644,0,500,699,0,0
4771558,9543,-27984,12111,500,0,717
0,4772058,9544,0,-27435,11989,500
0,0,-11570,72,9545,0,38654
707,0,0,0,-11070,72,9546
500,713,0,0,0,0,54966
766614368,32768003,704,0,0,0,0
9548,761830805,500,0,720,0,0
4774558,9549,-24625,11571,90,500,710
0,4775058,9550,0,-24046,11534,225
0,0,-8570,72,9551,0,42075
714,0,0,0,-8070,72,9552
500,718,0,0,0,0,57966
757049593,32768153,709,0,0,0,0
9554,760654677,0,500,698,0,0
4777558,9555,-21065,11690,500,0,705
0,4778058,9556,0,-20452,11810,500
0,0,-5570,72,9557,0,45699
697,0,0,0,-5070,72,9558
500,719,0,0,0,0,60966
811644770,32768000,695,0,0,0,0
9560,829471180,500,0,697,0,0
4780558,9561,-17359,12972,500,0,703
0,4781058,9562,0,-16753,13326,500
0,0,-2570,72,9563,0,49372
702,0,0,0,-2070,72,9564
500,709,0,0,0,0,63966
959366413,32768452,702,0,0,0,0
9566,992462602,500,0,716,0,0
4783558,9567,-14104,15723,12,500,707
0,4784058,9568,0,-13664,16281,0
0,0,430,73,9569,0,52265
708,0,0,0,930,73,9570
32768000,691,0,0,0,0,1430
1183698620,500,700,0,0,0,0
9572,1223413703,500,12,695,0,0
4786558,9573,-12124,19278,202,500,687
0,4787058,9574,0,-11945,19889,500
0,0,3430,73,9575,0,53738
701,0,0,0,3930,73,9576
32768300,693,0,0,0,0,4430
1421660839,500,700,0,0,0,0
9578,1460523733,500,0,706,0,0
4789558,9579,-11540,22868,0,500,695
0,4790058,9580,0,-11540,23445,500
0,0,6430,73,9581,0,53970
684,0,0,0,6930,73,9582
500,691,0,0,0,0,7430
1648218729,500,693,0,0,0,0
9584,1684656671,500,0,698,0,0
4792558,9585,-11837,26258,328,500,690
0,4793058,9586,0,-11941,26806,500
0,0,9430,73,9587,0,53484
686,0,0,0,9930,73,9588
500,685,0,0,0,0,10430
1863241714,500,689,0,0,0,0
9590,1898172264,0,500,671,0,0
4795558,9591,-12579,29496,500,0,692
0,4796058,9592,0,-12724,30027,0
0,0,12430,73,9593,0,52662
687,0,0,0,12930,73,9594
32768000,672,0,0,0,0,13430
2071645322,500,682,0,0,0,0
9596,2106143528,0,500,669,0,0
4798558,9597,12938,32665,500,0,679
0,4799058,9598,0,12787,-32347,500
0,0,15430,73,9599,0,12640
675,0,0,0,15930,73,9600
500,676,0,0,0,0,16430
2278764602,32768000,664,0,0,0,0
9602,2313367476,500,0,674,0,0
4801558,9603,12086,-29708,248,500,666
0,4802058,9604,0,11964,-29175,500
0,0,18430,73,9605,0,11850
684,0,0,0,18930,73,9606
32768000,654,0,0,0,0,19430
2488479123,500,666,0,0,0,0
9608,2524196169,500,0,672,0,0
4804558,9609,11534,-26472,0,500,661
0,4805058,9610,0,11497,-25922,0
0,0,21430,73,9611,0,11481
653,0,0,0,21930,73,9612
500,655,0,0,0,0,22430
2706451703,500,661,0,0,0,0
9614,2743872818,500,160,656,0,0
4807558,9615,11660,-23093,0,500,642
0,4808058,9616,0,11778,-22508,500
0,0,24430,73,9617,0,11932
641,0,0,0,24930,73,9618
500,654,0,0,0,0,25430
2936811597,32768000,637,0,0,0,0
9620,2976592224,500,0,649,0,0
4810558,9621,12957,-19506,0,500,634
0,4811058,9622,0,13323,-18897,500
0,0,27430,73,9623,0,13733
626,0,0,0,27930,73,9624
500,641,0,0,0,0,28430
3175627078,500,642,0,0,0,0
9626,3214031735,0,500,622,0,0
4813558,9627,15769,-15925,500,0,623
0,4814058,9628,0,16345,-15375,500
0,0,30430,73,9629,0,16941
623,0,0,0,30930,73,9630
500,630,0,0,0,0,31430
3381282540,32768000,612,0,0,0,0
9632,3408480601,500,0,620,0,0
4816558,9633,19400,-13153,500,0,617
0,4817058,9634,0,20018,-12817,500
0,0,-32106,73,9635,0,20631
607,0,0,0,-31606,73,9636
500,618,0,0,0,0,34430
3504362844,32768000,607,0,0,0,0
9638,3515832243,500,0,610,0,0
4819558,9639,23044,-11749,500,0,612
0,4820058,9640,0,23633,-11645,0
0,0,-29106,73,9641,0,24213
622,0,0,0,-28606,73,9642
32768000,604,0,0,0,0,37430
3541197583,500,603,0,0,0,0
9644,3541001541,500,0,607,0,0
4822558,9645,26486,-11527,500,0,610
0,4823058,9646,0,27040,-11566,0
0,0,-26106,73,9647,0,27593
589,0,0,0,-25606,73,9648
500,595,0,0,0,0,40430
3522785297,32768123,587,0,0,0,0
9650,3516559919,500,0,603,0,0
4825558,9651,29773,-11986,0,500,589
0,4826058,9652,0,30315,-12104,500
0,0,-23106,73,9653,0,30852
601,0,0,0,-22606,73,9654
500,604,0,0,0,0,43430
3476389044,32768005,595,0,0,0,0
9656,3467214541,500,0,601,0,0
4828558,9657,-32541,-12773,472,500,595
0,4829058,9658,0,-32007,-12915,500
0,0,-20106,73,9659,0,34066
603,0,0,0,-19606,73,9660
32768358,596,0,0,0,0,46430
843221317,500,595,0,0,0,0
9662,833719135,500,0,594,0,0
4831558,9663,-29315,12575,500,0,594
0,4832058,9664,0,-28770,12433,0
0,0,-17106,73,9665,0,37311
598,0,0,0,-16606,73,9666
32768222,590,0,0,0,0,49430
789157387,500,607,0,0,0,0
9668,781555769,500,0,604,0,0
4834558,9669,-26009,11818,0,500,590
0,4835058,9670,0,-25446,11720,500
0,0,-14106,73,9671,0,40661
610,0,0,0,-13606,73,9672
10093044,605,0,0,0,0,52430
754230106,32768000,586,0,0,0,0
9674,751543715,500,0,593,0,0
4837558,9675,-22539,11444,500,0,617
0,4838058,9676,0,-21938,11446,0
0,0,-11106,73,9677,0,44201
593,0,0,0,-10606,73,9678
500,609,0,0,0,0,55430
759935351,500,618,0,0,0,0
9680,767144928,0,500,608,0,0
4840558,9681,-18870,11850,500,0,612
0,4841058,9682,0,-18248,12026,500
0,0,-8106,73,9683,0,47907
617,0,0,0,-7606,73,9684
500,614,0,0,0,0,58430
838647761,500,618,0,0,0,0
9686,860733973,500,321,613,0,0
4843558,9687,-15294,13511,0,500,603
0,4844058,9688,0,-14808,13933,500
0,0,-5106,73,9689,0,51224
618,0,0,0,-4606,73,9690
32768013,609,0,0,0,0,61430
1012583293,500,612,0,0,0,0
9692,1048628469,500,0,625,0,0
4846558,9693,-12733,16570,0,500,605
0,4847058,9694,0,-12447,17160,500
0,0,-2106,73,9695,0,53334
620,0,0,0,-1606,73,9696
32768000,607,0,0,0,0,64430
1243533775,32768274,600,0,0,0,0
9698,1283641938,500,0,607,0,0
4849558,9699,-11598,20197,500,223,602
0,4850058,9700,0,-11527,20801,500
0,0,894,74,9701,0,54052
606,0,0,0,1394,74,9702
500,606,0,0,0,0,1894
1480315690,32768450,599,0,0,0,0
9704,1518457616,500,0,599,0,0
4852558,9705,-11551,23745,500,452,594
0,4853058,9706,0,-11615,24318,500
0,0,3894,74,9707,0,53847
586,0,0,0,4394,74,9708
500,590,0,0,0,0,4894
1703989656,500,589,0,0,0,0
9710,1740296488,292,500,582,0,0
4855558,9711,-12109,27101,0,500,571
0,4856058,9712,0,-12232,27643,500
0,0,6894,74,9713,0,53170
585,0,0,0,7394,74,9714
26477044,579,0,0,0,0,7894
1917570716,32768000,553,0,0,0,0
9716,1952370192,500,0,568,0,0
4858558,9717,-12931,30323,0,500,559
0,4859058,9718,0,12984,30855,500
0,0,9894,74,9719,0,12837
552,0,0,0,10394,74,9720
32768322,546,0,0,0,0,10894
2125869315,500,547,0,0,0,0
9722,2160537716,500,0,545,0,0
4861558,9723,12268,-32042,500,492,540
0,4862058,9724,0,12139,-31516,500
0,0,12894,74,9725,0,12013
539,0,0,0,13394,74,9726
32768000,521,0,0,0,0,13894
2333879819,500,524,0,0,0,0
9728,2368679341,500,0,522,0,0
4864558,9729,11606,-28857,0,500,505
0,4865058,9730,0,11531,-28318,500
0,0,15894,74,9731,0,11476
508,0,0,0,16394,74,9732
32768000,496,0,0,0,0,16894
2545953946,500,512,0,0,0,0
9734,2582195354,0,500,493,0,0
4867558,9735,11445,-25581,500,0,496
0,4868058,9736,0,11497,-25022,500
0,0,18894,74,9737,0,11576
489,0,0,0,19394,74,9738
500,490,0,0,0,0,19894
2767466045,32768201,484,0,0,0,0
9740,2805673715,500,0,484,0,0
4870558,9741,12239,-22135,500,85,481
0,4871058,9742,0,12503,-21542,500
0,0,21894,74,9743,0,12810
483,0,0,0,22394,74,9744
32768000,473,0,0,0,0,22894
3002217707,500,483,0,0,0,0
9746,3042195100,500,0,491,0,0
4873558,9747,14450,-18506,0,500,474
0,4874058,9748,0,14954,-17896,500
0,0,24894,74,9749,0,15530
479,0,0,0,25394,74,9750
32768000,469,0,0,0,0,25894
3238281508,500,474,0,0,0,0
9752,3274916732,500,0,489,0,0
4876558,9753,17885,-15070,500,453,484
0,4877058,9754,0,18500,-14564,500
0,0,27894,74,9755,0,19121
481,0,0,0,28394,74,9756
500,489,0,0,0,0,28894
3425324934,500,490,0,0,0,0
9758,3448590825,500,138,487,0,0
4879558,9759,21579,-12606,333,500,481
0,4880058,9760,0,22184,-12338,500
0,0,30894,74,9761,0,22779
504,0,0,0,31394,74,9762
32768410,498,0,0,0,0,31894
3524287889,500,505,0,0,0,0
9764,3532218325,0,500,496,0,0
4882558,9765,25105,-11547,500,0,497
0,4883058,9766,0,25670,-11486,0
0,0,-31642,74,9767,0,26235
492,0,0,0,-31142,74,9768
12845556,489,0,0,0,0,34894
3544869587,500,487,0,0,0,0
9770,3542838521,424,500,482,0,0
4885558,9771,28446,-11525,500,0,495
0,4886058,9772,0,28991,-11584,0
0,0,-28642,74,9773,0,29531
480,0,0,0,-28142,74,9774
500,494,0,0,0,0,37894
3518592917,32768000,481,0,0,0,0
9776,3511712173,500,0,488,0,0
4888558,9777,31683,-12065,0,500,466
0,4889058,9778,0,32220,-12188,500
0,0,-25642,74,9779,0,32758
465,0,0,0,-25142,74,9780
15466996,461,0,0,0,0,40894
3470427169,500,462,0,0,0,0
9782,3461252666,273,500,457,0,0
4891558,9783,-30634,-12864,500,330,453
0,4892058,9784,0,-30097,12891,0
0,0,-22642,74,9785,0,35977
441,0,0,0,-22142,74,9786
32768028,435,0,0,0,0,43894
817139916,500,441,0,0,0,0
9788,808293101,0,500,406,0,0
4894558,9789,-27375,12205,500,0,437
0,4895058,9790,0,-26819,12076,0
0,0,-19642,74,9791,0,39278
415,0,0,0,-19142,74,9792
500,429,0,0,0,0,46894
769629652,32768000,409,0,0,0,0
9794,763404306,500,386,406,0,0
4897558,9795,-23977,11563,0,500,397
0,4898058,9796,0,-23395,11496,71
0,0,-16642,74,9797,0,42729
388,0,0,0,-16142,74,9798
32768000,381,0,0,0,0,49894
746171292,21823988,378,0,0,0,0
9800,746434043,500,242,375,0,0
4900558,9801,-20387,11416,0,500,367
0,4901058,9802,0,-19768,11465,500
0,0,-13642,74,9803,0,46391
367,0,0,0,-13142,74,9804
6947316,366,0,0,0,0,52894
772848136,13173236,364,0,0,0,0
9806,784252012,0,500,356,0,0
4903558,9807,-16698,12177,500,454,353
0,4904058,9808,0,-16115,12431,500
0,0,-10642,74,9809,0,49987
368,0,0,0,-10142,74,9810
32768000,354,0,0,0,0,55894
880330552,27525620,351,0,0,0,0
9812,907725076,500,0,357,0,0
4906558,9813,-13625,14304,500,0,370
0,4907058,9814,0,-13231,14791,0
0,0,-7642,74,9815,0,52661
350,0,0,0,-7142,74,9816
500,354,0,0,0,0,58894
1079103482,500,356,0,0,0,0
9818,1117638876,500,0,369,0,0
4909558,9819,-11876,17650,500,0,381
0,4910058,9820,0,-11719,18254,0
0,0,-4642,74,9821,0,53934
372,0,0,0,-4142,74,9822
500,374,0,0,0,0,61894
1316541249,500,373,0,0,0,0
9824,1356256100,0,500,361,0,0
4912558,9825,-11413,21297,500,0,370
0,4913058,9826,0,-11428,21895,0
0,0,-1642,74,9827,0,54078
357,0,0,0,-1142,74,9828
500,372,0,0,0,0,64894
1550176974,32768000,346,0,0,0,0
9830,1587729022,500,0,362,0,0
4915558,9831,-11737,24793,383,500,358
0,4916058,9832,0,-11836,25358,147
0,0,1358,75,9833,0,53587
356,0,0,0,1858,75,9834
32768000,329,0,0,0,0,2358
1770704999,500,337,0,0,0,0
9836,1806553060,497,500,334,0,0
4918558,9837,-12452,28109,0,500,318
0,4919058,9838,0,-12587,28648,138
0,0,4358,75,9839,0,52813
320,0,0,0,4858,75,9840
32768000,304,0,0,0,0,5358
1982738903,12583412,303,0,0,0,0
9842,2017538379,443,500,300,0,0
4921558,9843,12482,31313,0,500,292
0,4922058,9844,0,12344,31844,0
0,0,7358,75,9845,0,12208
279,0,0,0,7858,75,9846
500,294,0,0,0,0,8358
2190880443,32768000,284,0,0,0,0
9848,2225614406,0,500,278,0,0
4924558,9849,11741,-31044,0,500,271
0,4925058,9850,0,11646,-30514,0
0,0,10358,75,9851,0,11560
261,0,0,0,10858,75,9852
32768000,246,0,0,0,0,11358
2400332965,500,247,0,0,0,0
9854,2435591295,70,500,243,0,0
4927558,9855,11367,-27829,500,0,245
0,4928058,9856,0,11363,-27283,0
0,0,13358,75,9857,0,11385
240,0,0,0,13858,75,9858
500,249,0,0,0,0,14358
2615487729,32768000,241,0,0,0,0
9860,2652384597,500,0,242,0,0
4930558,9861,11743,-24498,0,500,232
0,4931058,9862,0,11918,-23927,500
0,0,16358,75,9863,0,12125
240,0,0,0,16858,75,9864
500,244,0,0,0,0,17358
2841850231,32768293,241,0,0,0,0
9866,2880778949,0,500,236,0,0
4933558,9867,13370,-20976,500,0,239
0,4934058,9868,0,13784,-20368,500
0,0,19358,75,9869,0,14240
230,0,0,0,19858,75,9870
500,245,0,0,0,0,20358
3080338363,32768000,225,0,0,0,0
9872,3120446949,500,0,246,0,0
4936558,9873,16418,-17318,0,500,238
0,4937058,9874,0,17008,-16727,0
0,0,22358,75,9875,0,17614
229,0,0,0,22858,75,9876
32768000,215,0,0,0,0,23358
3306310047,500,221,0,0,0,0
9878,3339668486,0,500,213,0,0
4939558,9879,20082,-14105,0,500,207
0,4940058,9880,0,20700,-13672,500
0,0,25358,75,9881,0,21308
199,0,0,0,25858,75,9882
32768000,185,0,0,0,0,26358
3469236207,786932,186,0,0,0,0
9884,3486997059,500,205,185,0,0
4942558,9885,23692,-12092,0,500,167
0,4943058,9886,0,24270,-11893,0
0,0,28358,75,9887,0,24847
171,0,0,0,28858,75,9888
32768000,164,0,0,0,0,29358
3540477311,32768000,154,0,0,0,0
9890,3544999853,0,500,139,0,0
4945558,9891,27098,-11405,500,0,149
0,4946058,9892,0,27653,-11391,267
0,0,31358,75,9893,0,28200
129,0,0,0,31858,75,9894
32768000,123,0,0,0,0,32358
3544019560,500,140,0,0,0,0
9896,3540087943,0,500,135,0,0
4948558,9897,30369,-11589,0,500,130
0,4949058,9898,0,30905,-11669,298
0,0,-31178,75,9899,0,31443
116,0,0,0,-30678,75,9900
500,121,0,0,0,0,35358
3509878530,500,125,0,0,0,0
9902,3502276887,277,500,122,0,0
4951558,9903,-31952,-12221,500,0,124
0,4952058,9904,0,-31415,-12352,395
0,0,-28178,75,9905,0,34656
106,0,0,0,-27678,75,9906
500,109,0,0,0,0,38358
3459287959,32768222,107,0,0,0,0
9908,835947955,92,500,104,0,0
4954558,9909,-28719,12619,0,500,95
0,4955058,9910,0,-28172,12483,0
0,0,-25178,75,9911,0,37915
86,0,0,0,-24678,75,9912
500,100,0,0,0,0,41358
792631404,32768000,93,0,0,0,0
9914,784571039,500,262,93,0,0
4957558,9915,-25386,11854,500,0,96
0,4958058,9916,0,-24817,11750,0
0,0,-22178,75,9917,0,41291
78,0,0,0,-21678,75,9918
32768000,53,0,0,0,0,44358
752985568,500,72,0,0,0,0
9920,749054000,0,500,67,0,0
4960558,9921,-21884,11385,0,500,60
0,4961058,9922,0,-21276,11353,0
0,0,-19178,75,9923,0,44873
54,0,0,0,-18678,75,9924
32768000,48,0,0,0,0,47358
746370070,32768345,47,0,0,0,0
9926,750237315,0,500,33,0,0
4963558,9927,-18192,11532,0,500,22
0,4964058,9928,0,-17580,11652,500
0,0,-16178,75,9929,0,48558
25,0,0,0,-15678,75,9930
32768000,22,0,0,0,0,50358
800440897,32768000,12,0,0,0,0
9932,817874023,0,500,6,0,0
4966558,9933,-14767,12787,500,0,13
0,4967058,9934,0,-14277,13131,500
0,0,-13178,75,9935,0,51712
7,0,0,0,-12678,75,9936
32768000,0,0,0,0,0,53358
944557338,32768000,-12,0,0,0,0
9938,977129062,500,0,-7,0,0
4969558,9939,-12406,15473,500,82,65531
0,4970058,9940,0,-12154,16026,0
0,0,-10178,75,9941,0,53592
65523,0,0,0,-9678,75,9942
32768000,65517,0,0,0,0,56358
1166332560,21889524,-18,0,0,0,0
9944,1206244092,0,500,-25,0,0
4972558,9945,-11449,19017,0,500,65505
0,4973058,9946,0,-11402,19632,0
0,0,-7178,75,9947,0,54158
65503,0,0,0,-6678,75,9948
32768000,65493,0,0,0,0,59358
1406194559,500,-39,0,0,0,0
9950,1445516119,0,500,-50,0,0
4975558,9951,-11485,22647,500,0,65489
0,4976058,9952,0,-11550,23232,0
0,0,-4178,75,9953,0,53904
65463,0,0,0,-3678,75,9954
500,65473,0,0,0,0,62358
1635766734,32768000,-76,0,0,0,0
9956,1672597859,500,0,-67,0,0
4978558,9957,-12052,26082,0,500,65465
0,4979058,9958,0,-12178,26639,0
0,0,-1178,75,9959,0,53232
65437,0,0,0,-678,75,9960
500,65444,0,0,0,0,65358
1853345511,500,-82,0,0,0,0
9962,1888865885,0,500,-108,0,0
4981558,9963,12733,29359,500,0,65441
0,4982058,9964,0,12599,29894,0
0,0,1822,76,9965,0,12460
65426,0,0,0,2322,76,9966
32768000,65418,0,0,0,0,2822
2064134051,500,-109,0,0,0,0
9968,2098868008,0,500,-114,0,0
4984558,9969,11950,32559,0,500,65414
0,4985058,9970,0,11833,-32445,0
0,0,4822,76,9971,0,11729
65405,0,0,0,5322,76,9972
32768000,65399,0,0,0,0,5822
2273127707,32768000,-139,0,0,0,0
9974,2308254926,0,500,-148,0,0
4987558,9975,11411,-29781,500,0,65393
0,4988058,9976,0,11369,-29245,0
0,0,7822,76,9977,0,11340
65374,0,0,0,8322,76,9978
32768000,65373,0,0,0,0,8822
2485070928,32768000,-167,0,0,0,0
9980,2520919160,0,500,-184,0,0
4990558,9981,11445,-26516,500,0,65357
0,4991058,9982,0,11534,-25958,0
0,0,10822,76,9983,0,11660
65335,0,0,0,11322,76,9984
32768390,65336,0,0,0,0,11822
2705010412,32768000,-204,0,0,0,0
9986,2742955985,0,500,-211,0,0
4993558,9987,12515,-23100,0,500,65308
0,4994058,9988,0,12831,-22513,0
0,0,13822,76,9989,0,13185
65314,0,0,0,14322,76,9990
32768000,65305,0,0,0,0,14822
2937796290,32768000,-233,0,0,0,0
9992,2977708190,0,500,-246,0,0
4996558,9993,15002,-19485,500,0,65308
0,4997058,9994,0,15576,-18867,0
0,0,16822,76,9995,0,16137
65296,0,0,0,17322,76,9996
32768422,65298,0,0,0,0,17822
3177989029,25559540,-235,0,0,0,0
9998,3216786953,261,500,-234,0,0
4999558,9999,18542,-15881,0,500,65290
0,5000058,10000,0,19157,-15333,500
0,0,19822,76,10001,0,19777
65283,0,0,0,20322,76,10002
11010548,65287,0,0,0,0,20822
3384758798,32768000,-254,0,0,0,0
10004,3412481130,0,500,-267,0,0
5002558,10005,22213,-13088,0,500,65258
0,5003058,10006,0,22811,-12752,0
0,0,22822,76,10007,0,23399
65242,0,0,0,23322,76,10008
32768000,65233,0,0,0,0,23822
3510067183,32768000,-314,0,0,0,0
10010,3521733165,0,500,-327,0,0
5005558,10011,25698,-11651,0,500,65200
0,5006058,10012,0,26258,-11535,0
0,0,25822,76,10013,0,26817
65180,0,0,0,26322,76,10014
32768000,65179,0,0,0,0,26822
3549850897,32768000,-362,0,0,0,0
10016,3550572338,0,500,-377,0,0
5008558,10017,29012,-11375,0,500,65156
0,5009058,10018,0,29556,-11409,343
0,0,28822,76,10019,0,30094
65143,0,0,0,29322,76,10020
32768000,65142,0,0,0,0,29822
3535174079,500,-382,0,0,0,0
10022,3529341913,500,0,-376,0,0
5011558,10023,32238,-11779,0,500,65154
0,5012058,10024,0,-32765,-11883,0
0,0,31822,76,10025,0,33307
65152,0,0,0,32322,76,10026
500,65163,0,0,0,0,32822
3492578890,32768000,-374,0,0,0,0
10028,3484256353,0,500,-385,0,0
5014558,10029,-30084,-12505,0,500,65151
0,5015058,10030,0,-29542,-12641,0
0,0,-30714,76,10031,0,36535
65148,0,0,0,-30214,76,10032
32768000,65146,0,0,0,0,35822
818057977,32768000,-392,0,0,0,0
10034,809211169,0,500,-419,0,0
5017558,10035,-26807,12219,0,500,65105
0,5018058,10036,0,-26251,12096,0
0,0,-27714,76,10037,0,39848
65085,0,0,0,-27214,76,10038
32768000,65072,0,0,0,0,38822
770154524,32768000,-479,0,0,0,0
10040,763863643,0,500,-498,0,0
5020558,10041,-23388,11564,357,500,65042
0,5021058,10042,0,-22796,11484,0
0,0,-24714,76,10043,0,43334
65013,0,0,0,-24214,76,10044
32768000,65009,0,0,0,0,41822
743222781,32768000,-531,0,0,0,0
10046,742043748,0,500,-534,0,0
5023558,10047,-19766,11330,0,500,64992
0,5024058,10048,0,-19150,11361,0
0,0,-21714,76,10049,0,47005
64992,0,0,0,-21214,76,10050
500,65012,0,0,0,0,44822
760462439,32768000,-532,0,0,0,0
10052,770031291,500,0,-522,0,0
5026558,10053,-16124,11926,500,0,65029
0,5027058,10054,0,-15557,12139,0
0,0,-18714,76,10055,0,50483
65011,0,0,0,-18214,76,10056
32768366,65016,0,0,0,0,47822
853854476,32768000,-529,0,0,0,0
10058,878430911,0,500,-531,0,0
5029558,10059,-13233,13823,0,500,65004
0,5030058,10060,0,-12874,14283,0
0,0,-15714,76,10061,0,52976
64972,0,0,0,-15214,76,10062
32768000,64967,0,0,0,0,50822
1040699627,32768000,-585,0,0,0,0
10064,1078055345,0,500,-599,0,0
5032558,10065,-11698,17040,0,500,64920
0,5033058,10066,0,-11575,17645,0
0,0,-12714,76,10067,0,54057
64886,0,0,0,-12214,76,10068
32768000,64874,0,0,0,0,53822
1276892050,32768000,-671,0,0,0,0
10070,1317393311,0,500,-692,0,0
5035558,10071,-11366,20711,0,500,64839
0,5036058,10072,0,-11390,21316,0
0,0,-9714,76,10073,0,54102
64826,0,0,0,-9214,76,10074
500,64848,0,0,0,0,56822
1514328787,32768000,-696,0,0,0,0
10076,1552536192,0,500,-696,0,0
5038558,10077,-11745,24269,0,500,64839
0,5039058,10078,0,-11848,24843,500
0,0,-6714,76,10079,0,53577
64868,0,0,0,-6214,76,10080
32768000,64870,0,0,0,0,59822
1738723412,32768000,-675,0,0,0,0
10082,1775095764,0,500,-677,0,0
5041558,10083,-12463,27634,0,500,64839
0,5042058,10084,0,-12598,28180,0
0,0,-3714,76,10085,0,52801
64832,0,0,0,-3214,76,10086
32768000,64817,0,0,0,0,62822
1953313000,32768000,-723,0,0,0,0
10088,1988505697,0,500,-730,0,0
5044558,10089,12251,30879,0,500,64787
0,5045058,10090,0,12126,31414,0
0,0,-714,76,10091,0,12007
64751,0,0,0,-214,76,10092
32768000,64737,0,0,0,0,286
2163682816,32768000,-831,0,0,0,0
10094,2198547869,0,500,-834,0,0
5047558,10095,11589,-31457,0,500,64684
0,5048058,10096,0,11506,-30921,0
0,0,2286,77,10097,0,11436
64665,0,0,0,2786,77,10098
32768000,64671,0,0,0,0,3286
2374118485,32768000,-869,0,0,0,0
10100,2409704512,133,500,-863,0,0
5050558,10101,11326,-28221,500,0,64691
0,5051058,10102,0,11351,-27676,0
0,0,5286,77,10103,0,11401
64718,0,0,0,5786,77,10104
32768000,64719,0,0,0,0,6286
2590190903,500,-803,0,0,0,0
10106,2626956737,0,500,-804,0,0
5053558,10107,11886,-24886,500,0,64751
0,5054058,10108,0,12092,-24312,0
0,0,8286,77,10109,0,12336
64769,0,0,0,8786,77,10110
32768000,64770,0,0,0,0,9286
2816488092,500,-746,0,0,0,0
10112,2855678988,328,500,-739,0,0
5056558,10113,13733,-21358,125,500,64802
0,5057058,10114,0,14185,-20751,312
0,0,11286,77,10115,0,14673
64834,0,0,0,11786,77,10116
32768000,64830,0,0,0,0,12286
3056090523,32768028,-701,0,0,0,0
10118,3096330195,0,500,-710,0,0
5059558,10119,16924,-17680,0,500,64829
0,5060058,10120,0,17528,-17073,0
0,0,14286,77,10121,0,18141
64828,0,0,0,14786,77,10122
32768000,64832,0,0,0,0,15286
3288877993,500,-693,0,0,0,0
10124,3321384467,500,109,-684,0,0
5062558,10125,20604,-14361,0,500,64851
0,5063058,10126,0,21211,-13898,291
0,0,17286,77,10127,0,21813
64867,0,0,0,17786,77,10128
500,64890,0,0,0,0,18286
3459078623,32768382,-640,0,0,0,0
10130,3478805543,500,0,-623,0,0
5065558,10131,24172,-12197,500,0,64927
0,5066058,10132,0,24749,-11980,500
0,0,20286,77,10133,0,25317
64947,0,0,0,20786,77,10134
32768000,64946,0,0,0,0,21286
3538904904,500,-581,0,0,0,0
10136,3544148343,0,500,-581,0,0
5068558,10137,27549,-11400,500,0,64978
0,5069058,10138,0,28095,-11368,500
0,0,23286,77,10139,0,28641
64988,0,0,0,23786,77,10140
500,64998,0,0,0,0,24286
3547231261,11207156,-531,0,0,0,0
10142,3544217141,0,500,-538,0,0
5071558,10143,30800,-11522,500,0,65016
0,5072058,10144,0,31337,-11601,0
0,0,26286,77,10145,0,31871
65001,0,0,0,26786,77,10146
1769972,65009,0,0,0,0,27286
3515580586,500,-513,0,0,0,0
10148,3507847874,500,0,-501,0,0
5074558,10149,-31529,-12130,0,500,65035
0,5075058,10150,0,-30996,-12253,500
0,0,29286,77,10151,0,35078
65062,0,0,0,29786,77,10152
500,65070,0,0,0,0,30286
3465710908,500,-445,0,0,0,0
10154,3456929624,500,312,-439,0,0
5077558,10155,-28294,12622,500,0,65106
0,5078058,10156,0,-27745,12484,500
0,0,32286,77,10157,0,38340
65135,0,0,0,-32750,77,10158
500,65149,0,0,0,0,33286
792893980,8520180,-382,0,0,0,0
10160,784768081,500,0,-368,0,0
5080558,10161,-24952,11862,500,0,65175
0,5081058,10162,0,-24382,11757,500
0,0,-30250,77,10163,0,41735
65176,0,0,0,-29750,77,10164
32768000,65176,0,0,0,0,36286
753051551,500,-352,0,0,0,0
10166,749054449,0,500,-363,0,0
5083558,10167,-21427,11378,500,0,65182
0,5084058,10168,0,-20816,11342,500
0,0,-27250,77,10169,0,45331
65197,0,0,0,-26750,77,10170
500,65208,0,0,0,0,39286
744994277,500,-319,0,0,0,0
10172,748337233,500,0,-297,0,0
5086558,10173,-17739,11503,500,170,65243
0,5087058,10174,0,-17136,11618,500
0,0,-24250,77,10175,0,48997
65268,0,0,0,-23750,77,10176
500,65283,0,0,0,0,42286
796902358,500,-235,0,0,0,0
10178,813876683,500,0,-229,0,0
5089558,10179,-14403,12715,500,0,65323
0,5090058,10180,0,-13941,13051,500
0,0,-21250,77,10181,0,52023
65344,0,0,0,-20750,77,10182
32768088,65344,0,0,0,0,45286
938135059,500,-182,0,0,0,0
10184,970313535,0,500,-186,0,0
5092558,10185,-12217,15365,0,500,65344
0,5093058,10186,0,-11992,15915,500
0,0,-18250,77,10187,0,53726
65362,0,0,0,-17750,77,10188
32768000,65359,0,0,0,0,48286
1159058150,500,-165,0,0,0,0
10190,1198969662,500,0,-154,0,0
5095558,10191,-11403,18911,500,0,65388
0,5096058,10192,0,-11375,19528,500
0,0,-15250,77,10193,0,54171
65417,0,0,0,-14750,77,10194
32832936,65417,1,0,0,0,51268
1399837552,32832936,-119,0,1,0,0
10196,1439290175,-600,500,-119,0,1
5098540,10197,-11519,22554,-600,500,65417
0,5099040,10198,0,-11595,23141,64936
1,0,-12268,77,10199,0,53852
65417,1,0,0,-11768,77,10200
32832936,65417,1,0,0,0,54268
1629868434,32832936,-119,0,1,0,0
10202,1666699553,-600,500,-119,0,1
5101540,10203,-12119,25990,-600,500,65417
0,5102040,10204,0,-12245,26543,64936
1,0,-9268,77,10205,0,53164
65417,1,0,0,-8768,77,10206
32832936,65417,1,0,0,0,57268
1846595233,32832936,-119,0,1,0,0
10208,1881853468,-600,500,-119,0,1
5104540,10209,12660,29248,-600,500,65417
0,5105040,10210,0,12530,29778,64936
1,0,-6268,77,10211,0,12398
65417,1,0,0,-5768,77,10212
32832936,65417,1,0,0,0,60268
2055286644,32832936,-119,0,1,0,0
10214,2089627389,-600,500,-119,0,1
5107540,10215,11914,32409,-600,500,65417
0,5108040,10216,0,11809,-32604,64936
1,0,-3268,77,10217,0,11711
65417,1,0,0,-2768,77,10218
32832936,65417,1,0,0,0,63268
2260872469,32832936,-119,0,1,0,0
10220,2295147727,-600,500,-119,0,1
5110540,10221,11417,-29991,-600,500,65417
0,5111040,10222,0,11377,-29466,64936
1,0,-268,77,10223,0,11351
65417,1,0,0,232,78,10224
32832936,65417,1,0,0,0,732
2467834972,32832936,-119,0,1,0,0
10226,2502765691,-600,500,-119,0,1
5113540,10227,11443,-26810,-600,500,65417
0,5114040,10228,0,11524,-26271,64936
1,0,2732,78,10229,0,11635
65417,1,0,0,3232,78,10230
32832936,65417,1,0,0,0,3732
2680827555,32832936,-119,0,1,0,0
10232,2717200239,-600,500,-119,0,1
5116540,10233,12379,-23516,-600,500,65417
0,5117040,10234,0,12650,-22949,64936
1,0,5732,78,10235,0,12959
65417,1,0,0,6232,78,10236
32832936,65417,1,0,0,0,6732
2904110449,32832936,-119,0,1,0,0
10238,2942514958,-600,500,-119,0,1
5119540,10239,14540,-20049,-600,500,65417
0,5120040,10240,0,15014,-19459,64936
1,0,8732,78,10241,0,15541
65417,1,0,0,9232,78,10242
32832936,65417,1,0,0,0,9732
3135520978,32832936,-119,0,1,0,0
10244,3173335798,-600,500,-119,0,1
5122540,10245,17699,-16547,-600,500,65417
0,5123040,10246,0,18260,-15995,64936
1,0,11732,78,10247,0,18824
65417,1,0,0,12232,78,10248
32832936,65417,1,0,0,0,12732
3344453103,32832936,-119,0,1,0,0
10250,3373748252,-600,500,-119,0,1
5125540,10251,21059,-13645,-600,500,65417
0,5126040,10252,0,21606,-13267,64936
1,0,14732,78,10253,0,22148
65417,1,0,0,15232,78,10254
32832936,65417,1,0,0,0,15732
3484834475,32832936,-119,0,1,0,0
10256,3499580595,-600,500,-119,0,1
5128540,10257,24244,-11946,-600,500,65417
0,5129040,10258,0,24752,-11787,64936
1,0,17732,78,10259,0,25253
65417,1,0,0,18232,78,10260
32832936,65417,1,0,0,0,18732
3541460600,32832936,-119,0,1,0,0
10262,3544279126,-600,500,-119,0,1
5131540,10263,27181,-11433,-600,500,65417
0,5132040,10264,0,27645,-11431,64936
1,0,20732,78,10265,0,28100
65417,1,0,0,21232,78,10266
32832936,65417,1,0,0,0,21732
3538710837,32832936,-119,0,1,0,0
10268,3534451422,-600,500,-119,0,1
5134540,10269,29821,-11681,-600,500,65417
0,5135040,10270,0,30222,-11771,64936
1,0,23732,78,10271,0,30608
65417,1,0,0,24232,78,10272
32832936,65417,1,0,0,0,24732
3502602850,32832936,-119,0,1,0,0
10274,3494542253,-600,500,-119,0,1
5137540,10275,31968,-12341,-600,500,65417
0,5138040,10276,0,32246,-12474,64936
1,0,26732,78,10277,0,32494
65417,1,0,0,27232,78,10278
32832936,65417,1,0,0,0,27732
3450306668,32832936,-119,0,1,0,0
10280,3441000678,-600,500,-119,0,1
5140540,10281,-32471,12962,-600,500,65417
0,5141040,10282,0,-32467,12833,64936
1,0,29732,78,10283,0,33004
65417,1,0,0,30232,78,10284
32832936,65417,1,0,0,0,30732
816414647,32832936,-119,0,1,0,0
10286,808550099,-600,500,-119,0,1
5143540,10287,32199,12219,-600,500,65417
0,5144040,10288,0,31898,12108,64936
1,0,32732,78,10289,0,31570
65417,1,0,0,-32304,78,10290
32832936,65417,1,0,0,0,33732
774207612,32832936,-119,0,1,0,0
10292,768833267,-600,500,-119,0,1
5146540,10293,30043,11657,-600,500,65417
0,5147040,10294,0,29622,11596,64936
1,0,-29804,78,10295,0,29189
65417,1,0,0,-29304,78,10296
32832936,65417,1,0,0,0,36732
753168004,32832936,-119,0,1,0,0
10298,753036470,-600,500,-119,0,1
5149540,10299,27361,11507,-600,500,65417
0,5150040,10300,0,26884,11544,64936
1,0,-26804,78,10301,0,26399
65417,1,0,0,-26304,78,10302
32832936,65417,1,0,0,0,39732
772956993,32832936,-119,0,1,0,0
10304,782131529,-600,500,-119,0,1
5152540,10305,24395,12101,-600,500,65417
0,5153040,10306,0,23878,12301,64936
1,0,-23804,78,10307,0,23354
65417,1,0,0,-23304,78,10308
32832936,65417,1,0,0,0,42732
858806029,32832936,-119,0,1,0,0
10310,880956655,-600,500,-119,0,1
5155540,10311,21195,13813,-600,500,65417
0,5156040,10312,0,20640,14218,64936
1,0,-20804,78,10313,0,20081
65417,1,0,0,-20304,78,10314
32832936,65417,1,0,0,0,45732
1024084490,32832936,-119,0,1,0,0
10316,1057310678,-600,500,-119,0,1
5158540,10317,17827,16656,-600,500,65417
0,5159040,10318,0,17269,17191,64936
1,0,-17804,78,10319,0,16721
65417,1,0,0,-17304,78,10320
32832936,65417,1,0,0,0,48732
1234517298,32832936,-119,0,1,0,0
10322,1270758181,-600,500,-119,0,1
5161540,10323,14669,19940,-600,500,65417
0,5162040,10324,0,14225,20489,64936
1,0,-14804,78,10325,0,13814
65417,1,0,0,-14304,78,10326
32832936,65417,1,0,0,0,51732
1448817450,32832936,-119,0,1,0,0
10328,1483485693,-600,500,-119,0,1
5164540,10329,12534,23160,-600,500,65417
0,5165040,10330,0,12308,23679,64936
1,0,-11804,78,10331,0,12117
65417,1,0,0,-11304,78,10332
32832936,65417,1,0,0,0,54732
1651650112,32832936,-119,0,1,0,0
10334,1684418020,-600,500,-119,0,1
5167540,10335,11686,26198,-600,500,65417
0,5168040,10336,0,11649,26690,64936
1,0,-8804,78,10337,0,11637
65417,1,0,0,-8304,78,10338
32832936,65417,1,0,0,0,57732
1844456863,32832936,-119,0,1,0,0
10340,1875848656,-600,500,-119,0,1
5170540,10341,11795,29100,-600,500,65417
0,5171040,10342,0,11876,29575,64936
1,0,-5804,78,10343,0,11971
65417,1,0,0,-5304,78,10344
32832936,65417,1,0,0,0,60732
2030972838,32832936,-119,0,1,0,0
10346,2061709351,-600,500,-119,0,1
5173540,10347,12465,31926,-600,500,65417
0,5174040,10348,0,12611,32394,64936
1,0,-2804,78,10349,0,12763
65417,1,0,0,-2304,78,10350
32832936,65417,1,0,0,0,63732
2214736670,32832936,-119,0,1,0,0
10352,2245276614,-600,500,-119,0,1
5176540,10353,13426,-30809,-600,500,65417
0,5177040,10354,0,13601,-30340,64936
1,0,196,79,10355,0,13778
65417,1,0,0,696,79,10356
32832936,65417,1,0,0,0,1196
2398931613,32832936,-119,0,1,0,0
10358,2429995826,-600,500,-119,0,1
5179540,10359,-13369,-27984,-600,500,65417
0,5180040,10360,0,-13222,-27508,64936
1,0,3196,79,10361,0,52459
65417,1,0,0,3696,79,10362
32832936,65417,1,0,0,0,4196
2586758659,32832936,-119,0,1,0,0
10364,2618609288,-600,500,-119,0,1
5182540,10365,-12537,-25088,-600,500,65417
0,5183040,10366,0,-12417,-24595,64936
1,0,6196,79,10367,0,53232
65417,1,0,0,6696,79,10368
32832936,65417,1,0,0,0,7196
2781794485,32832936,-119,0,1,0,0
10370,2815217927,-600,500,-119,0,1
5185540,10371,-11956,-22065,-600,500,65417
0,5186040,10372,0,-11901,-21544,64936
1,0,9196,79,10373,0,53673
65417,1,0,0,9696,79,10374
32832936,65417,1,0,0,0,10196
2986987964,32832936,-119,0,1,0,0
10376,3022180774,-600,500,-119,0,1
5188540,10377,-11914,-18886,-600,500,65417
0,5189040,10378,0,-11989,-18349,64936
1,0,12196,79,10379,0,53443
65417,1,0,0,12696,79,10380
32832936,65417,1,0,0,0,13196
3196440463,32832936,-119,0,1,0,0
10382,3230060223,-600,500,-119,0,1
5191540,10383,-12855,-15754,-600,500,65417
0,5192040,10384,0,-13141,-15278,64936
1,0,15196,79,10385,0,52069
65417,1,0,0,15696,79,10386
32832936,65417,1,0,0,0,16196
3375548516,32832936,-119,0,1,0,0
10388,3399206572,-600,500,-119,0,1
5194540,10389,-15148,-13343,-600,500,65417
0,5195040,10390,0,-15626,-13053,64936
1,0,18196,79,10391,0,49387
65417,1,0,0,18696,79,10392
32832936,65417,1,0,0,0,19196
3482172576,32832936,-119,0,1,0,0
10394,3491740266,-600,500,-119,0,1
5197540,10395,-18384,-12143,-600,500,65417
0,5198040,10396,0,-18957,-12058,64936
1,0,21196,79,10397,0,46007
65417,1,0,0,21696,79,10398
32832936,65417,1,0,0,0,22196
3510349639,32832936,-119,0,1,0,0
10400,3509234967,-600,500,-119,0,1
5200540,10401,-21780,-12031,-600,500,65417
0,5201040,10402,0,-22330,-12089,64936
1,0,24196,79,10403,0,42662
65417,1,0,0,24696,79,10404
32832936,65417,1,0,0,0,25196
3484787319,32832936,-119,0,1,0,0
10406,3477119080,-600,500,-119,0,1
5203540,10407,-24994,-12612,-600,500,65417
0,5204040,10408,0,-25512,-12753,64936
1,0,27196,79,10409,0,39510
65417,1,0,0,27696,79,10410
32832936,65417,1,0,0,0,28196
3427964509,32832936,-119,0,1,0,0
10412,3416691814,-600,500,-119,0,1
5206540,10413,-28047,-13584,-600,500,65417
0,5207040,10414,0,-28546,-13770,64936
1,0,30196,79,10415,0,36494
65417,1,0,0,30696,79,10416
32832936,65417,1,0,0,0,31196
3354233523,32832936,-119,0,1,0,0
10418,3340994759,-600,500,-119,0,1
5209540,10419,-31011,-14761,-600,500,65417
0,5210040,10420,0,-31501,-14966,64936
1,0,-32340,79,10421,0,33546
65417,1,0,0,-31840,79,10422
32832936,65417,1,0,0,0,34196
957185849,32832936,-119,0,1,0,0
10424,946437456,-600,500,-119,0,1
5212540,10425,31592,14274,-600,500,65417
0,5213040,10426,0,31102,14111,64936
1,0,-29340,79,10427,0,30611
65417,1,0,0,-28840,79,10428
32832936,65417,1,0,0,0,37196
893481916,32832936,-119,0,1,0,0
10430,883388878,-600,500,-119,0,1
5215540,10431,28639,13330,-600,500,65417
0,5216040,10432,0,28141,13186,64936
1,0,-26340,79,10433,0,27640
65417,1,0,0,-25840,79,10434
32832936,65417,1,0,0,0,40196
838494217,32832936,-119,0,1,0,0
10436,830957068,-600,500,-119,0,1
5218540,10437,25611,12574,-600,500,65417
0,5219040,10438,0,25095,12480,64936
1,0,-23340,79,10439,0,24575
65417,1,0,0,-22840,79,10440
32832936,65417,1,0,0,0,43196
804543456,32832936,-119,0,1,0,0
10442,802183624,-600,500,-119,0,1
5221540,10443,22443,12223,-600,500,65417
0,5222040,10444,0,21896,12226,64936
1,0,-20340,79,10445,0,21343
65417,1,0,0,-19840,79,10446
32832936,65417,1,0,0,0,46196
811552506,32832936,-119,0,1,0,0
10448,818695359,-600,500,-119,0,1
5224540,10449,19073,12634,-600,500,65417
0,5225040,10450,0,18496,12809,64936
1,0,-17340,79,10451,0,17920
65417,1,0,0,-16840,79,10452
32832936,65417,1,0,0,0,49196
888291725,32832936,-119,0,1,0,0
10454,909459301,-600,500,-119,0,1
5227540,10455,15695,14237,-600,500,65417
0,5228040,10456,0,15188,14631,64936
1,0,-14340,79,10457,0,14694
65417,1,0,0,-13840,79,10458
32832936,65417,1,0,0,0,52196
1048720933,32832936,-119,0,1,0,0
10460,1081095368,-600,500,-119,0,1
5230540,10461,13211,17003,-600,500,65417
0,5231040,10462,0,12959,17519,64936
1,0,-11340,79,10463,0,12756
65417,1,0,0,-10840,79,10464
32832936,65417,1,0,0,0,55196
1251029191,32832936,-119,0,1,0,0
10466,1285238913,-600,500,-119,0,1
5233540,10467,12384,20129,-600,500,65417
0,5234040,10468,0,12387,20643,64936
1,0,-8340,79,10469,0,12422
65417,1,0,0,-7840,79,10470
32832936,65417,1,0,0,0,58196
1451766048,32832936,-119,0,1,0,0
10472,1483944338,-600,500,-119,0,1
5236540,10473,12824,23132,-600,500,65417
0,5237040,10474,0,12978,23614,64936
1,0,-5340,79,10475,0,13149
65417,1,0,0,-4840,79,10476
32832936,65417,1,0,0,0,61196
1640576222,32832936,-119,0,1,0,0
10478,1671050674,-600,500,-119,0,1
5239540,10479,13969,25959,-600,500,65417
0,5240040,10480,0,14202,26418,64936
1,0,-2340,79,10481,0,14444
65417,1,0,0,-1840,79,10482
32832936,65417,1,0,0,0,64196
1820473957,32832936,-119,0,1,0,0
10484,1849899883,-600,500,-119,0,1
5242540,10485,15479,28674,-600,500,65417
0,5243040,10486,0,15752,29119,64936
1,0,660,80,10487,0,16028
65417,1,0,0,1160,80,10488
32832936,65417,1,0,0,0,1660
1995391182,32832936,-119,0,1,0,0
10490,2024324794,-600,500,-119,0,1
5245540,10491,-16482,31328,-600,500,65417
0,5246040,10492,0,-16253,31767,64936
1,0,3660,80,10493,0,49513
65417,1,0,0,4160,80,10494
32832936,65417,1,0,0,0,4660
2168111921,32832936,-119,0,1,0,0
10496,2196947988,-600,500,-119,0,1
5248540,10497,-15116,-31576,-600,500,65417
0,5249040,10498,0,-14895,-31137,64936
1,0,6660,80,10499,0,50858
65417,1,0,0,7160,80,10500
32832936,65417,1,0,0,0,7660
2340931662,32832936,-119,0,1,0,0
10502,2369833238,-600,500,-119,0,1
5251540,10503,-13865,-28933,-600,500,65417
0,5252040,10504,0,-13681,-28490,64936
1,0,9660,80,10505,0,52029
65417,1,0,0,10160,80,10506
32832936,65417,1,0,0,0,10660
2515717235,32832936,-119,0,1,0,0
10508,2545208568,-600,500,-119,0,1
5254540,10509,-12949,-26248,-600,500,65417
0,5255040,10510,0,-12854,-25794,64936
1,0,12660,80,10511,0,52753
65417,1,0,0,13160,80,10512
32832936,65417,1,0,0,0,13660
2695089740,32832936,-119,0,1,0,0
10514,2725695032,-600,500,-119,0,1
5257540,10515,-12802,-23475,-600,500,65417
0,5258040,10516,0,-12903,-22999,64936
1,0,15660,80,10517,0,52486
65417,1,0,0,16160,80,10518
32832936,65417,1,0,0,0,16660
2883046214,32832936,-119,0,1,0,0
10520,2915486228,-600,500,-119,0,1
5260540,10521,-14165,-20550,-600,500,65417
0,5261040,10522,0,-14578,-20044,64936
1,0,18660,80,10523,0,50498
65417,1,0,0,19160,80,10524
32832936,65417,1,0,0,0,19660
3082797381,32832936,-119,0,1,0,0
10526,3116875542,-600,500,-119,0,1
5263540,10527,-17193,-17457,-600,500,65417
0,5264040,10528,0,-17777,-16941,64936
1,0,21660,80,10529,0,47172
65417,1,0,0,22160,80,10530
32832936,65417,1,0,0,0,22660
3281171381,32832936,-119,0,1,0,0
10532,3309416821,-600,500,-119,0,1
5266540,10533,-20675,-14628,-600,500,65417
0,5267040,10534,0,-21236,-14257,64936
1,0,24660,80,10535,0,43747
65417,1,0,0,25160,80,10536
32832936,65417,1,0,0,0,25660
3415713445,32832936,-119,0,1,0,0
10538,3427706001,-600,500,-119,0,1
5269540,10539,-23935,-13097,-600,500,65417
0,5270040,10540,0,-24457,-13006,64936
1,0,27660,80,10541,0,40562
65417,1,0,0,28160,80,10542
32832936,65417,1,0,0,0,28660
3445004916,32832936,-119,0,1,0,0
10544,3441203322,-600,500,-119,0,1
5272540,10545,-27005,-13114,-600,500,65417
0,5273040,10546,0,-27506,-13227,64936
1,0,30660,80,10547,0,37532
65417,1,0,0,31160,80,10548
32832936,65417,1,0,0,0,31660
3397422781,32832936,-119,0,1,0,0
10550,3384839376,-600,500,-119,0,1
5275540,10551,-29980,-14096,-600,500,65417
0,5276040,10552,0,-30472,-14318,64936
1,0,-31876,80,10553,0,34574
65417,1,0,0,-31376,80,10554
32832936,65417,1,0,0,0,34660
3308553019,32832936,-119,0,1,0,0
10556,3291251026,-600,500,-119,0,1
5278540,10557,32617,-15588,-600,500,65417
0,5279040,10558,0,32128,-15868,64936
1,0,-28876,80,10559,0,31639
65417,1,0,0,-28376,80,10560
32832936,65417,1,0,0,0,37660
3197663172,32832936,-119,0,1,0,0
10562,3177805273,-600,500,-119,0,1
5281540,10563,29677,-17354,-600,500,65417
0,5282040,10564,0,29185,-17665,64936
1,0,-25876,80,10565,0,28691
65417,1,0,0,-25376,80,10566
32832936,65417,1,0,0,0,40660
3074780211,32832936,-119,0,1,0,0
10568,3053611584,-600,500,-119,0,1
5284540,10569,26699,-19268,-600,500,65417
0,5285040,10570,0,26196,19349,64936
1,0,-22876,80,10571,0,25691
65417,1,0,0,-22376,80,10572
32832936,65417,1,0,0,0,43660
1218207838,32832936,-119,0,1,0,0
10574,1201495642,-600,500,-119,0,1
5287540,10575,23633,18078,-600,500,65417
0,5288040,10576,0,23108,17822,64936
1,0,-19876,80,10577,0,22578
65417,1,0,0,-19376,80,10578
32832936,65417,1,0,0,0,46660
1118196730,32832936,-119,0,1,0,0
10580,1101812179,-600,500,-119,0,1
5290540,10581,20389,16562,-600,500,65417
0,5291040,10582,0,19822,16316,64936
1,0,-16876,80,10583,0,19247
65417,1,0,0,-16376,80,10584
32832936,65417,1,0,0,0,49660
1022248605,32832936,-119,0,1,0,0
10586,1007109198,-600,500,-119,0,1
5293540,10587,16899,15142,-600,500,65417
0,5294040,10588,0,16322,14924,64936
1,0,-13876,80,10589,0,15768
65417,1,0,0,-13376,80,10590
32832936,65417,1,0,0,0,52660
938490287,32832936,-119,0,1,0,0
10592,926758933,-600,500,-119,0,1
5296540,10593,14017,13975,-600,500,65417
0,5297040,10594,0,13752,13825,64936
1,0,-10876,80,10595,0,13563
65417,1,0,0,-10376,80,10596
32832936,65417,1,0,0,0,55660
884552791,32832936,-119,0,1,0,0
10598,880817251,-600,500,-119,0,1
5299540,10599,13477,13414,-600,500,65417
0,5300040,10600,0,13590,13427,64936
1,0,-7876,80,10601,0,13744
65417,1,0,0,-7376,80,10602
32832936,65417,1,0,0,0,58660
900478792,32832936,-119,0,1,0,0
10604,914307134,-600,500,-119,0,1
5302540,10605,14667,14221,-600,500,65417
0,5303040,10606,0,14956,14548,64936
1,0,-4876,80,10607,0,15261
65417,1,0,0,-4376,80,10608
32832936,65417,1,0,0,0,61660
1037844013,32832936,-119,0,1,0,0
10610,1070350214,-600,500,-119,0,1
5305540,10611,16619,16847,-600,500,65417
0,5306040,10612,0,16984,17372,64936
1,0,-1876,80,10613,0,17357
65417,1,0,0,-1376,80,10614
32832936,65417,1,0,0,0,64660
1241532109,32832936,-119,0,1,0,0
10616,1275086934,-600,500,-119,0,1
5308540,10617,18916,19961,-600,500,65417
0,5309040,10618,0,19319,20459,64936
1,0,1124,81,10619,0,19725
65417,1,0,0,1624,81,10620
32832936,65417,1,0,0,0,2124
1435783237,32832936,-119,0,1,0,0
10622,1466585574,-600,500,-119,0,1
5311540,10623,21385,22844,-600,500,65417
0,5312040,10624,0,-21591,23305,64936
1,0,4124,81,10625,0,44279
65417,1,0,0,4624,81,10626
32832936,65417,1,0,0,0,5124
1616555927,32832936,-119,0,1,0,0
10628,1645850856,-600,500,-119,0,1
5314540,10629,-19911,25557,-600,500,65417
0,5315040,10630,0,-19574,26000,64936
1,0,7124,81,10631,0,46298
65417,1,0,0,7624,81,10632
32832936,65417,1,0,0,0,8124
1790359416,32832936,-119,0,1,0,0
10634,1818933445,-600,500,-119,0,1
5317540,10635,-17904,28190,-600,500,65417
0,5318040,10636,0,-17576,28624,64936
1,0,10124,81,10637,0,48284
65417,1,0,0,10624,81,10638
32832936,65417,1,0,0,0,11124
1961082647,32832936,-119,0,1,0,0
10640,1989394509,-600,500,-119,0,1
5320540,10641,-16006,30786,-600,500,65417
0,5321040,10642,0,-15712,31217,64936
1,0,13124,81,10643,0,50106
65417,1,0,0,13624,81,10644
32832936,65417,1,0,0,0,14124
2130560455,32832936,-119,0,1,0,0
10646,2158741172,-600,500,-119,0,1
5323540,10647,-14453,-32166,-600,500,65417
0,5324040,10648,0,-14266,-31735,64936
1,0,16124,81,10649,0,51424
65417,1,0,0,16624,81,10650
32832936,65417,1,0,0,0,17124
2299971986,32832936,-119,0,1,0,0
10652,2328218006,-600,500,-119,0,1
5326540,10653,-13998,-29579,-600,500,65417
0,5327040,10654,0,-14151,-29147,64936
1,0,19124,81,10655,0,51140
65417,1,0,0,19624,81,10656
32832936,65417,1,0,0,0,20124
2470102202,32832936,-119,0,1,0,0
10658,2498609857,-600,500,-119,0,1
5329540,10659,-16243,-26975,-600,500,65417
0,5330040,10660,0,-16837,-26538,64936
1,0,22124,81,10661,0,48095
65417,1,0,0,22624,81,10662
32832936,65417,1,0,0,0,23124
2642196276,32832936,-119,0,1,0,0
10664,2671162607,-600,500,-119,0,1
5332540,10665,-19785,-24334,-600,500,65417
0,5333040,10666,0,-20341,-23888,64936
1,0,25124,81,10667,0,44649
65417,1,0,0,25624,81,10668
32832936,65417,1,0,0,0,26124
2818157118,32832936,-119,0,1,0,0
10670,2848106547,-600,500,-119,0,1
5335540,10671,-22995,-21617,-600,500,65417
0,5336040,10672,0,-23508,-21151,64936
1,0,28124,81,10673,0,41519
65417,1,0,0,28624,81,10674
32832936,65417,1,0,0,0,29124
3002703422,32832936,-119,0,1,0,0
10676,3034946634,-600,500,-119,0,1
5338540,10677,-26025,-18726,-600,500,65417
0,5339040,10678,0,-26522,-18215,64936
1,0,31124,81,10679,0,38519
65417,1,0,0,31624,81,10680
32832936,65417,1,0,0,0,32124
3204223644,32832936,-119,0,1,0,0
10682,3238039727,-600,500,-119,0,1
5341540,10683,-28988,-15642,-600,500,65417
0,5342040,10684,0,-29479,-15210,64936
1,0,-31412,81,10685,0,35567
65417,1,0,0,-30912,81,10686
32832936,65417,1,0,0,0,35124
3350759196,32832936,-119,0,1,0,0
10688,3355870514,-600,500,-119,0,1
5344540,10689,-31927,-14339,-600,500,65417
0,5345040,10690,0,-32416,-14419,64936
1,0,-28412,81,10691,0,32631
65417,1,0,0,-27912,81,10692
32832936,65417,1,0,0,0,38124
3312876453,32832936,-119,0,1,0,0
10694,3295508924,-600,500,-119,0,1
5347540,10695,30675,-15544,-600,500,65417
0,5348040,10696,0,30185,-15859,64936
1,0,-25412,81,10697,0,29695
65417,1,0,0,-24912,81,10698
32832936,65417,1,0,0,0,41124
3186978858,32832936,-119,0,1,0,0
10700,3162467903,-600,500,-119,0,1
5350540,10701,27732,-17665,-600,500,65417
0,5351040,10702,0,27239,-18058,64936
1,0,-22412,81,10703,0,26746
65417,1,0,0,-21912,81,10704
32768000,65413,0,0,0,0,44142
3031655598,32768000,-127,0,0,0,0
10706,3004326631,0,500,-138,0,0
5353558,10707,24889,-20116,0,500,65375
0,5354058,10708,0,24483,-20542,0
0,0,-19394,81,10709,0,24101
65353,0,0,0,-18894,81,10710
20972020,65356,0,0,0,0,47142
2863881096,32768000,-189,0,0,0,0
10712,2835176053,500,0,-183,0,0
5356558,10713,22934,-22712,270,500,65353
0,5357058,10714,0,22763,-23153,128
0,0,-16394,81,10715,0,22623
65336,0,0,0,-15894,81,10716
32768000,65335,0,0,0,0,50142
2690013077,32768000,-220,0,0,0,0
10718,2660587351,0,500,-228,0,0
5359558,10719,22323,-25390,0,500,65294
0,5360058,10720,0,22312,-25843,0
0,0,-13394,81,10721,0,22327
65265,0,0,0,-12894,81,10722
32768000,65250,0,0,0,0,53142
1710905251,32768000,-299,0,0,0,0
10724,1688229887,0,500,-314,0,0
5362558,10725,22645,25413,0,500,65207
0,5363058,10726,0,22788,25065,0
0,0,-10394,81,10727,0,22956
65181,0,0,0,-9894,81,10728
20447732,65185,0,0,0,0,56142
1574198104,32768000,-369,0,0,0,0
10730,1551260734,500,0,-363,0,0
5365558,10731,23856,23321,500,101,65178
0,5366058,10732,0,24119,22970,0
0,0,-7394,81,10733,0,24373
65164,0,0,0,-6894,81,10734
32768000,65158,0,0,0,0,59142
1436049669,32768000,-383,0,0,0,0
10736,1412719086,0,500,-395,0,0
5368558,10737,25302,21202,0,500,65123
0,5369058,10738,0,25534,20845,0
0,0,-4394,81,10739,0,25769
65099,0,0,0,-3894,81,10740
32768000,65082,0,0,0,0,62142
1296262782,32768000,-475,0,0,0,0
10742,1272997736,0,500,-495,0,0
5371558,10743,26708,19071,0,500,65027
0,5372058,10744,0,26945,18718,384
0,0,-1394,81,10745,0,27183
65005,0,0,0,-894,81,10746
32768000,65001,0,0,0,0,65142
1158310925,24052212,-529,0,0,0,0
10748,1135963401,0,500,-532,0,0
5374558,10749,28156,17000,0,500,64998
0,5375058,10750,0,28398,16672,500
0,0,1606,82,10751,0,28654
64993,0,0,0,2106,82,10752
32768000,64988,0,0,0,0,2606
1034252762,32768000,-548,0,0,0,0
10754,1018196688,0,500,-563,0,0
5377558,10755,29639,15339,0,500,64966
0,5378058,10756,0,29885,15220,0
0,0,4606,82,10757,0,30133
64946,0,0,0,5106,82,10758
32768000,64932,0,0,0,0,5606
1030649767,32768000,-621,0,0,0,0
10760,1063942303,0,500,-640,0,0
5380558,10761,31129,16801,0,500,64882
0,5381058,10762,0,31381,17360,0
0,0,7606,82,10763,0,31631
64851,0,0,0,8106,82,10764
32768000,64842,0,0,0,0,8606
1238924679,32768000,-694,0,0,0,0
10766,1270840965,0,500,-710,0,0
5383558,10767,32642,19870,0,500,64815
0,5384058,10768,0,-32640,20344,0
0,0,10606,82,10769,0,33151
64815,0,0,0,11106,82,10770
31785460,64823,0,0,0,0,11606
1425179530,32768000,-721,0,0,0,0
10772,1455654028,0,500,-721,0,0
5386558,10773,-31345,22675,500,147,64823
0,5387058,10774,0,-31073,23139,0
0,0,13606,82,10775,0,34725
64783,0,0,0,14106,82,10776
32768000,64778,0,0,0,0,14606
1607436721,32768000,-763,0,0,0,0
10778,1637780154,0,500,-780,0,0
5389558,10779,-29760,25452,0,500,64734
0,5390058,10780,0,-29495,25916,0
0,0,16606,82,10781,0,36307
64727,0,0,0,17106,82,10782
32768000,64701,0,0,0,0,17606
1789497329,32768000,-848,0,0,0,0
10784,1820037374,0,500,-844,0,0
5392558,10785,-28148,28236,500,333,64701
0,5393058,10786,0,-27870,28701,500
0,0,19606,82,10787,0,37960
64749,0,0,0,20106,82,10788
500,64763,0,0,0,0,20606
1972606646,500,-748,0,0,0,0
10790,2003277820,500,0,-726,0,0
5395558,10791,-26294,31035,500,0,64827
0,5396058,10792,0,-25954,31502,500
0,0,22606,82,10793,0,39927
64870,0,0,0,23106,82,10794
500,64887,0,0,0,0,23606
2157027000,32768000,-652,0,0,0,0
10796,2187960333,500,0,-639,0,0
5398558,10797,-24228,-31680,0,500,64896
0,5399058,10798,0,-23906,-31205,0
0,0,25606,82,10799,0,41927
64890,0,0,0,26106,82,10800
32768112,64894,0,0,0,0,26606
2343282185,32768000,-650,0,0,0,0
10802,2374543148,0,500,-669,0,0
5401558,10803,-22448,-28828,0,500,64852
0,5402058,10804,0,-22158,-28352,500
0,0,28606,82,10805,0,43678
64875,0,0,0,29106,82,10806
32768000,64860,0,0,0,0,29606
2530848003,500,-656,0,0,0,0
10808,2562305585,500,5,-647,0,0
5404558,10809,-20629,-25959,500,0,64906
0,5405058,10810,0,-20306,-25479,500
0,0,31606,82,10811,0,45561
64944,0,0,0,32106,82,10812
500,64962,0,0,0,0,32606
2719986854,500,-545,0,0,0,0
10814,2751641092,0,500,-547,0,0
5407558,10815,-18604,-23066,500,0,65004
0,5408058,10816,0,-18271,-22581,0
0,0,-30930,82,10817,0,47586
65020,0,0,0,-30430,82,10818
32768000,65022,0,0,0,0,35606
2910764128,500,-506,0,0,0,0
10820,2942746031,500,0,-489,0,0
5410558,10821,-16615,-20145,0,500,65031
0,5411058,10822,0,-16244,-19656,0
0,0,-27930,82,10823,0,49376
65044,0,0,0,-27430,82,10824
32768000,65020,0,0,0,0,38606
3103309508,32768000,-517,0,0,0,0
10826,3135618420,0,500,-517,0,0
5413558,10827,-17383,-17193,0,500,65018
0,5414058,10828,0,-17739,-16680,278
0,0,-24930,82,10829,0,47439
65008,0,0,0,-24430,82,10830
500,65019,0,0,0,0,41606
3173103221,500,-498,0,0,0,0
10832,3138499835,0,500,-507,0,0
5416558,10833,-19572,-18181,500,0,65043
0,5417058,10834,0,-19943,-18717,500
0,0,-21930,82,10835,0,45213
65068,0,0,0,-21430,82,10836
500,65105,0,0,0,0,44606
2962206129,32768000,-430,0,0,0,0
10838,2926816316,500,0,-423,0,0
5419558,10839,-21824,-21420,500,0,65140
0,5420058,10840,0,-22210,-21963,500
0,0,-18930,82,10841,0,43000
65148,0,0,0,-18430,82,10842
500,65155,0,0,0,0,47606
2765006259,500,-375,0,0,0,0
10844,2735187079,500,0,-361,0,0
5422558,10845,-23722,-24256,0,500,65169
0,5423058,10846,0,-24015,-24713,136
0,0,-15930,82,10847,0,41228
65169,0,0,0,-15430,82,10848
32768000,65163,0,0,0,0,50606
2585632446,32768262,-371,0,0,0,0
10850,2555682200,0,500,-378,0,0
5425558,10851,-25487,-26998,341,500,65161
0,5426058,10852,0,-25784,-27456,0
0,0,-12930,82,10853,0,39457
65151,0,0,0,-12430,82,10854
500,65169,0,0,0,0,53606
2405603274,32768000,-376,0,0,0,0
10856,2375456415,500,309,-371,0,0
5428558,10857,-27280,-29749,500,0,65174
0,5429058,10858,0,-27588,-30209,500
0,0,-9930,82,10859,0,37636
65185,0,0,0,-9430,82,10860
7537140,65190,0,0,0,0,56606
2224525474,500,-325,0,0,0,0
10862,2068025195,500,223,-320,0,0
5431558,10863,-29136,31006,500,0,65223
0,5432058,10864,0,-29453,30457,500
0,0,-6930,82,10865,0,35763
65240,0,0,0,-6430,82,10866
500,65251,0,0,0,0,59606
1887996224,500,-273,0,0,0,0
10868,1851951106,0,500,-281,0,0
5434558,10869,-31032,27708,500,0,65290
0,5435058,10870,0,-31349,27158,0
0,0,-3930,82,10871,0,31185
65297,0,0,0,-3430,82,10872
32768000,65289,0,0,0,0,62606
1671788207,500,-240,0,0,0,0
10874,1635743004,0,500,-243,0,0
5437558,10875,29578,24410,0,500,65292
0,5438058,10876,0,29177,23862,500
0,0,-930,82,10877,0,28773
65301,0,0,0,-430,82,10878
32768000,65297,0,0,0,0,70
1456172352,32768000,-243,0,0,0,0
10880,1420389295,500,0,-238,0,0
5440558,10881,27160,21128,0,500,65296
0,5441058,10882,0,26757,20585,500
0,0,2070,83,10883,0,26351
65298,0,0,0,2570,83,10884
500,65312,0,0,0,0,3070
1243243462,29688308,-221,0,0,0,0
10886,1208443440,0,500,-227,0,0
5443558,10887,24731,17916,500,0,65315
0,5444058,10888,0,24322,17402,0
0,0,5070,83,10889,0,23917
65329,0,0,0,5570,83,10890
500,65337,0,0,0,0,6070
1050958397,32768278,-198,0,0,0,0
10892,1033525415,102,500,-198,0,0
5446558,10893,22291,15834,500,0,65346
0,5447058,10894,0,21883,16349,500
0,0,8070,83,10895,0,21476
65368,0,0,0,8570,83,10896
32768000,65360,0,0,0,0,9070
1188319418,5702132,-172,0,0,0,0
10898,1224167204,500,0,-159,0,0
5449558,10899,19857,19218,500,0,65382
0,5450058,10900,0,19456,19751,500
0,0,11070,83,10901,0,19056
65392,0,0,0,11570,83,10902
500,65402,0,0,0,0,12070
1398622039,18481652,-131,0,0,0,0
10904,1433224657,500,0,-116,0,0
5452558,10905,17491,22397,0,500,65413
0,5453058,10906,0,17116,22925,0
0,0,14070,83,10907,0,16754
65435,0,0,0,14570,83,10908
32768000,65425,0,0,0,0,15070
1606041311,500,-107,0,0,0,0
10910,1640578510,0,500,-112,0,0
5455558,10911,15621,25559,500,0,65435
0,5456058,10912,0,15540,26086,380
0,0,17070,83,10913,0,15647
65433,0,0,0,17570,83,10914
32768357,65434,0,0,0,0,18070
1813200940,1835508,-99,0,0,0,0
10916,1847738895,0,500,-109,0,0
5458558,10917,17378,28721,500,0,65438
0,5459058,10918,0,17826,29248,500
0,0,20070,83,10919,0,18260
65436,0,0,0,20570,83,10920
32768000,65428,0,0,0,0,21070
2020559521,500,-84,0,0,0,0
10922,2055162944,500,270,-82,0,0
5461558,10923,19934,31886,277,500,65453
0,5462058,10924,0,20344,32415,0
0,0,23070,83,10925,0,20754
65453,0,0,0,23570,83,10926
500,65459,0,0,0,0,24070
2228311107,32768265,-77,0,0,0,0
10928,2263045594,0,500,-81,0,0
5464558,10929,22386,-30475,500,0,65476
0,5465058,10930,0,22793,-29945,500
0,0,26070,83,10931,0,23199
65475,0,0,0,26570,83,10932
500,65492,0,0,0,0,27070
2436914640,500,-37,0,0,0,0
10934,2471714664,500,0,-30,0,0
5467558,10935,24834,-27290,0,500,65484
0,5468058,10936,0,25243,-26756,500
0,0,29070,83,10937,0,25653
65513,0,0,0,29570,83,10938
32768000,65501,0,0,0,0,30070
2646566761,500,-28,0,0,0,0
10940,2681694469,500,0,-23,0,0
5470558,10941,27296,-24080,500,438,65514
0,5471058,10942,0,27707,-23542,500
0,0,32070,83,10943,0,28122
65516,0,0,0,32570,83,10944
32768000,65508,0,0,0,0,33070
2858840341,500,-10,0,0,0,0
10946,2894754484,0,500,-13,0,0
5473558,10947,29779,-20815,9,500,65520
0,5474058,10948,0,30193,-20259,500
0,0,-30466,83,10949,0,30607
65527,0,0,0,-29966,83,10950
500,2,0,0,0,0,36070
3080354513,32768000,-2,0,0,0,0
10952,3120200817,500,0,2,0,0
5476558,10953,32275,-17288,500,209,3
0,5477058,10954,0,32693,-16623,0
0,0,-27466,83,10955,0,33112
16,0,0,0,-26966,83,10956
32768000,12,0,0,0,0,39070
3300099230,500,24,0,0,0,0
10958,3301738051,0,500,14,0,0
5479558,10959,-30745,-15304,500,139,16
0,5480058,10960,0,-30324,-15561,500
0,0,-24466,83,10961,0,35635
18,0,0,0,-23966,83,10962
500,28,0,0,0,0,42070
3203567234,32768000,19,0,0,0,0
10964,3176108074,500,0,36,0,0
5482558,10965,-28204,-17508,0,500,14
0,5483058,10966,0,-27779,-17953,500
0,0,-21466,83,10967,0,38183
25,0,0,0,-20966,83,10968
500,41,0,0,0,0,45070
3028129918,500,50,0,0,0,0
10970,2997459499,0,500,38,0,0
5485558,10971,-25638,-20271,500,0,50
0,5486058,10972,0,-25206,-20746,0
0,0,-18466,83,10973,0,40762
54,0,0,0,-17966,83,10974
500,57,0,0,0,0,48070
2841354912,32768000,52,0,0,0,0
10976,2809766997,500,0,61,0,0
5488558,10977,-23029,-23145,500,0,69
0,5489058,10978,0,-22586,-23628,500
0,0,-15466,83,10979,0,43395
78,0,0,0,-14966,83,10980
32768000,70,0,0,0,0,51070
2651368706,32768071,67,0,0,0,0
10982,2619649737,500,0,78,0,0
5491558,10983,-20331,-26049,0,500,64
0,5492058,10984,0,-19868,-26532,500
0,0,-12466,83,10985,0,46141
83,0,0,0,-11966,83,10986
500,86,0,0,0,0,54070
1757067281,500,88,0,0,0,0
10988,1721678352,500,0,95,0,0
5494558,10989,-17375,25731,0,500,90
0,5495058,10990,0,-16831,25192,500
0,0,-9466,83,10991,0,49250
106,0,0,0,-8966,83,10992
32768000,94,0,0,0,0,57070
1545716749,500,119,0,0,0,0
10994,1510786358,0,500,108,0,0
5497558,10995,-14896,22522,0,500,99
0,5498058,10996,0,-14870,21993,500
0,0,-6466,83,10997,0,50593
112,0,0,0,-5966,83,10998
32768000,106,0,0,0,0,60070
1338688577,32768000,93,0,0,0,0
11000,1304937294,500,261,94,0,0
5500558,11001,-15812,19401,500,0,105
0,5501058,11002,0,-16109,18897,500
0,0,-3466,83,11003,0,49113
116,0,0,0,-2966,83,11004
500,122,0,0,0,0,63070
1142603068,32768000,109,0,0,0,0
11006,1112194016,0,500,104,0,0
5503558,11007,-17795,16524,500,0,115
0,5504058,11008,0,-18157,16100,0
0,0,-466,83,11009,0,47013
114,0,0,0,34,84,11010
32768000,109,0,0,0,0,534
987280573,500,117,0,0,0,0
11012,973386563,0,500,106,0,0
5506558,11013,-20024,14756,500,0,120
0,5507058,11014,0,-20406,14817,0
0,0,2534,84,11015,0,44746
118,0,0,0,3034,84,11016
500,125,0,0,0,0,3534
1057139652,32768000,107,0,0,0,0
11018,1100655168,500,0,123,0,0
5509558,11019,-22342,17464,0,500,110
0,5510058,11020,0,-22733,18118,500
0,0,5534,84,11021,0,42412
120,0,0,0,6034,84,11022
500,124,0,0,0,0,6534
1308533403,500,128,0,0,0,0
11024,1347199249,500,0,130,0,0
5512558,11025,-24696,21136,0,500,124
0,5513058,11026,0,-25091,21711,176
0,0,8534,84,11027,0,40050
124,0,0,0,9034,84,11028
500,141,0,0,0,0,9534
1534040413,32768000,127,0,0,0,0
11030,1570727168,0,500,123,0,0
5515558,11031,25413,24524,500,0,143
0,5516058,11032,0,24972,25078,0
0,0,11534,84,11033,0,24530
145,0,0,0,12034,84,11034
32768000,124,0,0,0,0,12534
1752194145,500,141,0,0,0,0
11036,1788238505,500,0,144,0,0
5518558,11037,22770,27836,500,387,143
0,5519058,11038,0,22333,28386,26
0,0,14534,84,11039,0,21898
135,0,0,0,15034,84,11040
500,144,0,0,0,0,15534
1968132648,500,150,0,0,0,0
11042,2004045947,500,248,150,0,0
5521558,11043,20176,31126,500,167,150
0,5522058,11044,0,19752,31675,0
0,0,17534,84,11045,0,19330
160,0,0,0,18034,84,11046
32768000,146,0,0,0,0,18534
2183546950,32768000,136,0,0,0,0
11048,2219460272,500,0,151,0,0
5524558,11049,17697,-31122,500,0,152
0,5525058,11050,0,17306,-30575,500
0,0,20534,84,11051,0,16922
170,0,0,0,21034,84,11052
32768000,163,0,0,0,0,21534
2399289153,32768000,154,0,0,0,0
11054,2435399148,500,0,171,0,0
5527558,11055,15532,-27824,0,500,153
0,5528058,11056,0,15238,-27272,500
0,0,23534,84,11057,0,14979
158,0,0,0,24034,84,11058
500,163,0,0,0,0,24534
2616736005,500,171,0,0,0,0
11060,2653239465,0,500,160,0,0
5530558,11061,14501,-24491,500,0,166
0,5531058,11062,0,14606,-23928,500
0,0,26534,84,11063,0,14833
163,0,0,0,27034,84,11064
500,171,0,0,0,0,27534
2838904093,500,172,0,0,0,0
11066,2876981041,93,500,169,0,0
5533558,11067,16746,-21049,500,0,176
0,5534058,11068,0,17322,-20453,0
0,0,29534,84,11069,0,17893
175,0,0,0,30034,84,11070
500,186,0,0,0,0,30534
3077065272,32768000,175,0,0,0,0
11072,3120122958,500,0,185,0,0
5536558,11073,20060,-17252,0,500,179
0,5537058,11074,0,20577,-16571,0
0,0,32534,84,11075,0,21085
180,0,0,0,-32502,84,11076
32768000,173,0,0,0,0,33534
3320796743,500,175,0,0,0,0
11078,3340654646,500,0,183,0,0
5539558,11079,23072,-14418,0,500,178
0,5540058,11080,0,23562,-14412,500
0,0,-30002,84,11081,0,24050
182,0,0,0,-29502,84,11082
32768306,180,0,0,0,0,36534
3315425721,32768336,177,0,0,0,0
11084,3296158618,500,0,188,0,0
5542558,11085,25978,-15570,0,500,182
0,5543058,11086,0,26456,-15926,500
0,0,-27002,84,11087,0,26936
191,0,0,0,-26502,84,11088
32768000,174,0,0,0,0,39534
3173805301,500,182,0,0,0,0
11090,3146280657,500,0,190,0,0
5545558,11091,28847,-17956,500,0,197
0,5546058,11092,0,29326,-18392,0
0,0,-24002,84,11093,0,29802
178,0,0,0,-23502,84,11094
500,188,0,0,0,0,42534
3001907235,32768264,185,0,0,0,0
11096,2972154369,500,0,190,0,0
5548558,11097,31708,-20641,276,500,187
0,5549058,11098,0,32185,-21100,500
0,0,-21002,84,11099,0,32663
195,0,0,0,-20502,84,11100
32768000,169,0,0,0,0,45534
2821423953,500,171,0,0,0,0
11102,2791015729,500,0,179,0,0
5551558,11103,-30960,-23414,500,0,185
0,5552058,11104,0,-30481,-23878,500
0,0,-18002,84,11105,0,35535
188,0,0,0,-17502,84,11106
32768084,184,0,0,0,0,48534
1569164947,500,190,0,0,0,0
11108,1536397429,500,122,190,0,0
5554558,11109,-28071,22943,500,0,197
0,5555058,11110,0,-27586,22446,0
0,0,-15002,84,11111,0,38437
187,0,0,0,-14502,84,11112
31261172,185,0,0,0,0,51534
1374132723,32768000,168,0,0,0,0
11114,1342151647,500,0,200,0,0
5557558,11115,-25140,19996,0,500,175
0,5558058,11116,0,-24646,19517,0
0,0,-12002,84,11117,0,41388
183,0,0,0,-11502,84,11118
500,184,0,0,0,0,54534
1187161496,500,185,0,0,0,0
11120,1157408659,354,500,183,0,0
5560558,11121,-22124,17217,161,500,179
0,5561058,11122,0,-21605,16786,0
0,0,-9002,84,11123,0,44455
167,0,0,0,-8502,84,11124
500,180,0,0,0,0,57534
1021620697,32768000,167,0,0,0,0
11126,998552577,500,0,177,0,0
5563558,11127,-18891,14916,0,500,165
0,5564058,11128,0,-18313,14637,500
0,0,-6002,84,11129,0,47814
183,0,0,0,-5502,84,11130
32768000,168,0,0,0,0,60534
929546097,22020596,167,0,0,0,0
11132,931971508,500,0,172,0,0
5566558,11133,-15414,14387,500,0,178
0,5567058,11134,0,-14955,14699,215
0,0,-3002,84,11135,0,50941
165,0,0,0,-2502,84,11136
500,171,0,0,0,0,63534
1071827078,32768110,168,0,0,0,0
11138,1115867315,500,0,184,0,0
5569558,11139,-14193,17703,0,500,162
0,5570058,11140,0,-14297,18371,500
0,0,-2,84,11141,0,51080
157,0,0,0,498,85,11142
500,163,0,0,0,0,998
1329382865,500,173,0,0,0,0
11144,1369490630,0,500,163,0,0
5572558,11145,-15450,21497,500,0,167
0,5573058,11146,0,-15757,22089,0
0,0,2998,85,11147,0,49455
161,0,0,0,3498,85,11148
32768000,156,0,0,0,0,3998
1561771653,7733748,156,0,0,0,0
11150,1599257889,500,0,158,0,0
5575558,11151,-17483,24970,500,0,164
0,5576058,11152,0,-17853,25536,0
0,0,5998,85,11153,0,47308
155,0,0,0,6498,85,11154
500,158,0,0,0,0,6998
1783870926,32768000,146,0,0,0,0
11156,1820439627,500,0,153,0,0
5578558,11157,-19771,28333,0,500,148
0,5579058,11158,0,-20165,28889,500
0,0,8998,85,11159,0,44975
147,0,0,0,9498,85,11160
11469300,148,0,0,0,0,9998
2002234517,1049076,149,0,0,0,0
11162,2038475525,120,500,145,0,0
5581558,11163,-22156,31657,0,500,138
0,5582058,11164,0,-22556,32209,500
0,0,11998,85,11165,0,42579
143,0,0,0,12498,85,11166
32768000,139,0,0,0,0,12998
2219465593,500,141,0,0,0,0
11168,2255641035,500,236,141,0,0
5584558,11169,22555,-30565,0,500,135
0,5585058,11170,0,22125,-30010,500
0,0,14998,85,11171,0,21697
133,0,0,0,15498,85,11172
23658996,133,0,0,0,0,15998
2437370221,500,137,0,0,0,0
11174,2473873350,0,500,130,0,0
5587558,11175,20002,-27231,0,500,121
0,5588058,11176,0,19585,-26669,500
0,0,17998,85,11177,0,19170
114,0,0,0,18498,85,11178
32768000,109,0,0,0,0,18998
2658158517,500,121,0,0,0,0
11180,2695579173,500,0,130,0,0
5590558,11181,17563,-23831,0,500,120
0,5591058,11182,0,17178,-23253,500
0,0,20998,85,11183,0,16799
118,0,0,0,21498,85,11184
32768053,115,0,0,0,0,21998
2887270091,23462388,114,0,0,0,0
11186,2926984565,0,500,109,0,0
5593558,11187,15406,-20255,0,500,100
0,5594058,11188,0,15099,-19623,500
0,0,23998,85,11189,0,14816
111,0,0,0,24498,85,11190
32768000,103,0,0,0,0,24998
3138598917,500,107,0,0,0,0
11192,3183097682,142,500,104,0,0
5596558,11193,14036,-16297,500,0,111
0,5597058,11194,0,13972,-15662,0
0,0,26998,85,11195,0,13983
96,0,0,0,27498,85,11196
500,104,0,0,0,0,27998
3358865354,500,108,0,0,0,0
11198,3373218042,0,500,91,0,0
5599558,11199,14991,-13964,500,0,111
0,5600058,11200,0,15482,-13964,0
0,0,29998,85,11201,0,16037
89,0,0,0,30498,85,11202
500,97,0,0,0,0,30998
3350741847,500,113,0,0,0,0
11204,3334358459,0,500,97,0,0
5602558,11205,18455,-14943,500,0,103
0,5603058,11206,0,19050,-15256,0
0,0,-32538,85,11207,0,19634
109,0,0,0,-32038,85,11208
32768000,88,0,0,0,0,33998
3225768223,500,94,0,0,0,0
11210,3200668488,0,500,83,0,0
5605558,11211,21866,-17090,500,0,90
0,5606058,11212,0,22405,-17491,0
0,0,-29538,85,11213,0,22938
79,0,0,0,-29038,85,11214
32768329,77,0,0,0,0,36998
3067239864,500,86,0,0,0,0
11216,3039453120,500,241,86,0,0
5608558,11217,25031,-19585,500,0,91
0,5609058,11218,0,25548,-20016,0
0,0,-26538,85,11219,0,26061
79,0,0,0,-26038,85,11220
24838644,79,0,0,0,0,39998
2897897931,32768000,68,0,0,0,0
11222,2869324746,500,0,76,0,0
5611558,11223,28101,-22191,21,500,73
0,5612058,11224,0,28608,-22629,0
0,0,-23538,85,11225,0,29115
70,0,0,0,-23038,85,11226
32768000,65,0,0,0,0,42998
1413903788,32768000,60,0,0,0,0
11228,1383823269,500,0,64,0,0
5614558,11229,31134,20659,402,500,63
0,5615058,11230,0,31637,20206,0
0,0,-20538,85,11231,0,32140
60,0,0,0,-20038,85,11232
32768094,57,0,0,0,0,45998
1236435324,32768000,48,0,0,0,0
11234,1207796594,0,500,38,0,0
5617558,11235,-31382,17998,500,0,48
0,5618058,11236,0,-30876,17573,426
0,0,-17538,85,11237,0,35164
34,0,0,0,-17038,85,11238
500,49,0,0,0,0,48998
1071746384,32768000,36,0,0,0,0
11240,1046646604,0,500,31,0,0
5620558,11241,-28345,15603,500,0,33
0,5621058,11242,0,-27837,15255,500
0,0,-14538,85,11243,0,38211
26,0,0,0,-14038,85,11244
32768117,24,0,0,0,0,51998
941529413,32768000,15,0,0,0,0
11246,926784329,116,500,13,0,0
5623558,11247,-25263,13966,500,0,24
0,5624058,11248,0,-24742,13853,0
0,0,-11538,85,11249,0,41318
16,0,0,0,-11038,85,11250
5767668,18,0,0,0,0,54998
918922638,500,21,0,0,0,0
11252,936617896,0,500,18,0,0
5626558,11253,-22072,14679,0,500,4
0,5627058,11254,0,-21519,15173,0
0,0,-8538,85,11255,0,44578
7,0,0,0,-8038,85,11256
32768000,65530,0,0,0,0,57998
1117631133,31785460,-6,0,0,0,0
11258,1161671917,0,500,-14,0,0
5629558,11259,-18616,18393,500,0,65530
0,5630058,11260,0,-18004,19051,0
0,0,-5538,85,11261,0,48151
65512,0,0,0,-5038,85,11262
500,65523,0,0,0,0,60998
1372766431,32768000,-30,0,0,0,0
11264,1412612892,0,500,-33,0,0
5632558,11265,-15069,22154,500,0,65506
0,5633058,11266,0,-14625,22745,0
0,0,-2538,85,11267,0,51265
65496,0,0,0,-2038,85,11268
500,65499,0,0,0,0,63998
1604569574,32768463,-37,0,0,0,0
11270,1641990707,380,500,-37,0,0
5635558,11271,-13772,25620,0,500,65495
0,5636058,11272,0,-13836,26183,500
0,0,462,86,11273,0,51582
65496,0,0,0,962,86,11274
32768000,65476,0,0,0,0,1462
1825818642,500,-56,0,0,0,0
11276,1862256427,0,500,-62,0,0
5638558,11277,-14806,28968,500,0,65483
0,5639058,11278,0,-15085,29521,0
0,0,3462,86,11279,0,50155
65453,0,0,0,3962,86,11280
500,65463,0,0,0,0,4462
2043003246,32768000,-79,0,0,0,0
11282,2078982175,500,0,-71,0,0
5641558,11283,-16697,32272,0,500,65451
0,5642058,11284,0,-17050,-32715,394
0,0,6462,86,11285,0,48127
65454,0,0,0,6962,86,11286
27329012,65455,0,0,0,0,7462
2259007777,14156276,-78,0,0,0,0
11288,2295052203,143,500,-79,0,0
5644558,11289,-18895,-29965,0,500,65443
0,5645058,11290,0,-19275,-29415,500
0,0,9462,86,11291,0,45878
65442,0,0,0,9962,86,11292
500,65447,0,0,0,0,10462
2476126259,32768000,-104,0,0,0,0
11294,2512629425,500,0,-87,0,0
5647558,11295,-21204,-26638,0,500,65423
0,5648058,11296,0,-21593,-26076,500
0,0,12462,86,11297,0,21939
65432,0,0,0,12962,86,11298
32768000,65425,0,0,0,0,13462
2697613955,500,-105,0,0,0,0
11300,2735362284,0,500,-123,0,0
5650558,11301,20311,-23218,500,0,65423
0,5651058,11302,0,19908,-22631,0
0,0,15462,86,11303,0,19507
65416,0,0,0,15962,86,11304
500,65423,0,0,0,0,16462
2930395418,32768000,-124,0,0,0,0
11306,2971223956,0,500,-137,0,0
5653558,11307,17938,-19564,500,453,65400
0,5654058,11308,0,17556,-18915,500
0,0,18462,86,11309,0,17182
65395,0,0,0,18962,86,11310
32768000,65385,0,0,0,0,19462
3186311238,32768000,-155,0,0,0,0
11312,3229302503,395,500,-154,0,0
5656558,11313,15765,-15637,0,500,65378
0,5657058,11314,0,15439,-15071,473
0,0,21462,86,11315,0,15127
65370,0,0,0,21962,86,11316
32768000,65363,0,0,0,0,22462
3382720737,32768000,-181,0,0,0,0
11318,3394189289,500,0,-172,0,0
5659558,11319,14095,-13665,0,500,65341
0,5660058,11320,0,13912,-13667,0
0,0,24462,86,11321,0,13771
65344,0,0,0,24962,86,11322
32768000,65327,0,0,0,0,25462
3374069071,32768000,-211,0,0,0,0
11324,3359651189,0,500,-215,0,0
5662558,11325,13801,-14525,500,0,65332
0,5663058,11326,0,14006,-14805,0
0,0,27462,86,11327,0,14303
65307,0,0,0,27962,86,11328
32768000,65305,0,0,0,0,28462
3261872953,500,-224,0,0,0,0
11330,3238935890,0,500,-242,0,0
5665558,11331,16280,-16475,0,500,65288
0,5666058,11332,0,16890,-16845,500
0,0,30462,86,11333,0,17512
65301,0,0,0,30962,86,11334
500,65308,0,0,0,0,31462
3115534654,500,-216,0,0,0,0
11336,3089648542,0,500,-240,0,0
5668558,11337,19956,-18791,500,280,65300
0,5669058,11338,0,20542,-19193,0
0,0,-32074,86,11339,0,21118
65300,0,0,0,-31574,86,11340
32768000,65294,0,0,0,0,34462
2957334247,32768260,-241,0,0,0,0
11342,2930596112,282,500,-239,0,0
5671558,11343,23346,-21228,0,500,65281
0,5672058,11344,0,23888,21391,0
0,0,-29074,86,11345,0,24426
65281,0,0,0,-28574,86,11346
32768000,65274,0,0,0,0,37462
1318413200,32768000,-265,0,0,0,0
11348,1290823071,0,500,-271,0,0
5674558,11349,26539,19278,0,500,65258
0,5675058,11350,0,27060,18863,0
0,0,-26074,86,11351,0,27581
65246,0,0,0,-25574,86,11352
32768000,65245,0,0,0,0,40462
1156345800,32768000,-299,0,0,0,0
11354,1130459594,0,500,-301,0,0
5677558,11355,29646,16861,0,500,65218
0,5678058,11356,0,30160,16482,0
0,0,-23074,86,11357,0,30673
65199,0,0,0,-22574,86,11358
500,65211,0,0,0,0,43462
1010006993,32768000,-325,0,0,0,0
11360,988511697,0,500,-346,0,0
5680558,11361,32720,14775,0,500,65175
0,5681058,11362,0,-32304,14489,0
0,0,-20074,86,11363,0,33745
65170,0,0,0,-19574,86,11364
32768000,65154,0,0,0,0,46462
905349072,500,-371,0,0,0,0
11366,896043474,0,500,-385,0,0
5683558,11367,-29739,13585,0,500,65150
0,5684058,11368,0,-29225,13564,0
0,0,-17074,86,11369,0,36826
65141,0,0,0,-16574,86,11370
32768000,65141,0,0,0,0,49462
917804006,32768000,-407,0,0,0,0
11372,940217837,500,0,-396,0,0
5686558,11373,-26633,14785,500,235,65145
0,5687058,11374,0,-26107,15309,500
0,0,-14074,86,11375,0,39956
65146,0,0,0,-13574,86,11376
500,65168,0,0,0,0,52462
1126408252,32768000,-386,0,0,0,0
11378,1169793623,0,500,-388,0,0
5689558,11379,-23435,18507,0,500,65144
0,5690058,11380,0,-22887,19158,0
0,0,-11074,86,11381,0,43204
65134,0,0,0,-10574,86,11382
500,65147,0,0,0,0,55462
1379052848,32768000,-404,0,0,0,0
11384,1418702706,0,500,-417,0,0
5692558,11385,-20033,22245,0,500,65114
0,5693058,11386,0,-19434,22834,500
0,0,-8074,86,11387,0,46712
65104,0,0,0,-7574,86,11388
32768117,65107,0,0,0,0,58462
1609808723,32768000,-443,0,0,0,0
11390,1646902722,0,500,-453,0,0
5695558,11391,-16346,25691,0,500,65074
0,5696058,11392,0,-15758,26250,0
0,0,-5074,86,11393,0,50323
65058,0,0,0,-4574,86,11394
32768000,65048,0,0,0,0,61462
1829160977,32768000,-492,0,0,0,0
11396,1865206102,0,500,-501,0,0
5698558,11397,-13755,29009,0,500,65012
0,5699058,11398,0,-13601,29554,500
0,0,-2074,86,11399,0,52013
65005,0,0,0,-1574,86,11400
32768000,65005,0,0,0,0,64462
2044054277,32768000,-530,0,0,0,0
11402,2079574689,0,500,-549,0,0
5701558,11403,-13805,32273,0,500,64985
0,5702058,11404,0,-13984,-32720,0
0,0,926,87,11405,0,51342
64984,0,0,0,1426,87,11406
500,64998,0,0,0,0,1926
2257372836,32768000,-562,0,0,0,0
11408,2293089681,500,0,-527,0,0
5704558,11409,-15250,-30002,0,500,64994
0,5705058,11410,0,-15554,-29458,500
0,0,3926,87,11411,0,49667
65004,0,0,0,4426,87,11412
32768000,65004,0,0,0,0,4926
2472197999,32768000,-553,0,0,0,0
11414,2508242459,500,0,-544,0,0
5707558,11415,-17216,-26711,0,500,64974
0,5708058,11416,0,-17568,-26154,0
0,0,6926,87,11417,0,47611
64963,0,0,0,7426,87,11418
500,64976,0,0,0,0,7926
2691544872,32768000,-576,0,0,0,0
11420,2729031098,0,500,-593,0,0
5710558,11421,-19383,-23318,0,500,64933
0,5711058,11422,0,-19751,-22736,0
0,0,9926,87,11423,0,45415
64926,0,0,0,10426,87,11424
32768000,64911,0,0,0,0,10926
2922688128,32768000,-640,0,0,0,0
11426,2963165188,0,500,-658,0,0
5713558,11427,20100,-19693,500,0,64887
0,5714058,11428,0,19717,-19052,0
0,0,12926,87,11429,0,19335
64855,0,0,0,13426,87,11430
32768000,64842,0,0,0,0,13926
3175237780,32768293,-688,0,0,0,0
11432,3217770270,0,500,-716,0,0
5716558,11433,17836,-15814,417,500,64826
0,5717058,11434,0,17471,-15235,0
0,0,15926,87,11435,0,17111
64826,0,0,0,16426,87,11436
32768000,64827,0,0,0,0,16926
3381280794,32768000,-711,0,0,0,0
11438,3397664456,500,251,-703,0,0
5719558,11439,15742,-13533,0,500,64830
0,5720058,11440,0,15423,-13456,0
0,0,18926,87,11441,0,15117
64846,0,0,0,19426,87,11442
32768000,64818,0,0,0,0,19926
3402250455,500,-705,0,0,0,0
11444,3392026584,0,500,-712,0,0
5722558,11445,14065,-13972,0,500,64821
0,5723058,11446,0,13861,-14198,0
0,0,21926,87,11447,0,13689
64804,0,0,0,22426,87,11448
32768000,64789,0,0,0,0,22926
3310892187,32768000,-750,0,0,0,0
11450,3290641526,0,500,-767,0,0
5725558,11451,13454,-15647,0,500,64762
0,5726058,11452,0,13547,-15980,0
0,0,24926,87,11453,0,13717
64752,0,0,0,25426,87,11454
32768000,64734,0,0,0,0,25926
3178641378,32768000,-806,0,0,0,0
11456,3154786691,0,500,-822,0,0
5728558,11457,15212,-17768,0,500,64703
0,5729058,11458,0,15758,-18142,0
0,0,27926,87,11459,0,16345
64692,0,0,0,28426,87,11460
32768000,64675,0,0,0,0,28926
3031450794,29360628,-852,0,0,0,0
11462,3006351130,0,500,-860,0,0
5731558,11463,18821,-20047,0,500,64653
0,5732058,11464,0,19432,-20432,500
0,0,30926,87,11465,0,20034
64670,0,0,0,31426,87,11466
32768210,64677,0,0,0,0,31926
1282822872,2884084,-848,0,0,0,0
11468,1257002261,0,500,-866,0,0
5734558,11469,22347,18788,500,0,64687
0,5735058,11470,0,22906,18399,0
0,0,-31610,87,11471,0,23457
64699,0,0,0,-31110,87,11472
32768000,64702,0,0,0,0,34926
1130979300,500,-806,0,0,0,0
11474,1106731518,0,500,-817,0,0
5737558,11475,25619,16524,500,0,64752
0,5738058,11476,0,26151,16168,0
0,0,-28610,87,11477,0,26681
64750,0,0,0,-28110,87,11478
500,64763,0,0,0,0,37926
993946706,32768000,-771,0,0,0,0
11480,973827677,500,0,-749,0,0
5740558,11481,28774,14569,500,237,64796
0,5741058,11482,0,29293,14300,0
0,0,-25610,87,11483,0,29811
64819,0,0,0,-25110,87,11484
30736884,64826,0,0,0,0,40926
894990463,32768000,-708,0,0,0,0
11486,885684866,0,500,-729,0,0
5743558,11487,31879,13418,500,0,64827
0,5744058,11488,0,32396,13377,500
0,0,-22610,87,11489,0,32911
64836,0,0,0,-22110,87,11490
32768000,64832,0,0,0,0,43926
896566423,32768000,-700,0,0,0,0
11492,914130589,0,500,-712,0,0
5746558,11493,-30559,14308,350,500,64830
0,5747058,11494,0,-30042,14754,500
0,0,-19610,87,11495,0,36013
64854,0,0,0,-19110,87,11496
32768000,64850,0,0,0,0,46926
1079808190,500,-664,0,0,0,0
11498,1122079434,0,500,-674,0,0
5749558,11499,-27432,17775,500,0,64880
0,5750058,11500,0,-26906,18428,500
0,0,-16610,87,11501,0,39158
64898,0,0,0,-16110,87,11502
500,64911,0,0,0,0,49926
1333173541,500,-612,0,0,0,0
11504,1373544256,500,0,-598,0,0
5752558,11505,-24226,21565,500,0,64955
0,5753058,11506,0,-23676,22163,0
0,0,-13610,87,11507,0,42415
64965,0,0,0,-13110,87,11508
32768000,64965,0,0,0,0,52926
1566943765,500,-561,0,0,0,0
11510,1604299861,500,0,-550,0,0
5755558,11511,-20833,25045,0,500,64988
0,5756058,11512,0,-20240,25606,0
0,0,-10610,87,11513,0,45899
64988,0,0,0,-10110,87,11514
500,65003,0,0,0,0,55926
1787148319,20120052,-527,0,0,0,0
11516,1823128210,0,500,-536,0,0
5758558,11517,-17147,28365,0,500,64997
0,5759058,11518,0,-16527,28911,500
0,0,-7610,87,11519,0,49608
65008,0,0,0,-7110,87,11520
32768098,65012,0,0,0,0,58926
2001454588,500,-513,0,0,0,0
11522,2036910011,0,500,-512,0,0
5761558,11523,-14034,31620,500,0,65046
0,5762058,11524,0,-13744,32159,500
0,0,-4610,87,11525,0,52002
65065,0,0,0,-4110,87,11526
32768000,65067,0,0,0,0,61926
2213792742,500,-446,0,0,0,0
11528,2249247719,500,0,-431,0,0
5764558,11529,-13390,-30675,500,0,65119
0,5765058,11530,0,-13489,-30134,500
0,0,-1610,87,11531,0,51908
65137,0,0,0,-1110,87,11532
32768270,65140,0,0,0,0,64926
2427046221,500,-376,0,0,0,0
11534,2462894187,0,500,-386,0,0
5767558,11535,-14476,-27408,500,0,65166
0,5768058,11536,0,-14742,-26857,0
0,0,1390,88,11537,0,50513
65175,0,0,0,1890,88,11538
32768000,65166,0,0,0,0,2390
2644427515,500,-352,0,0,0,0
11540,2681455039,0,500,-355,0,0
5770558,11541,-16261,-24051,0,500,65180
0,5771058,11542,0,-16591,-23477,500
0,0,4390,88,11543,0,48609
65195,0,0,0,4890,88,11544
21365236,65199,0,0,0,0,5390
2872163120,500,-325,0,0,0,0
11546,2911812050,500,0,-317,0,0
5773558,11547,-18319,-20491,215,500,65221
0,5774058,11548,0,-18675,-19865,500
0,0,7390,88,11549,0,46503
65259,0,0,0,7890,88,11550
500,65266,0,0,0,0,8390
3119952601,500,-258,0,0,0,0
11552,3162852976,500,0,-241,0,0
5776558,11553,19710,-16628,500,0,65303
0,5777058,11554,0,19342,-16002,500
0,0,10390,88,11555,0,18974
65326,0,0,0,10890,88,11556
500,65336,0,0,0,0,11390
3351070532,500,-189,0,0,0,0
11558,3376563676,0,500,-193,0,0
5779558,11559,17527,-13711,500,0,65354
0,5780058,11560,0,17173,-13495,500
0,0,13390,88,11561,0,16826
65357,0,0,0,13890,88,11562
500,65361,0,0,0,0,14390
3423223572,31064564,-173,0,0,0,0
11564,3419225549,0,500,-180,0,0
5782558,11565,15503,-13471,500,0,65367
0,5783058,11566,0,15195,-13621,500
0,0,16390,88,11567,0,14900
65387,0,0,0,16890,88,11568
500,65400,0,0,0,0,17390
3360372755,500,-120,0,0,0,0
11570,3343202078,500,0,-115,0,0
5785558,11571,13888,-14802,-600,500,65421
0,5786040,11572,0,13693,-15097,64936
1,0,19372,88,11573,0,13529
65421,1,0,0,19872,88,11574
32832936,65421,1,0,0,0,20372
3243127811,32832936,-115,0,1,0,0
11576,3221107678,-600,500,-115,0,1
5788540,11577,13296,-16728,-600,500,65421
0,5789040,11578,0,13378,-17075,64936
1,0,22372,88,11579,0,13529
65421,1,0,0,22872,88,11580
32832936,65421,1,0,0,0,23372
3106092780,32832936,-115,0,1,0,0
11582,3082434665,-600,500,-115,0,1
5791540,11583,14892,-18864,-600,500,65421
0,5792040,11584,0,15402,-19227,64936
1,0,25372,88,11585,0,15959
65421,1,0,0,25872,88,11586
32832936,65421,1,0,0,0,26372
1280656130,32832936,-115,0,1,0,0
11588,1256277352,-600,500,-115,0,1
5794540,11589,18381,18798,-600,500,65421
0,5795040,11590,0,18989,18430,64936
1,0,28372,88,11591,0,19587
65421,1,0,0,28872,88,11592
32832936,65421,1,0,0,0,29372
1136808212,32832936,-115,0,1,0,0
11594,1113674573,-600,500,-115,0,1
5797540,11595,21885,16646,-600,500,65421
0,5798040,11596,0,22438,16305,64936
1,0,31372,88,11597,0,22982
65421,1,0,0,31872,88,11598
32832936,65421,1,0,0,0,32372
1005018608,32832936,-115,0,1,0,0
11600,985227260,-600,500,-115,0,1
5800540,11601,25091,14745,-600,500,65421
0,5801040,11602,0,25606,14471,64936
1,0,-31164,88,11603,0,26115
65421,1,0,0,-30664,88,11604
32832936,65421,1,0,0,0,35372
902457845,32832936,-115,0,1,0,0
11606,890465258,-600,500,-115,0,1
5803540,11607,28122,13436,-600,500,65421
0,5804040,11608,0,28615,13323,64936
1,0,-28164,88,11609,0,29107
65421,1,0,0,-27664,88,11610
32832936,65421,1,0,0,0,38372
869692803,32832936,-115,0,1,0,0
11612,876246886,-600,500,-115,0,1
5806540,11613,31048,13541,-600,500,65421
0,5807040,11614,0,31528,13788,64936
1,0,-25164,88,11615,0,32007
65421,1,0,0,-24664,88,11616
32832936,65421,1,0,0,0,41372
981434558,32832936,-115,0,1,0,0
11618,1015644822,-600,500,-115,0,1
5809540,11619,-31636,16062,-600,500,65421
0,5810040,11620,0,-31167,16657,64936
1,0,-22164,88,11621,0,34835
65421,1,0,0,-21664,88,11622
32832936,65421,1,0,0,0,44372
1212582828,32832936,-115,0,1,0,0
11624,1252560243,-600,500,-115,0,1
5812540,11625,-28873,19714,-600,500,65421
0,5813040,11626,0,-28426,20308,64936
1,0,-19164,88,11627,0,37550
65421,1,0,0,-18664,88,11628
32832936,65421,1,0,0,0,47372
1443862025,32832936,-115,0,1,0,0
11630,1480431530,-600,500,-115,0,1
5815540,11631,-26304,23139,-600,500,65421
0,5816040,11632,0,-25912,23683,64936
1,0,-16164,88,11633,0,40003
65421,1,0,0,-15664,88,11634
32832936,65421,1,0,0,0,50372
1656790786,32832936,-115,0,1,0,0
11636,1691131966,-600,500,-115,0,1
5818540,11637,-24225,26324,-600,500,65421
0,5819040,11638,0,-23969,26840,64936
1,0,-13164,88,11639,0,41785
65421,1,0,0,-12664,88,11640
32832936,65421,1,0,0,0,53372
1859429471,32832936,-115,0,1,0,0
11642,1892590748,-600,500,-115,0,1
5821540,11643,-23404,29382,-600,500,65421
0,5822040,11644,0,-23485,29885,64936
1,0,-10164,88,11645,0,41904
65421,1,0,0,-9664,88,11646
32832936,65421,1,0,0,0,56372
2056888810,32832936,-115,0,1,0,0
11648,2089525449,-600,500,-115,0,1
5824540,11649,-24696,32379,-600,500,65421
0,5825040,11650,0,-25044,-32660,64936
1,0,-7164,88,11651,0,40121
65421,1,0,0,-6664,88,11652
32832936,65421,1,0,0,0,59372
2252052892,32832936,-115,0,1,0,0
11654,2284492795,-600,500,-115,0,1
5827540,11655,-27058,-30181,-600,500,65421
0,5828040,11656,0,-27496,-29685,64936
1,0,-4164,88,11657,0,37594
65421,1,0,0,-3664,88,11658
32832936,65421,1,0,0,0,62372
2447413069,32832936,-115,0,1,0,0
11660,2480246145,-600,500,-115,0,1
5830540,11661,-29776,-27190,-600,500,65421
0,5831040,11662,0,-30244,-26687,64936
1,0,-1164,88,11663,0,34821
65421,1,0,0,-664,88,11664
32832936,65421,1,0,0,0,65372
2645984339,32832936,-115,0,1,0,0
11666,2679669366,-600,500,-115,0,1
5833540,11667,-32616,-24130,-600,500,65421
0,5834040,11668,0,32441,-23608,64936
1,0,1836,89,11669,0,31961
65421,1,0,0,2336,89,11670
32832936,65421,1,0,0,0,2836
2852550932,32832936,-115,0,1,0,0
11672,2888202032,-600,500,-115,0,1
5836540,11673,30027,-20914,-600,500,65421
0,5837040,11674,0,29540,-20354,64936
1,0,4836,89,11675,0,29052
65421,1,0,0,5336,89,11676
32832936,65421,1,0,0,0,5836
3073797540,32832936,-115,0,1,0,0
11678,3112070069,-600,500,-115,0,1
5839540,11679,27077,-17467,-600,500,65421
0,5840040,11680,0,26577,-16888,64936
1,0,7836,89,11681,0,26075
65421,1,0,0,8336,89,11682
32832936,65421,1,0,0,0,8836
3294585317,32832936,-115,0,1,0,0
11684,3325583332,-600,500,-115,0,1
5842540,11685,24030,-14370,-600,500,65421
0,5843040,11686,0,23507,-14003,64936
1,0,10836,89,11687,0,22980
65421,1,0,0,11336,89,11688
32832936,65421,1,0,0,0,11836
3425588626,32832936,-115,0,1,0,0
11690,3434107758,-600,500,-115,0,1
5845540,11691,20802,-13058,-600,500,65421
0,5846040,11692,0,20239,-13027,64936
1,0,13836,89,11693,0,19668
65421,1,0,0,14336,89,11694
32832936,65421,1,0,0,0,14836
3432335433,32832936,-115,0,1,0,0
11696,3425388030,-600,500,-115,0,1
5848540,11697,17332,-13401,-600,500,65421
0,5849040,11698,0,16753,-13554,64936
1,0,16836,89,11699,0,16187
65421,1,0,0,17336,89,11700
32832936,65421,1,0,0,0,17836
3370072863,32832936,-115,0,1,0,0
11702,3356113229,-600,500,-115,0,1
5851540,11703,14254,-14549,-600,500,65421
0,5852040,11704,0,13896,-14782,64936
1,0,19836,89,11705,0,13597
65421,1,0,0,20336,89,11706
32832936,65421,1,0,0,0,20836
3277796221,32832936,-115,0,1,0,0
11708,3260953346,-600,500,-115,0,1
5854540,11709,12985,-16040,-600,500,65421
0,5855040,11710,0,12958,-16305,64936
1,0,22836,89,11711,0,12973
65421,1,0,0,23336,89,11712
32832936,65421,1,0,0,0,23836
3173462833,32832936,-115,0,1,0,0
11714,3155637151,-600,500,-115,0,1
5857540,11715,13348,-17658,-600,500,65421
0,5858040,11716,0,13503,-17931,64936
1,0,25836,89,11717,0,13676
65421,1,0,0,26336,89,11718
32832936,65421,1,0,0,0,26836
1181103861,32832936,-115,0,1,0,0
11720,1161115596,-600,500,-115,0,1
5860540,11721,14509,17414,-600,500,65421
0,5861040,11722,0,14744,17114,64936
1,0,28836,89,11723,0,14986
65421,1,0,0,29336,89,11724
32832936,65421,1,0,0,0,29836
1063926914,32832936,-115,0,1,0,0
11726,1045249413,-600,500,-115,0,1
5863540,11727,16012,15669,-600,500,65421
0,5864040,11728,0,16279,15395,64936
1,0,31836,89,11729,0,16548
65421,1,0,0,32336,89,11730
32832936,65421,1,0,0,0,32836
958087876,32832936,-115,0,1,0,0
11732,942293973,-600,500,-115,0,1
5866540,11733,17639,14148,-600,500,65421
0,5867040,11734,0,17912,13929,64936
1,0,-30700,89,11735,0,47557
65421,1,0,0,-30200,89,11736
32832936,65421,1,0,0,0,35836
875740207,32832936,-115,0,1,0,0
11738,865647970,-600,500,-115,0,1
5869540,11739,-16750,13076,-600,500,65421
0,5870040,11740,0,-16450,12968,64936
1,0,-27700,89,11741,0,49383
65421,1,0,0,-27200,89,11742
32832936,65421,1,0,0,0,38836
840024873,32832936,-115,0,1,0,0
11744,841270337,-600,500,-115,0,1
5872540,11745,-15022,12895,-600,500,65421
0,5873040,11746,0,-14756,12999,64936
1,0,-24700,89,11747,0,51035
65421,1,0,0,-24200,89,11748
32832936,65421,1,0,0,0,41836
891537724,32832936,-115,0,1,0,0
11750,911395353,-600,500,-115,0,1
5875540,11751,-13592,14258,-600,500,65421
0,5876040,11752,0,-13401,14657,64936
1,0,-21700,89,11753,0,52306
65421,1,0,0,-21200,89,11754
32832936,65421,1,0,0,0,44836
1053412712,32832936,-115,0,1,0,0
11756,1087688139,-600,500,-115,0,1
5878540,11757,-12783,17132,-600,500,65421
0,5879040,11758,0,-12747,17677,64936
1,0,-18700,89,11759,0,52787
65421,1,0,0,-18200,89,11760
32832936,65421,1,0,0,0,47836
1265880494,32832936,-115,0,1,0,0
11762,1301204258,-600,500,-115,0,1
5881540,11763,-13215,20388,-600,500,65421
0,5882040,11764,0,-13463,20915,64936
1,0,-15700,89,11765,0,51769
65421,1,0,0,-15200,89,11766
32832936,65421,1,0,0,0,50836
1471924023,32832936,-115,0,1,0,0
11768,1504822638,-600,500,-115,0,1
5884540,11769,-15490,23459,-600,500,65421
0,5885040,11770,0,-16018,23950,64936
1,0,-12700,89,11771,0,48965
65421,1,0,0,-12200,89,11772
32832936,65421,1,0,0,0,53836
1664662219,32832936,-115,0,1,0,0
11774,1695791238,-600,500,-115,0,1
5887540,11775,-18879,26349,-600,500,65421
0,5888040,11776,0,-19457,26818,64936
1,0,-9700,89,11777,0,45506
65421,1,0,0,-9200,89,11778
32832936,65421,1,0,0,0,56836
1848880475,32832936,-115,0,1,0,0
11780,1879092018,-600,500,-115,0,1
5890540,11781,-22257,29130,-600,500,65421
0,5891040,11782,0,-22797,29588,64936
1,0,-6700,89,11783,0,42205
65421,1,0,0,-6200,89,11784
32832936,65421,1,0,0,0,59836
2028445889,32832936,-115,0,1,0,0
11786,2058198714,-600,500,-115,0,1
5893540,11787,-25416,31857,-600,500,65421
0,5894040,11788,0,-25927,32309,64936
1,0,-3700,89,11789,0,39102
65421,1,0,0,-3200,89,11790
32832936,65421,1,0,0,0,62836
2206242001,32832936,-115,0,1,0,0
11792,2235798239,-600,500,-115,0,1
5896540,11793,-28434,-30970,-600,500,65421
0,5897040,11794,0,-28929,-30518,64936
1,0,-700,89,11795,0,36114
65421,1,0,0,-200,89,11796
32832936,65421,1,0,0,0,300
2384103740,32832936,-115,0,1,0,0
11798,2413922130,-600,500,-115,0,1
5899540,11799,-31383,-28246,-600,500,65421
0,5900040,11800,0,-31871,-27788,64936
1,0,2300,90,11801,0,33178
65421,1,0,0,2800,90,11802
32832936,65421,1,0,0,0,3300
2564849099,32832936,-115,0,1,0,0
11804,2595453923,-600,500,-115,0,1
5902540,11805,31226,-25463,-600,500,65421
0,5903040,11806,0,30737,-24990,64936
1,0,5300,90,11807,0,30248
65421,1,0,0,5800,90,11808
32832936,65421,1,0,0,0,6300
2751951440,32832936,-115,0,1,0,0
11810,2783998050,-600,500,-115,0,1
5905540,11811,28274,-22561,-600,500,65421
0,5906040,11812,0,27777,-22062,64936
1,0,8300,90,11813,0,27277
65421,1,0,0,8800,90,11814
32832936,65421,1,0,0,0,9300
2949539484,32832936,-115,0,1,0,0
11816,2983617695,-600,500,-115,0,1
5908540,11817,25245,-19486,-600,500,65421
0,5909040,11818,0,24727,-18959,64936
1,0,11300,90,11819,0,24204
65421,1,0,0,11800,90,11820
32832936,65421,1,0,0,0,12300
3156171368,32832936,-115,0,1,0,0
11822,3190118477,-600,500,-115,0,1
5911540,11823,22060,-16352,-600,500,65421
0,5912040,11824,0,21509,-15861,64936
1,0,14300,90,11825,0,20952
65421,1,0,0,14800,90,11826
32832936,65421,1,0,0,0,15300
3343076714,32832936,-115,0,1,0,0
11828,3368307500,-600,500,-115,0,1
5914540,11829,18667,-13791,-600,500,65421
0,5915040,11830,0,18089,-13479,64936
1,0,17300,90,11831,0,17515
65421,1,0,0,17800,90,11832
32832936,65421,1,0,0,0,18300
3458285577,32832936,-115,0,1,0,0
11834,3469032943,-600,500,-115,0,1
5917540,11835,15341,-12472,-600,500,65421
0,5918040,11836,0,14856,-12371,64936
1,0,20300,90,11837,0,14406
65421,1,0,0,20800,90,11838
32832936,65421,1,0,0,0,21300
3493213497,32832936,-115,0,1,0,0
11840,3493147637,-600,500,-115,0,1
5920540,11841,13020,-12256,-600,500,65421
0,5921040,11842,0,12784,-12294,64936
1,0,23300,90,11843,0,12590
65421,1,0,0,23800,90,11844
32832936,65421,1,0,0,0,24300
3475976223,32832936,-115,0,1,0,0
11846,3469946828,-600,500,-115,0,1
5923540,11847,12185,-12690,-600,500,65421
0,5924040,11848,0,12162,-12800,64936
1,0,26300,90,11849,0,12164
65421,1,0,0,26800,90,11850
32832936,65421,1,0,0,0,27300
3431608267,32832936,-115,0,1,0,0
11852,3422760971,-600,500,-115,0,1
5926540,11853,12378,-13449,-600,500,65421
0,5927040,11854,0,12472,-13592,64936
1,0,29300,90,11855,0,12578
65421,1,0,0,29800,90,11856
32832936,65421,1,0,0,0,30300
3375182357,32832936,-115,0,1,0,0
11858,3365286555,-600,500,-115,0,1
5929540,11859,13096,-14337,-600,500,65421
0,5930040,11860,0,13243,-14488,64936
1,0,32300,90,11861,0,13394
65421,1,0,0,-32736,90,11862
32832936,65421,1,0,0,0,33300
970274189,32832936,-115,0,1,0,0
11864,956773934,-600,500,-115,0,1
5932540,11865,14033,14396,-600,500,65421
0,5933040,11866,0,14196,14195,64936
1,0,-30236,90,11867,0,14360
65421,1,0,0,-29736,90,11868
32832936,65421,1,0,0,0,36300
892352860,32832936,-115,0,1,0,0
11870,880396150,-600,500,-115,0,1
5935540,11871,-14257,13255,-600,500,65421
0,5936040,11872,0,-14042,13084,64936
1,0,-27236,90,11873,0,51704
65421,1,0,0,-26736,90,11874
32832936,65421,1,0,0,0,39300
826854285,32832936,-115,0,1,0,0
11876,817810511,-600,500,-115,0,1
5938540,11877,-13047,12351,-600,500,65421
0,5939040,11878,0,-12869,12235,64936
1,0,-24236,90,11879,0,52836
65421,1,0,0,-23736,90,11880
32832936,65421,1,0,0,0,42300
784256917,32832936,-115,0,1,0,0
11882,780390427,-600,500,-115,0,1
5941540,11883,-12140,11865,-600,500,65421
0,5942040,11884,0,-12035,11843,64936
1,0,-21236,90,11885,0,53588
65421,1,0,0,-20736,90,11886
32832936,65421,1,0,0,0,45300
780259785,32832936,-115,0,1,0,0
11888,784781795,-600,500,-115,0,1
5944540,11889,-11805,12071,-600,500,65421
0,5945040,11890,0,-11831,12196,64936
1,0,-18236,90,11891,0,53650
65421,1,0,0,-17736,90,11892
32832936,65421,1,0,0,0,48300
835965122,32832936,-115,0,1,0,0
11894,852414502,-600,500,-115,0,1
5947540,11895,-12445,13289,-600,500,65421
0,5948040,11896,0,-12678,13604,64936
1,0,-15236,90,11897,0,52585
65421,1,0,0,-14736,90,11898
32832936,65421,1,0,0,0,51300
965003984,32832936,-115,0,1,0,0
11900,992856394,-600,500,-115,0,1
5950540,11901,-14432,15595,-600,500,65421
0,5951040,11902,0,-14889,16058,64936
1,0,-12236,90,11903,0,50161
65421,1,0,0,-11736,90,11904
32832936,65421,1,0,0,0,54300
1148305377,32832936,-115,0,1,0,0
11906,1181269440,-600,500,-115,0,1
5953540,11907,-17515,18529,-600,500,65421
0,5954040,11908,0,-18078,19036,64936
1,0,-9236,90,11909,0,46892
65421,1,0,0,-8736,90,11910
32832936,65421,1,0,0,0,57300
1346679486,32832936,-115,0,1,0,0
11912,1379381386,-600,500,-115,0,1
5956540,11913,-20902,21542,-600,500,65421
0,5957040,11914,0,-21458,22033,64936
1,0,-6236,90,11915,0,43527
65421,1,0,0,-5736,90,11916
32832936,65421,1,0,0,0,60300
1538827720,32832936,-115,0,1,0,0
11918,1569825713,-600,500,-115,0,1
5959540,11919,-24161,24424,-600,500,65421
0,5960040,11920,0,-24687,24890,64936
1,0,-3236,90,11921,0,40328
65421,1,0,0,-2736,90,11922
32832936,65421,1,0,0,0,63300
1721473410,32832936,-115,0,1,0,0
11924,1751160709,-600,500,-115,0,1
5962540,11925,-27253,27170,-600,500,65421
0,5963040,11926,0,-27756,27618,64936
1,0,-236,90,11927,0,37280
65421,1,0,0,264,91,11928
32832936,65421,1,0,0,0,764
1897172415,32832936,-115,0,1,0,0
11930,1926007762,-600,500,-115,0,1
5965540,11931,-30235,29826,-600,500,65421
0,5966040,11932,0,-30725,30264,64936
1,0,2764,91,11933,0,34321
65421,1,0,0,3264,91,11934
32832936,65421,1,0,0,0,3764
2069070401,32832936,-115,0,1,0,0
11936,2097447001,-600,500,-115,0,1
5968540,11937,32369,32438,-600,500,65421
0,5969040,11938,0,31881,-32664,64936
1,0,5764,91,11939,0,31392
65421,1,0,0,6264,91,11940
32832936,65421,1,0,0,0,6764
2239657676,32832936,-115,0,1,0,0
11942,2268099808,-600,500,-115,0,1
5971540,11943,29427,-30493,-600,500,65421
0,5972040,11944,0,28932,-30057,64936
1,0,8764,91,11945,0,28435
65421,1,0,0,9264,91,11946
32832936,65421,1,0,0,0,9764
2411424553,32832936,-115,0,1,0,0
11948,2440390960,-600,500,-115,0,1
5974540,11949,26420,-27856,-600,500,65421
0,5975040,11950,0,25908,-27410,64936
1,0,11764,91,11951,0,25393
65421,1,0,0,12264,91,11952
32832936,65421,1,0,0,0,12764
2587254557,32832936,-115,0,1,0,0
11954,2617138444,-600,500,-115,0,1
5977540,11955,23286,-25143,-600,500,65421
0,5978040,11956,0,22748,-24680,64936
1,0,14764,91,11957,0,22206
65421,1,0,0,15264,91,11958
32832936,65421,1,0,0,0,15764
2769769075,32832936,-115,0,1,0,0
11960,2801029193,-600,500,-115,0,1
5980540,11961,19996,-22315,-600,500,65421
0,5981040,11962,0,19438,-21832,64936
1,0,17764,91,11963,0,18880
65421,1,0,0,18264,91,11964
32832936,65421,1,0,0,0,18764
2960409964,32832936,-115,0,1,0,0
11966,2992784203,-600,500,-115,0,1
5983540,11967,16690,-19376,-600,500,65421
0,5984040,11968,0,16166,-18883,64936
1,0,20764,91,11969,0,15657
65421,1,0,0,21264,91,11970
32832936,65421,1,0,0,0,21764
3153344872,32832936,-115,0,1,0,0
11972,3184605096,-600,500,-115,0,1
5986540,11973,13826,-16475,-600,500,65421
0,5987040,11974,0,13429,-16017,64936
1,0,23764,91,11975,0,13060
65421,1,0,0,24264,91,11976
32832936,65421,1,0,0,0,24764
3330027638,32832936,-115,0,1,0,0
11978,3356176216,-600,500,-115,0,1
5989540,11979,11861,-13946,-600,500,65421
0,5990040,11980,0,11628,-13586,64936
1,0,26764,91,11981,0,11419
65421,1,0,0,27264,91,11982
32832936,65421,1,0,0,0,27764
3467193148,32832936,-115,0,1,0,0
11984,3485280940,-600,500,-115,0,1
5992540,11985,10798,-12099,-600,500,65421
0,5993040,11986,0,10688,-11864,64936
1,0,29764,91,11987,0,10594
65421,1,0,0,30264,91,11988
32832936,65421,1,0,0,0,30764
3556321485,32832936,-115,0,1,0,0
11990,3567003796,-600,500,-115,0,1
5995540,11991,10340,-10961,-600,500,65421
0,5996040,11992,0,10302,-10828,64936
1,0,32764,91,11993,0,10270
65421,1,0,0,-32272,91,11994
32832936,65421,1,0,0,0,33764
3606325233,32832936,-115,0,1,0,0
11996,3611895777,-600,500,-115,0,1
5998540,11997,10196,-10348,-600,500,65421
0,5999040,11998,0,10186,-10281,64936
1,0,-29772,91,11999,0,10177
65421,1,0,0,-29272,91,12000
32832936,65421,1,0,0,0,36764
3631490991,32832936,-115,0,1,0,0
12002,3634177958,-600,500,-115,0,1
6001540,12003,10138,-10047,-600,500,65421
0,6002040,12004,0,-10098,-10014,64936
1,0,-26772,91,12005,0,55493
65421,1,0,0,-26272,91,12006
32832936,65421,1,0,0,0,39764
3644184868,32832936,-115,0,1,0,0
12008,3645757771,-600,500,-115,0,1
6004540,12009,-9876,-9883,-600,500,65421
0,6005040,12010,0,-9852,-9859,64936
1,0,-23772,91,12011,0,55700
65421,1,0,0,-23272,91,12012
32832936,65421,1,0,0,0,42764
3654015382,32832936,-115,0,1,0,0
12014,638638471,-600,500,-115,0,1
6007540,12015,-9877,9704,-600,500,65421
0,6008040,12016,0,-9919,9667,64936
1,0,-20772,91,12017,0,55561
65421,1,0,0,-20272,91,12018
32832936,65421,1,0,0,0,45764
628217961,32832936,-115,0,1,0,0
12020,627103743,-600,500,-115,0,1
6010540,12021,-10367,9557,-600,500,65421
0,6011040,12022,0,-10513,9554,64936
1,0,-17772,91,12023,0,54857
65421,1,0,0,-17272,91,12024
32832936,65421,1,0,0,0,48764
628675767,32832936,-115,0,1,0,0
12026,630707147,-600,500,-115,0,1
6013540,12027,-11577,9664,-600,500,65421
0,6014040,12028,0,-11862,9716,64936
1,0,-14772,91,12029,0,53363
65421,1,0,0,-14272,91,12030
32832936,65421,1,0,0,0,51764
651873724,32832936,-115,0,1,0,0
12032,658623547,-600,500,-115,0,1
6016540,12033,-13660,10166,-600,500,65421
0,6017040,12034,0,-14089,10299,64936
1,0,-11772,91,12035,0,50997
65421,1,0,0,-11272,91,12036
32832936,65421,1,0,0,0,54764
707576700,32832936,-115,0,1,0,0
12038,720683401,-600,500,-115,0,1
6019540,12039,-16503,11215,-600,500,65421
0,6020040,12040,0,-17024,11451,64936
1,0,-8772,91,12041,0,47982
65423,0,0,0,-8254,91,12042
32768000,65410,0,0,0,0,57782
804304774,32768000,-145,0,0,0,0
12044,824686009,0,500,-153,0,0
6022558,12045,-19450,12911,0,500,65378
0,6023058,12046,0,-19856,13258,0
0,0,-5754,91,12047,0,45301
65367,0,0,0,-5254,91,12048
32768065,65367,0,0,0,0,60782
943369812,32768000,-185,0,0,0,0
12050,970173742,0,500,-188,0,0
6025558,12051,-21467,15224,466,500,65350
0,6026058,12052,0,-21676,15657,0
0,0,-2754,91,12053,0,43697
65354,0,0,0,-2254,91,12054
32768000,65341,0,0,0,0,63782
1114614315,32768000,-205,0,0,0,0
12056,1145023005,0,500,-213,0,0
6028558,12057,-21972,17939,0,500,65303
0,6029058,12058,0,-21931,18412,0
0,0,246,92,12059,0,43675
65285,0,0,0,746,92,12060
32768000,65252,0,0,0,0,1246
1300343671,32768000,-302,0,0,0,0
12062,1331670031,0,500,-303,0,0
6031558,12063,-21309,20797,0,500,65223
0,6032058,12064,0,-21102,21272,0
0,0,3246,92,12065,0,44668
65200,0,0,0,3746,92,12066
32768000,65184,0,0,0,0,4246
1486925931,32768000,-362,0,0,0,0
12068,1517662564,500,113,-357,0,0
6034558,12069,-19860,23623,0,500,65178
0,6035058,12070,0,-19604,24087,0
0,0,6246,92,12071,0,46184
65169,0,0,0,6746,92,12072
32768284,65171,0,0,0,0,7246
1669379704,32768000,-371,0,0,0,0
12074,1699395446,0,500,-380,0,0
6037558,12075,-18316,26387,0,500,65146
0,6038058,12076,0,-18062,26842,0
0,0,9246,92,12077,0,47726
65124,0,0,0,9746,92,12078
32768000,65105,0,0,0,0,10246
1848032358,32768000,-438,0,0,0,0
12080,1877458273,0,500,-451,0,0
6040558,12081,-16806,29094,0,500,65069
0,6041058,12082,0,-16558,29541,0
0,0,12246,92,12083,0,49224
65042,0,0,0,12746,92,12084
32768000,65024,0,0,0,0,13246
2023670320,32768000,-515,0,0,0,0
12086,2052965152,0,500,-527,0,0
6043558,12087,-15345,31769,0,500,65011
0,6044058,12088,0,-15108,32215,0
0,0,15246,92,12089,0,50661
64994,0,0,0,15746,92,12090
32768000,64986,0,0,0,0,16246
2198980529,32768448,-545,0,0,0,0
12092,2228340890,500,0,-536,0,0
6046558,12093,-13939,-31085,0,500,64989
0,6047058,12094,0,-13708,-30634,0
0,0,18246,92,12095,0,52046
64971,0,0,0,18746,92,12096
32768000,64963,0,0,0,0,19246
2376781050,32768000,-582,0,0,0,0
12098,2406796747,0,500,-606,0,0
6049558,12099,-12648,-28350,0,500,64925
0,6050058,12100,0,-12445,-27887,0
0,0,21246,92,12101,0,53290
64900,0,0,0,21746,92,12102
32768000,64897,0,0,0,0,22246
2559431086,32768000,-658,0,0,0,0
12104,2590495339,0,500,-672,0,0
6052558,12105,-11484,-25533,0,500,64865
0,6053058,12106,0,-11301,-25054,0
0,0,24246,92,12107,0,54414
64833,0,0,0,24746,92,12108
32768000,64823,0,0,0,0,25246
2748372460,4588020,-704,0,0,0,0
12110,2780485277,0,500,-709,0,0
6055558,12111,-10427,-22616,0,500,64826
0,6056058,12112,0,-10262,-22121,0
0,0,27246,92,12113,0,55437
64822,0,0,0,27746,92,12114
32768000,64807,0,0,0,0,28246
2943211979,32768280,-723,0,0,0,0
12116,2975914598,0,500,-729,0,0
6058558,12117,-9473,-19629,0,500,64803
0,6059058,12118,0,-9322,-19131,0
0,0,30246,92,12119,0,56362
64785,0,0,0,30746,92,12120
32768000,64752,0,0,0,0,31246
3138313550,32768000,-786,0,0,0,0
12122,3170098654,0,500,-812,0,0
6061558,12123,-8597,-16684,0,500,64715
0,6062058,12124,0,-8456,-16210,0
0,0,-32290,92,12125,0,57219
64695,0,0,0,-31790,92,12126
32768000,64679,0,0,0,0,34246
3323125910,500,-845,0,0,0,0
12128,3352092962,0,500,-843,0,0
6064558,12129,-7766,-13956,0,500,64697
0,6065058,12130,0,-7631,-13533,500
0,0,-29290,92,12131,0,58043
64734,0,0,0,-28790,92,12132
500,64754,0,0,0,0,37246
3486835678,500,-748,0,0,0,0
12134,3511673973,0,500,-747,0,0
6067558,12135,-6905,-11586,500,0,64807
0,6068058,12136,0,-6761,-11229,500
0,0,-26290,92,12137,0,58924
64848,0,0,0,-25790,92,12138
11862516,64856,0,0,0,0,40246
3625051999,32768033,-676,0,0,0,0
12140,3645695989,500,0,-649,0,0
6070558,12141,-6005,-9602,359,500,64892
0,6071058,12142,0,-5856,-9305,0
0,0,-23290,92,12143,0,59822
64899,0,0,0,-22790,92,12144
32768000,64878,0,0,0,0,43246
3740461777,32768000,-666,0,0,0,0
12146,3757905059,0,500,-673,0,0
6073558,12147,5377,-7934,0,500,64850
0,6074058,12148,0,5472,-7678,383
0,0,-20290,92,12149,0,5572
64849,0,0,0,-19790,92,12150
32768000,64834,0,0,0,0,46246
3840349840,500,-692,0,0,0,0
12152,3856144126,500,0,-680,0,0
6076558,12153,6004,-6458,0,500,64845
0,6077058,12154,0,6119,-6220,500
0,0,-17290,92,12155,0,6238
64914,0,0,0,-16790,92,12156
32768000,64910,0,0,0,0,49246
3933870428,500,-600,0,0,0,0
12158,3949468127,500,372,-593,0,0
6079558,12159,6762,-5032,500,0,64963
0,6080058,12160,0,6910,5026,500
0,0,-14290,92,12161,0,7065
64994,0,0,0,-13790,92,12162
500,65007,0,0,0,0,52246
368516302,32768000,-526,0,0,0,0
12164,382213483,500,0,-514,0,0
6082558,12165,7698,6047,0,500,65022
0,6083058,12166,0,7866,6267,500
0,0,-11290,92,12167,0,8043
65031,0,0,0,-10790,92,12168
32768000,65023,0,0,0,0,55246
457122007,32768000,-521,0,0,0,0
12170,473637268,0,500,-525,0,0
6085558,12171,8792,7488,50,500,65014
0,6086058,12172,0,8993,7759,0
0,0,-8290,92,12173,0,9199
64992,0,0,0,-7790,92,12174
500,65002,0,0,0,0,58246
565912994,32768320,-530,0,0,0,0
12176,586557059,0,500,-534,0,0
6088558,12177,10090,9276,500,0,65018
0,6089058,12178,0,10330,9615,500
0,0,-5290,92,12179,0,10582
65030,0,0,0,-4790,92,12180
32768000,65032,0,0,0,0,61246
701639506,500,-486,0,0,0,0
12182,727133278,500,0,-464,0,0
6091558,12183,11637,11497,0,500,65064
0,6092058,12184,0,11914,11912,500
0,0,-2290,92,12185,0,12200
65109,0,0,0,-1790,92,12186
500,65120,0,0,0,0,64246
866988547,500,-404,0,0,0,0
12188,897200960,500,0,-382,0,0
6094558,12189,13444,14162,0,500,65148
0,6095058,12190,0,13761,14645,0
0,0,710,93,12191,0,14080
65161,0,0,0,1210,93,12192
32768000,65155,0,0,0,0,1710
1057896851,500,-372,0,0,0,0
12194,1091517159,0,500,-388,0,0
6097558,12195,15417,17174,500,0,65168
0,6098058,12196,0,15765,17698,0
0,0,3710,93,12197,0,16112
65159,0,0,0,4210,93,12198
32768000,65156,0,0,0,0,4710
1264271793,32768052,-378,0,0,0,0
12200,1299333910,0,500,-393,0,0
6100558,12201,17532,20362,0,500,65141
0,6101058,12202,0,17893,20899,500
0,0,6710,93,12203,0,18261
65152,0,0,0,7210,93,12204
500,65170,0,0,0,0,7710
1475103285,32768105,-364,0,0,0,0
12206,1510165414,0,500,-368,0,0
6103558,12207,19735,23576,500,0,65183
0,6104058,12208,0,20109,24108,163
0,0,9710,93,12209,0,20481
65197,0,0,0,10210,93,12210
32768000,65189,0,0,0,0,10710
1684034287,27918836,-343,0,0,0,0
12212,1718572136,500,0,-324,0,0
6106558,12213,21989,26747,500,0,65221
0,6107058,12214,0,22371,27271,500
0,0,12710,93,12215,0,22754
65244,0,0,0,13210,93,12216
32768256,65246,0,0,0,0,13710
1889688540,500,-281,0,0,0,0
12218,1923702105,0,500,-282,0,0
6109558,12219,24274,29870,0,500,65247
0,6110058,12220,0,24651,30387,500
0,0,15710,93,12221,0,25031
65284,0,0,0,16210,93,12222
32768000,65276,0,0,0,0,16710
2092917949,500,-253,0,0,0,0
12224,2126734905,395,500,-251,0,0
6112558,12225,26546,-32569,500,0,65295
0,6113058,12226,0,26924,-32052,500
0,0,18710,93,12227,0,27303
65302,0,0,0,19210,93,12228
32768000,65288,0,0,0,0,19710
2296409495,500,-232,0,0,0,0
12230,2330554130,482,500,-229,0,0
6115558,12231,28812,-29453,0,500,65298
0,6116058,12232,0,29188,-28930,500
0,0,21710,93,12233,0,29568
65300,0,0,0,22210,93,12234
32768000,65295,0,0,0,0,22710
2502653553,500,-228,0,0,0,0
12236,2537453549,0,500,-241,0,0
6118558,12237,31078,-26286,500,0,65306
0,6119058,12238,0,31456,-25752,500
0,0,24710,93,12239,0,31835
65300,0,0,0,25210,93,12240
500,65311,0,0,0,0,25710
2713222995,500,-220,0,0,0,0
12242,2748743888,500,0,-214,0,0
6121558,12243,-32177,-23050,466,500,65324
0,6122058,12244,0,-31794,-22505,500
0,0,27710,93,12245,0,34127
65329,0,0,0,28210,93,12246
500,65343,0,0,0,0,28710
2927659093,500,-183,0,0,0,0
12248,2963507674,0,500,-197,0,0
6124558,12249,-29857,-19770,500,0,65353
0,6125058,12250,0,-29465,-19224,500
0,0,30710,93,12251,0,36464
65361,0,0,0,31210,93,12252
500,65376,0,0,0,0,31710
3141702022,500,-154,0,0,0,0
12254,3176829715,500,223,-151,0,0
6127558,12255,-27486,-16529,0,500,65380
0,6128058,12256,0,-27086,-16001,500
0,0,-31826,93,12257,0,38853
65393,0,0,0,-31326,93,12258
32768000,65390,0,0,0,0,34710
3348273902,28443124,-144,0,0,0,0
12260,3381435526,500,0,-139,0,0
6130558,12261,-25057,-13439,500,0,65403
0,6131058,12262,0,-24645,-12946,500
0,0,-28826,93,12263,0,41302
65399,0,0,0,-28326,93,12264
500,65413,0,0,0,0,37710
3540952211,32768312,-123,0,0,0,0
12266,3571426867,500,0,-105,0,0
6133558,12267,-22572,-10582,0,500,65402
0,6134058,12268,0,-22155,-10131,500
0,0,-25826,93,12269,0,43800
65429,0,0,0,-25326,93,12270
32768000,65427,0,0,0,0,40710
3717115488,32768000,-117,0,0,0,0
12272,3744968708,500,0,-102,0,0
6136558,12273,-20056,-7974,0,500,65419
0,6137058,12274,0,-19636,-7561,500
0,0,-22826,93,12275,0,46322
65431,0,0,0,-22326,93,12276
32768438,65431,0,0,0,0,43710
3878991927,500,-87,0,0,0,0
12278,3905010137,0,500,-99,0,0
6139558,12279,-17542,-5558,500,0,65456
0,6140058,12280,0,-17127,-5167,0
0,0,-19826,93,12281,0,48822
65449,0,0,0,-19326,93,12282
32768460,65450,0,0,0,0,46710
4032610796,32768000,-94,0,0,0,0
12284,4057908100,431,500,-93,0,0
6142558,12285,-15079,-3231,500,0,65454
0,6143058,12286,0,-14675,-2844,0
0,0,-16826,93,12287,0,51261
65468,0,0,0,-16326,93,12288
32768000,65458,0,0,0,0,49710
220187476,500,-64,0,0,0,0
12290,244370652,0,500,-75,0,0
6145558,12291,-12704,4101,500,0,65480
0,6146058,12292,0,-12320,4478,0
0,0,-13826,93,12293,0,53597
65473,0,0,0,-13326,93,12294
32768002,65471,0,0,0,0,52710
369415244,500,-34,0,0,0,0
12296,395367872,0,500,-44,0,0
6148558,12297,-10449,6435,0,500,65486
0,6149058,12298,0,-10086,6843,0
0,0,-10826,93,12299,0,55810
65485,0,0,0,-10326,93,12300
500,65495,0,0,0,0,55710
531553480,852468,-39,0,0,0,0
12302,560193064,500,0,-25,0,0
6151558,12303,-8315,8992,0,500,65509
0,6152058,12304,0,-7969,9444,0
0,0,-7826,93,12305,0,57910
65500,0,0,0,-7326,93,12306
500,65513,0,0,0,0,58710
710862045,500,-20,0,0,0,0
12308,742516269,0,500,-31,0,0
6154558,12309,-6276,11819,500,0,65510
0,6155058,12310,0,-5942,12316,500
0,0,-4826,93,12311,0,59927
65509,0,0,0,-4326,93,12312
500,65514,0,0,0,0,61710
907668652,500,-7,0,0,0,0
12314,941944310,500,167,-5,0,0
6157558,12315,-4288,14901,0,500,65518
0,6158058,12316,0,-3959,15436,500
0,0,-1826,93,12317,0,61906
65535,0,0,0,-1326,93,12318
32768000,65523,0,0,0,0,64710
1118368870,500,2,0,0,0,0
12320,1154348465,0,500,-3,0,0
6160558,12321,-2307,18165,0,500,65526
0,6161058,12322,0,2292,18719,500
0,0,1174,94,12323,0,2605
0,0,0,0,1674,94,12324
32768031,65534,0,0,0,0,2174
1336282278,500,0,0,0,0,0
12326,1372917221,500,0,10,0,0
6163558,12327,3879,21508,500,308,11
0,6164058,12328,0,4204,22067,0
0,0,4174,94,12329,0,4532
33,0,0,0,4674,94,12330
32768000,20,0,0,0,0,5174
1555960909,32768000,15,0,0,0,0
12332,1592464799,0,500,2,0,0
6166558,12333,5876,24853,500,0,21
0,6167058,12334,0,6220,25407,0
0,0,7174,94,12335,0,6568
13,0,0,0,7674,94,12336
500,21,0,0,0,0,8174
1773542510,500,29,0,0,0,0
12338,1809587670,0,500,24,0,0
6169558,12339,8004,28160,500,115,25
0,6170058,12340,0,8374,28707,500
0,0,10174,94,12341,0,8749
32,0,0,0,10674,94,12342
32768312,31,0,0,0,0,11174
1988699433,500,39,0,0,0,0
12344,2024351406,0,500,35,0,0
6172558,12345,10295,31433,161,500,33
0,6173058,12346,0,10692,31977,500
0,0,13174,94,12347,0,11095
33,0,0,0,13674,94,12348
500,40,0,0,0,0,14174
2202545801,500,51,0,0,0,0
12350,2238197801,0,500,31,0,0
6175558,12351,12749,-30840,344,500,30
0,6176058,12352,0,13172,-30295,251
0,0,16174,94,12353,0,13599
47,0,0,0,16674,94,12354
32768272,46,0,0,0,0,17174
2416982145,27329012,46,0,0,0,0
12356,2452961846,203,500,44,0,0
6178558,12357,15343,-27558,500,0,51
0,6179058,12358,0,15787,-27008,500
0,0,19174,94,12359,0,16234
60,0,0,0,19674,94,12360
32768000,56,0,0,0,0,20174
2633646830,22741492,56,0,0,0,0
12362,2670019764,500,94,57,0,0
6181558,12363,18043,-24240,500,0,60
0,6182058,12364,0,18500,-23683,0
0,0,22174,94,12365,0,18958
46,0,0,0,22674,94,12366
500,61,0,0,0,0,23174
2852670887,32768500,61,0,0,0,0
12368,2889240436,500,232,61,0,0
6184558,12369,20803,-20891,500,0,80
0,6185058,12370,0,21266,-20332,500
0,0,25174,94,12371,0,21731
73,0,0,0,25674,94,12372
500,75,0,0,0,0,26174
3072088195,14942708,76,0,0,0,0
12374,3108395604,0,500,66,0,0
6187558,12375,23588,-17552,500,0,74
0,6188058,12376,0,24052,-17002,500
0,0,28174,94,12377,0,24517
82,0,0,0,28674,94,12378
32768374,81,0,0,0,0,29174
3288097637,32768000,74,0,0,0,0
12380,3323487540,500,328,74,0,0
6190558,12381,26371,-14288,500,382,74
0,6191058,12382,0,26834,-13755,500
0,0,31174,94,12383,0,27296
85,0,0,0,31674,94,12384
32768118,83,0,0,0,0,32174
3496767037,32768114,80,0,0,0,0
12386,3530649610,500,0,85,0,0
6193558,12387,29143,-11151,0,500,80
0,6194058,12388,0,29604,-10643,500
0,0,-31362,94,12389,0,30065
92,0,0,0,-30862,94,12390
32768000,73,0,0,0,0,35174
3695737098,500,90,0,0,0,0
12392,3727915736,47,500,87,0,0
6196558,12393,31909,-8165,0,500,78
0,6197058,12394,0,32369,-7681,500
0,0,-28362,94,12395,0,32831
81,0,0,0,-27862,94,12396
500,98,0,0,0,0,38174
3885401050,32768000,76,0,0,0,0
12398,3916334504,500,0,97,0,0
6199558,12399,-30856,-5309,0,500,90
0,6200058,12400,0,-30393,-4842,500
0,0,-25362,94,12401,0,35608
98,0,0,0,-24862,94,12402
32768000,83,0,0,0,0,41174
4068904635,28377588,83,0,0,0,0
12404,4099248270,500,0,97,0,0
6202558,12405,-28062,-2525,500,0,103
0,6203058,12406,0,-27593,-2063,0
0,0,-22362,94,12407,0,38413
87,0,0,0,-21862,94,12408
500,91,0,0,0,0,44174
139893179,32768165,89,0,0,0,0
12410,169581460,9,500,85,0,0
6205558,12411,-25235,3041,500,0,92
0,6206058,12412,0,-24761,3497,155
0,0,-19362,94,12413,0,41249
88,0,0,0,-18862,94,12414
500,102,0,0,0,0,47174
319988952,32768000,88,0,0,0,0
12416,350594740,500,53,89,0,0
6208558,12417,-22383,5820,500,0,97
0,6209058,12418,0,-21906,6296,500
0,0,-16362,94,12419,0,44109
85,0,0,0,-15862,94,12420
4588020,87,0,0,0,0,50174
507621385,500,92,0,0,0,0
12422,539800040,500,0,96,0,0
6211558,12423,-19514,8732,0,500,89
0,6212058,12424,0,-19036,9233,500
0,0,-13362,94,12425,0,46977
97,0,0,0,-12862,94,12426
32768000,91,0,0,0,0,53174
705280826,500,97,0,0,0,0
12428,739228949,0,500,92,0,0
6214558,12429,-16658,11801,0,500,79
0,6215058,12430,0,-16186,12328,500
0,0,-10362,94,12431,0,49821
81,0,0,0,-9862,94,12432
500,86,0,0,0,0,56174
912901702,500,99,0,0,0,0
12434,948357144,0,500,79,0,0
6217558,12435,-13848,15014,500,0,93
0,6218058,12436,0,-13386,15562,500
0,0,-7362,94,12437,0,52610
81,0,0,0,-6862,94,12438
32768000,76,0,0,0,0,59174
1128386835,500,79,0,0,0,0
12440,1164825304,500,0,90,0,0
6220558,12441,-11109,18330,500,0,92
0,6221058,12442,0,-10660,18888,500
0,0,-4362,94,12443,0,55323
78,0,0,0,-3862,94,12444
500,94,0,0,0,0,62174
1348066194,32768000,75,0,0,0,0
12446,1384897866,500,0,81,0,0
6223558,12447,-8448,21692,500,0,95
0,6224058,12448,0,-8012,22253,0
0,0,-1362,94,12449,0,57958
99,0,0,0,-862,94,12450
32768000,80,0,0,0,0,65174
1568597444,500,88,0,0,0,0
12452,1605298034,394,500,86,0,0
6226558,12453,-5858,25053,0,500,80
0,6227058,12454,0,-5433,25611,0
0,0,1638,95,12455,0,60528
92,0,0,0,2138,95,12456
32768000,79,0,0,0,0,2638
1787883456,500,83,0,0,0,0
12458,1824256358,500,0,86,0,0
6229558,12459,-3315,28389,0,500,79
0,6230058,12460,0,-2893,28942,500
0,0,4638,95,12461,0,63064
82,0,0,0,5138,95,12462
32768000,71,0,0,0,0,5638
2005465509,500,73,0,0,0,0
12464,2041641804,0,500,70,0,0
6232558,12465,1396,31704,500,0,88
0,6233058,12466,0,1811,32255,0
0,0,7638,95,12467,0,2227
79,0,0,0,8138,95,12468
32768000,63,0,0,0,0,8638
2222263286,500,82,0,0,0,0
12470,2258374042,0,500,65,0,0
6235558,12471,3903,-30524,500,0,71
0,6236058,12472,0,4326,-29972,500
0,0,10638,95,12473,0,4752
69,0,0,0,11138,95,12474
500,78,0,0,0,0,11638
2439452137,32768000,72,0,0,0,0
12476,2475759513,500,0,80,0,0
6238558,12477,6476,-27205,0,500,58
0,6239058,12478,0,6914,-26649,500
0,0,13638,95,12479,0,7354
70,0,0,0,14138,95,12480
32768000,61,0,0,0,0,14638
2657951796,500,70,0,0,0,0
12482,2694521332,0,500,56,0,0
6241558,12483,9144,-23863,500,0,62
0,6242058,12484,0,9598,-23305,500
0,0,16638,95,12485,0,10056
63,0,0,0,17138,95,12486
32768000,58,0,0,0,0,17638
2877631203,500,67,0,0,0,0
12488,2914266293,0,500,54,0,0
6244558,12489,11914,-20509,500,0,56
0,6245058,12490,0,12385,-19950,500
0,0,19638,95,12491,0,12859
47,0,0,0,20138,95,12492
500,58,0,0,0,0,20638
3097114102,32768011,55,0,0,0,0
12494,3133552599,500,432,55,0,0
6247558,12495,14778,-17168,0,500,46
0,6248058,12496,0,15263,-16615,500
0,0,22638,95,12497,0,15750
39,0,0,0,23138,95,12498
32768000,31,0,0,0,0,23638
3314106712,500,42,0,0,0,0
12500,3349889859,500,0,46,0,0
6250558,12501,17712,-13878,500,0,49
0,6251058,12502,0,18206,-13337,0
0,0,25638,95,12503,0,18701
32,0,0,0,26138,95,12504
500,35,0,0,0,0,26638
3526380781,500,43,0,0,0,0
12506,3561180894,0,500,37,0,0
6253558,12507,20687,-10669,500,0,46
0,6254058,12508,0,21185,-10143,0
0,0,28638,95,12509,0,21683
23,0,0,0,29138,95,12510
500,32,0,0,0,0,29638
3732625559,32768000,25,0,0,0,0
12512,3766442633,500,0,33,0,0
6256558,12513,23674,-7551,0,500,28
0,6257058,12514,0,24172,-7040,0
0,0,31638,95,12515,0,24670
19,0,0,0,32138,95,12516
32768000,10,0,0,0,0,32638
3933365311,500,21,0,0,0,0
12518,3966395951,0,500,18,0,0
6259558,12519,26655,-4511,0,500,14
0,6260058,12520,0,27150,-4010,500
0,0,-30898,95,12521,0,27646
19,0,0,0,-30398,95,12522
32768000,7,0,0,0,0,35638
4130435035,32768000,1,0,0,0,0
12524,4163137994,500,0,8,0,0
6262558,12525,29624,-1513,0,500,4
0,6263058,12526,0,30117,-1014,0
0,0,-27898,95,12527,0,30611
65535,0,0,0,-27398,95,12528
32768251,65533,0,0,0,0,38638
140147567,32768000,-7,0,0,0,0
12530,172588380,500,0,0,0,0
6265558,12531,32586,3128,0,500,65533
0,6266058,12532,0,-32457,3625,0
0,0,-24898,95,12533,0,33572
5,0,0,0,-24398,95,12534
32768000,65534,0,0,0,0,41638
336037634,32768000,-14,0,0,0,0
12536,369068272,0,500,-20,0,0
6268558,12537,-29986,6137,0,500,65512
0,6269058,12538,0,-29491,6646,500
0,0,-21898,95,12539,0,36541
65523,0,0,0,-21398,95,12540
32768000,65513,0,0,0,0,44638
536580766,500,-18,0,0,0,0
12542,570528911,0,500,-27,0,0
6271558,12543,-27007,9227,0,500,65498
0,6272058,12544,0,-26509,9751,500
0,0,-18898,95,12545,0,39526
65517,0,0,0,-18398,95,12546
32768000,65493,0,0,0,0,47638
743022157,32768000,-46,0,0,0,0
12548,778084417,500,0,-39,0,0
6274558,12549,-24010,12408,0,500,65489
0,6275058,12550,0,-23508,12947,0
0,0,-15898,95,12551,0,42529
65501,0,0,0,-15398,95,12552
32768000,65479,0,0,0,0,50638
955230732,500,-50,0,0,0,0
12554,991079426,500,0,-45,0,0
6277558,12555,-20999,15670,0,500,65486
0,6278058,12556,0,-20497,16220,0
0,0,-12898,95,12557,0,45541
65477,0,0,0,-12398,95,12558
9044468,65480,0,0,0,0,53638
1171568079,32768000,-60,0,0,0,0
12560,1207875525,500,27,-57,0,0
6280558,12561,-17991,18985,500,500,65479
0,6281058,12562,0,-17490,19540,0
0,0,-9898,95,12563,0,48545
65463,0,0,0,-9398,95,12564
32768000,65455,0,0,0,0,56638
1389937029,500,-63,0,0,0,0
12566,1426375541,0,500,-71,0,0
6283558,12567,-15003,22320,9,500,65463
0,6284058,12568,0,-14509,22875,0
0,0,-6898,95,12569,0,51520
65463,0,0,0,-6398,95,12570
32768000,65438,0,0,0,0,59638
1608305943,500,-90,0,0,0,0
12572,1644613376,500,0,-83,0,0
6286558,12573,-12056,25648,360,500,65453
0,6287058,12574,0,-11570,26201,0
0,0,-3898,95,12575,0,54451
65447,0,0,0,-3398,95,12576
32768176,65446,0,0,0,0,62638
1825757303,32768000,-94,0,0,0,0
12578,1861868119,212,500,-94,0,0
6289558,12579,-9162,28960,271,500,65441
0,6290058,12580,0,-8685,29510,0
0,0,-898,95,12581,0,57326
65441,0,0,0,-398,95,12582
32768420,65442,0,0,0,0,102
2042028962,32768000,-107,0,0,0,0
12584,2078008697,0,500,-113,0,0
6292558,12585,-6321,32257,500,0,65448
0,6293058,12586,0,-5851,-32731,0
0,0,2102,96,12587,0,60154
65429,0,0,0,2602,96,12588
32768431,65430,0,0,0,0,3102
2257907359,32768305,-106,0,0,0,0
12590,2293821554,0,500,-117,0,0
6295558,12591,-3517,-29987,0,500,65406
0,6296058,12592,0,-3052,-29438,500
0,0,5102,96,12593,0,62949
65414,0,0,0,5602,96,12594
32768000,65405,0,0,0,0,6102
2473851270,24510964,-129,0,0,0,0
12596,2509962071,0,500,-136,0,0
6298558,12597,-728,-26688,500,364,65402
0,6299058,12598,0,985,-26137,81
0,0,8102,96,12599,0,1446
65394,0,0,0,8602,96,12600
32768000,65386,0,0,0,0,9102
2690517313,32768000,-154,0,0,0,0
12602,2726693648,0,500,-163,0,0
6301558,12603,3295,-23378,0,500,65366
0,6302058,12604,0,3759,-22826,0
0,0,11102,96,12605,0,4225
65366,0,0,0,11602,96,12606
32768000,65357,0,0,0,0,12102
2907640872,25494004,-176,0,0,0,0
12608,2943817214,0,500,-182,0,0
6304558,12609,6102,-20065,0,500,65352
0,6305058,12610,0,6574,-19514,0
0,0,14102,96,12611,0,7048
65340,0,0,0,14602,96,12612
32768143,65340,0,0,0,0,15102
3124240194,32768000,-203,0,0,0,0
12614,3160219937,500,0,-196,0,0
6307558,12615,8961,-16767,0,500,65331
0,6308058,12616,0,9444,-16220,0
0,0,17102,96,12617,0,9928
65310,0,0,0,17602,96,12618
500,65317,0,0,0,0,18102
3339004565,32768000,-220,0,0,0,0
12620,3374525567,0,500,-231,0,0
6310558,12621,11882,-13504,500,0,65311
0,6311058,12622,0,12374,-12966,0
0,0,20102,96,12623,0,12868
65301,0,0,0,20602,96,12624
500,65307,0,0,0,0,21102
3550623268,32768000,-232,0,0,0,0
12626,3585619990,92,500,-232,0,0
6313558,12627,14857,-10293,0,500,65302
0,6314058,12628,0,15358,-9764,0
0,0,23102,96,12629,0,15859
65299,0,0,0,23602,96,12630
32768436,65301,0,0,0,0,24102
3758572000,32768000,-251,0,0,0,0
12632,3792847832,500,0,-243,0,0
6316558,12633,17873,-7140,500,0,65305
0,6317058,12634,0,18379,-6619,0
0,0,26102,96,12635,0,18885
65295,0,0,0,26602,96,12636
32768000,65287,0,0,0,0,27102
3963112891,7930356,-245,0,0,0,0
12638,3996995511,500,0,-229,0,0
6319558,12639,20915,-4032,0,500,65285
0,6320058,12640,0,21422,-3517,0
0,0,29102,96,12641,0,21930
65274,0,0,0,29602,96,12642
16843252,65277,0,0,0,0,30102
4165491106,32768000,-259,0,0,0,0
12644,4199111582,0,500,-275,0,0
6322558,12645,23961,-949,500,249,65265
0,6323058,12646,0,24469,598,0
0,0,32102,96,12647,0,24977
65251,0,0,0,32602,96,12648
32768000,65250,0,0,0,0,33102
139486598,32768000,-298,0,0,0,0
12650,172976001,0,500,-302,0,0
6325558,12651,27003,3151,0,500,65226
0,6326058,12652,0,27508,3664,0
0,0,-30434,96,12653,0,28014
65216,0,0,0,-29934,96,12654
32768000,65213,0,0,0,0,36102
341274977,32768000,-334,0,0,0,0
12656,375223129,0,500,-342,0,0
6328558,12657,30034,6243,0,500,65186
0,6329058,12658,0,30539,6762,54
0,0,-27434,96,12659,0,31043
65187,0,0,0,-26934,96,12660
32768000,65168,0,0,0,0,39102
545946932,32768000,-370,0,0,0,0
12662,580419372,0,500,-379,0,0
6331558,12663,-32477,9383,500,0,65165
0,6332058,12664,0,-31972,9911,0
0,0,-24434,96,12665,0,34069
65151,0,0,0,-23934,96,12666
32768000,65134,0,0,0,0,42102
754092293,500,-385,0,0,0,0
12668,789154558,0,500,-393,0,0
6334558,12669,-29448,12577,173,500,65145
0,6335058,12670,0,-28943,13114,0
0,0,-21434,96,12671,0,37099
65147,0,0,0,-20934,96,12672
32768000,65144,0,0,0,0,45102
965579999,26804724,-388,0,0,0,0
12674,1001101018,25,500,-386,0,0
6337558,12675,-26411,15817,0,500,65146
0,6338058,12676,0,-25904,16361,0
0,0,-18434,96,12677,0,40139
65145,0,0,0,-17934,96,12678
32768000,65146,0,0,0,0,48102
1179427011,32768000,-403,0,0,0,0
12680,1215210175,500,0,-391,0,0
6340558,12681,-23365,19088,0,500,65119
0,6341058,12682,0,-22856,19635,500
0,0,-15434,96,12683,0,43189
65133,0,0,0,-14934,96,12684
32768000,65133,0,0,0,0,51102
1394388142,32768000,-414,0,0,0,0
12686,1430171307,0,500,-428,0,0
6343558,12687,-20312,22369,0,500,65099
0,6344058,12688,0,-19804,22916,404
0,0,-12434,96,12689,0,46240
65090,0,0,0,-11934,96,12690
32768000,65070,0,0,0,0,54102
1609283736,32768000,-474,0,0,0,0
12692,1645066898,500,195,-468,0,0
6346558,12693,-17267,25646,0,500,65054
0,6347058,12694,0,-16761,26191,0
0,0,-9434,96,12695,0,49282
65048,0,0,0,-8934,96,12696
32768000,65032,0,0,0,0,57102
1823589491,32768000,-505,0,0,0,0
12698,1859241578,0,500,-506,0,0
6349558,12699,-14239,28912,0,500,65019
0,6350058,12700,0,-13737,29456,0
0,0,-6434,96,12701,0,52300
64997,0,0,0,-5934,96,12702
32768000,64992,0,0,0,0,60102
2037108787,32768000,-550,0,0,0,0
12704,2072695333,0,500,-562,0,0
6352558,12705,-11241,32168,463,500,64980
0,6353058,12706,0,-10745,32709,0
0,0,-3434,96,12707,0,55286
64980,0,0,0,-2934,96,12708
32768000,64977,0,0,0,0,63102
2250234834,500,-547,0,0,0,0
12710,2285755839,500,0,-532,0,0
6355558,12711,-8278,-30116,0,500,65004
0,6356058,12712,0,-7787,-29574,0
0,0,-434,96,12713,0,58240
64996,0,0,0,66,97,12714
32768000,64993,0,0,0,0,566
2463557457,32768000,-555,0,0,0,0
12716,2499143993,500,0,-543,0,0
6358558,12717,-5343,-26860,0,500,64981
0,6359058,12718,0,-4857,-26316,0
0,0,2566,97,12719,0,61165
64972,0,0,0,3066,97,12720
32768000,64967,0,0,0,0,3566
2677273273,32768000,-576,0,0,0,0
12722,2712925342,0,500,-585,0,0
6361558,12723,-2430,-23596,0,500,64950
0,6362058,12724,0,-1945,-23052,0
0,0,5566,97,12725,0,64076
64927,0,0,0,6066,97,12726
32768000,64923,0,0,0,0,6566
2891316756,32768000,-639,0,0,0,0
12728,2926838512,0,500,-647,0,0
6364558,12729,1235,-20332,0,500,64881
0,6365058,12730,0,1717,-19788,416
0,0,8566,97,12731,0,2199
64871,0,0,0,9066,97,12732
32768000,64859,0,0,0,0,9566
3104902239,32768000,-684,0,0,0,0
12734,3140423235,0,500,-716,0,0
6367558,12735,4136,-17076,0,500,64823
0,6368058,12736,0,4622,-16535,122
0,0,11566,97,12737,0,5109
64822,0,0,0,12066,97,12738
32768000,64820,0,0,0,0,12566
3317438404,32768000,-717,0,0,0,0
12740,3352697262,25,500,-712,0,0
6370558,12741,7064,-13842,232,500,64830
0,6371058,12742,0,7555,-13305,0
0,0,14566,97,12743,0,8047
64832,0,0,0,15066,97,12744
32768000,64834,0,0,0,0,15566
3528008522,32768000,-713,0,0,0,0
12746,3562939706,500,283,-705,0,0
6373558,12747,10027,-10639,0,500,64830
0,6374058,12748,0,10525,-10109,0
0,0,17566,97,12749,0,11023
64807,0,0,0,18066,97,12750
500,64822,0,0,0,0,18566
3736415991,32768000,-740,0,0,0,0
12752,3770888429,0,500,-739,0,0
6376558,12753,13027,-7472,0,500,64775
0,6377058,12754,0,13531,-6947,0
0,0,20566,97,12755,0,14036
64792,0,0,0,21066,97,12756
32768000,64753,0,0,0,0,21566
3942529735,32768000,-788,0,0,0,0
12758,3976740033,0,500,-787,0,0
6379558,12759,16061,-4335,0,500,64730
0,6380058,12760,0,16569,-3814,500
0,0,23566,97,12761,0,17077
64726,0,0,0,24066,97,12762
32768000,64708,0,0,0,0,24566
4147201712,32768000,-848,0,0,0,0
12764,4181215405,431,500,-840,0,0
6382558,12765,19115,-1216,0,500,64685
0,6383058,12766,0,19625,-698,0
0,0,26566,97,12767,0,20135
64670,0,0,0,27066,97,12768
32768000,64648,0,0,0,0,27566
99177124,28180980,-879,0,0,0,0
12770,133125283,500,0,-864,0,0
6385558,12771,22178,2548,0,500,64674
0,6386058,12772,0,22688,3067,0
0,0,29566,97,12773,0,23199
64678,0,0,0,30066,97,12774
32768000,64673,0,0,0,0,30566
303193756,500,-841,0,0,0,0
12776,337338522,0,500,-853,0,0
6388558,12777,25241,5668,500,0,64706
0,6389058,12778,0,25751,6191,0
0,0,32566,97,12779,0,26262
64714,0,0,0,-32470,97,12780
500,64727,0,0,0,0,33566
508914322,32768000,-818,0,0,0,0
12782,543452303,500,0,-803,0,0
6391558,12783,28302,8819,500,0,64761
0,6392058,12784,0,28812,9348,0
0,0,-29970,97,12785,0,29322
64770,0,0,0,-29470,97,12786
500,64787,0,0,0,0,36566
716928645,32768000,-750,0,0,0,0
12788,751794307,0,500,-750,0,0
6394558,12789,31361,12005,500,0,64799
0,6395058,12790,0,31871,12539,0
0,0,-26970,97,12791,0,32381
64817,0,0,0,-26470,97,12792
32768000,64817,0,0,0,0,39566
927171193,500,-706,0,0,0,0
12794,962364536,0,500,-714,0,0
6397558,12795,-31114,15222,500,0,64833
0,6398058,12796,0,-30603,15761,0
0,0,-23970,97,12797,0,35443
64829,0,0,0,-23470,97,12798
32768000,64827,0,0,0,0,42566
1139052146,32768000,-707,0,0,0,0
12800,1174442097,0,500,-710,0,0
6400558,12801,-28048,18461,500,407,64833
0,6401058,12802,0,-27536,19002,0
0,0,-20970,97,12803,0,38512
64847,0,0,0,-20470,97,12804
500,64862,0,0,0,0,45566
1351850609,32768000,-672,0,0,0,0
12806,1387306098,500,0,-659,0,0
6403558,12807,-24972,21710,500,0,64892
0,6404058,12808,0,-24459,22252,0
0,0,-17970,97,12809,0,41591
64906,0,0,0,-17470,97,12810
500,64917,0,0,0,0,48566
1564911227,27460084,-612,0,0,0,0
12812,1600366717,0,500,-620,0,0
6406558,12813,-21889,24961,500,0,64947
0,6407058,12814,0,-21374,25502,191
0,0,-14970,97,12815,0,44676
64960,0,0,0,-14470,97,12816
32768000,64960,0,0,0,0,51566
1777709705,500,-563,0,0,0,0
12818,1813099660,500,0,-541,0,0
6409558,12819,-18802,28206,0,500,64990
0,6410058,12820,0,-18288,28746,0
0,0,-11970,97,12821,0,47762
64990,0,0,0,-11470,97,12822
32768000,64986,0,0,0,0,54566
1990114965,500,-526,0,0,0,0
12824,2025439382,0,500,-530,0,0
6412558,12825,-15722,31445,0,500,65000
0,6413058,12826,0,-15209,31984,0
0,0,-8970,97,12827,0,50838
64997,0,0,0,-8470,97,12828
32768000,64995,0,0,0,0,57566
2202192532,500,-517,0,0,0,0
12830,2237516946,500,0,-502,0,0
6415558,12831,-12656,-30855,500,364,65039
0,6416058,12832,0,-12147,-30316,500
0,0,-5970,97,12833,0,53898
65058,0,0,0,-5470,97,12834
500,65070,0,0,0,0,60566
2414401155,32768000,-469,0,0,0,0
12836,2449791102,500,0,-452,0,0
6418558,12837,-9608,-27616,500,135,65091
0,6419058,12838,0,-9102,-27076,500
0,0,-2970,97,12839,0,56940
65122,0,0,0,-2470,97,12840
500,65138,0,0,0,0,63566
2626937438,32768125,-396,0,0,0,0
12842,2662458455,73,500,-394,0,0
6421558,12843,-6577,-24370,500,0,65159
0,6422058,12844,0,-6074,-23829,0
0,0,30,98,12845,0,59965
65161,0,0,0,530,98,12846
500,65169,0,0,0,0,1030
2839801386,500,-356,0,0,0,0
12848,2875322400,0,500,-368,0,0
6424558,12849,-3562,-21121,500,0,65174
0,6425058,12850,0,-3061,-20579,500
0,0,3030,98,12851,0,62977
65183,0,0,0,3530,98,12852
500,65192,0,0,0,0,4030
3052796396,32768000,-345,0,0,0,0
12854,3088251874,500,0,-335,0,0
6427558,12855,-552,-17873,500,0,65214
0,6428058,12856,0,434,-17333,500
0,0,6030,98,12857,0,934
65230,0,0,0,6530,98,12858
500,65254,0,0,0,0,7030
3265202065,28770804,-279,0,0,0,0
12860,3300526471,500,0,-266,0,0
6430558,12861,2941,-14635,500,0,65277
0,6431058,12862,0,3443,-14097,500
0,0,9030,98,12863,0,3947
65301,0,0,0,9530,98,12864
500,65311,0,0,0,0,10030
3476689755,500,-207,0,0,0,0
12866,3511817556,0,500,-207,0,0
6433558,12867,5966,-11415,500,0,65335
0,6434058,12868,0,6472,-10880,500
0,0,12030,98,12869,0,6979
65356,0,0,0,12530,98,12870
32768096,65356,0,0,0,0,13030
3686735675,32768000,-184,0,0,0,0
12872,3721535800,111,500,-184,0,0
6436558,12873,9014,-8218,500,0,65358
0,6437058,12874,0,9525,-7688,0
0,0,15030,98,12875,0,10036
65370,0,0,0,15530,98,12876
32768258,65370,0,0,0,0,16030
3895208756,500,-158,0,0,0,0
12878,3929812278,500,0,-138,0,0
6439558,12879,12088,-5044,500,0,65413
0,6440058,12880,0,12603,-4516,500
0,0,18030,98,12881,0,13119
65428,0,0,0,18530,98,12882
32832936,65428,1,0,0,0,19012
4102633288,32832936,-108,0,1,0,0
12884,4137105738,-600,500,-108,0,1
6442540,12885,15181,-1884,-600,500,65428
0,6443040,12886,0,15696,-1360,64936
1,0,21012,98,12887,0,16211
65428,1,0,0,21512,98,12888
32832936,65428,1,0,0,0,22012
42419030,32832936,-108,0,1,0,0
12890,76563798,-600,500,-108,0,1
6445540,12891,18261,1688,-600,500,65428
0,6446040,12892,0,18771,2208,64936
1,0,24012,98,12893,0,19282
65428,1,0,0,24512,98,12894
32832936,65428,1,0,0,0,25012
246894412,32832936,-108,0,1,0,0
12896,280973640,-600,500,-108,0,1
6448540,12897,21316,4806,-600,500,65428
0,6449040,12898,0,21823,5325,64936
1,0,27012,98,12899,0,22329
65428,1,0,0,27512,98,12900
32832936,65428,1,0,0,0,28012
451107622,32832936,-108,0,1,0,0
12902,485121310,-600,500,-108,0,1
6451540,12903,24339,7921,-600,500,65428
0,6452040,12904,0,24840,8440,64936
1,0,30012,98,12905,0,25340
65428,1,0,0,30512,98,12906
32832936,65428,1,0,0,0,31012
655255264,32832936,-108,0,1,0,0
12908,689334480,-600,500,-108,0,1
6454540,12909,27328,11037,-600,500,65428
0,6455040,12910,0,27822,11556,64936
1,0,-32524,98,12911,0,28316
65428,1,0,0,-32024,98,12912
32832936,65428,1,0,0,0,34012
859533940,32832936,-108,0,1,0,0
12914,893547614,-600,500,-108,0,1
6457540,12915,30279,14153,-600,500,65428
0,6458040,12916,0,30767,14673,64936
1,0,-29524,98,12917,0,31253
65428,1,0,0,-29024,98,12918
32832936,65428,1,0,0,0,37012
1063615962,32832936,-108,0,1,0,0
12920,1097629628,-600,500,-108,0,1
6460540,12921,-32355,17266,-600,500,65428
0,6461040,12922,0,-31876,17784,64936
1,0,-26524,98,12923,0,34136
65428,1,0,0,-26024,98,12924
32832936,65428,1,0,0,0,40012
1267108110,32832936,-108,0,1,0,0
12926,1300925159,-600,500,-108,0,1
6463540,12927,-29506,20366,-600,500,65428
0,6464040,12928,0,-29039,20881,64936
1,0,-23524,98,12929,0,36962
65428,1,0,0,-23024,98,12930
32832936,65428,1,0,0,0,43012
1469486075,32832936,-108,0,1,0,0
12932,1503106497,-600,500,-108,0,1
6466540,12933,-26750,23447,-600,500,65428
0,6467040,12934,0,-26307,23958,64936
1,0,-20524,98,12935,0,39666
65428,1,0,0,-20024,98,12936
32832936,65428,1,0,0,0,46012
1670422086,32832936,-108,0,1,0,0
12938,1703780321,-600,500,-108,0,1
6469540,12939,-24208,26504,-600,500,65428
0,6470040,12940,0,-23820,27012,64936
1,0,-17524,98,12941,0,42088
65428,1,0,0,-17024,98,12942
32832936,65428,1,0,0,0,49012
1869719321,32832936,-108,0,1,0,0
12944,1902815313,-600,500,-108,0,1
6472540,12945,-22160,29538,-600,500,65428
0,6473040,12946,0,-21904,30043,64936
1,0,-14524,98,12947,0,43853
65428,1,0,0,-14024,98,12948
32832936,65428,1,0,0,0,52012
2067639432,32832936,-108,0,1,0,0
12950,2100538587,-600,500,-108,0,1
6475540,12951,-21263,32552,-600,500,65428
0,6476040,12952,0,-21312,-32483,64936
1,0,-11524,98,12953,0,44110
65428,1,0,0,-11024,98,12954
32832936,65428,1,0,0,0,55012
2264312522,32832936,-108,0,1,0,0
12956,2297080265,-600,500,-108,0,1
6478540,12957,-22364,-29988,-600,500,65428
0,6479040,12958,0,-22686,-29491,64936
1,0,-8524,98,12959,0,42502
65428,1,0,0,-8024,98,12960
32832936,65428,1,0,0,0,58012
2459935508,32832936,-108,0,1,0,0
12962,2492440964,-600,500,-108,0,1
6481540,12963,-24601,-27009,-600,500,65428
0,6482040,12964,0,-25026,-26514,64936
1,0,-5524,98,12965,0,40075
65428,1,0,0,-5024,98,12966
32832936,65428,1,0,0,0,61012
2654574865,32832936,-108,0,1,0,0
12968,2686883659,-600,500,-108,0,1
6484540,12969,-27265,-24045,-600,500,65428
0,6485040,12970,0,-27728,-23553,64936
1,0,-2524,98,12971,0,37341
65428,1,0,0,-2024,98,12972
32832936,65428,1,0,0,0,64012
2848099887,32832936,-108,0,1,0,0
12974,2880277589,-600,500,-108,0,1
6487540,12975,-30086,-21097,-600,500,65428
0,6488040,12976,0,-30563,-20606,64936
1,0,476,99,12977,0,34494
65428,1,0,0,976,99,12978
32832936,65428,1,0,0,0,1476
3040641788,32832936,-108,0,1,0,0
12980,3072622874,-600,500,-108,0,1
6490540,12981,32568,-18165,-600,500,65428
0,6491040,12982,0,32084,-17679,64936
1,0,3476,99,12983,0,31601
65428,1,0,0,3976,99,12984
32832936,65428,1,0,0,0,4476
3231872938,32832936,-108,0,1,0,0
12986,3263657413,-600,500,-108,0,1
6493540,12987,29664,-15253,-600,500,65428
0,6494040,12988,0,29178,-14770,64936
1,0,6476,99,12989,0,28692
65428,1,0,0,6976,99,12990
32832936,65428,1,0,0,0,7476
3421793353,32832936,-108,0,1,0,0
12992,3453315682,-600,500,-108,0,1
6496540,12993,26748,-12362,-600,500,65428
0,6497040,12994,0,26261,-11883,64936
1,0,9476,99,12995,0,25775
65428,1,0,0,9976,99,12996
32832936,65428,1,0,0,0,10476
3610271969,32832936,-108,0,1,0,0
12998,3641532155,-600,500,-108,0,1
6499540,12999,23829,-9493,-600,500,65428
0,6500040,13000,0,23342,-9017,64936
1,0,12476,99,13001,0,22855
65428,1,0,0,12976,99,13002
32832936,65428,1,0,0,0,13476
3797570936,32832936,-108,0,1,0,0
13004,3828700049,-600,500,-108,0,1
6502540,13005,20906,-6641,-600,500,65428
0,6503040,13006,0,20419,-6167,64936
1,0,15476,99,13007,0,19932
65428,1,0,0,15976,99,13008
32832936,65428,1,0,0,0,16476
3983755790,32832936,-108,0,1,0,0
13010,4014688295,-600,500,-108,0,1
6505540,13011,17985,-3806,-600,500,65428
0,6506040,13012,0,17499,-3334,64936
1,0,18476,99,13013,0,17013
65428,1,0,0,18976,99,13014
32832936,65428,1,0,0,0,19476
4169088680,32832936,-108,0,1,0,0
13016,4199890114,-600,500,-108,0,1
6508540,13017,15067,-981,-600,500,65428
0,6509040,13018,0,14581,-511,64936
1,0,21476,99,13019,0,14096
65428,1,0,0,21976,99,13020
32832936,65428,1,0,0,0,22476
67711813,32832936,-108,0,1,0,0
13022,98251103,-600,500,-108,0,1
6511540,13023,12152,1966,-600,500,65428
0,6512040,13024,0,11667,2432,64936
1,0,24476,99,13025,0,11182
65428,1,0,0,24976,99,13026
32832936,65428,1,0,0,0,25476
251013091,32832936,-108,0,1,0,0
13028,281552382,-600,500,-108,0,1
6514540,13029,9241,4761,-600,500,65428
0,6515040,13030,0,8757,5227,64936
1,0,27476,99,13031,0,8272
65428,1,0,0,27976,99,13032
32832936,65428,1,0,0,0,28476
434052230,32832936,-108,0,1,0,0
13034,464591522,-600,500,-108,0,1
6517540,13035,6333,7554,-600,500,65428
0,6518040,13036,0,5848,8019,64936
1,0,30476,99,13037,0,5363
65428,1,0,0,30976,99,13038
32832936,65428,1,0,0,0,31476
616894762,32832936,-108,0,1,0,0
13040,647368517,-600,500,-108,0,1
6520540,13041,3425,10342,-600,500,65428
0,6521040,13042,0,2940,10807,64936
1,0,-32060,99,13043,0,2454
65428,1,0,0,-31560,99,13044
32832936,65428,1,0,0,0,34476
799409611,32832936,-108,0,1,0,0
13046,829817830,-600,500,-108,0,1
6523540,13047,513,13126,-600,500,65428
0,6524040,13048,0,-44,13589,64936
1,0,-29060,99,13049,0,65008
65428,1,0,0,-28560,99,13050
32832936,65428,1,0,0,0,37476
981531177,32832936,-108,0,1,0,0
13052,1011873861,-600,500,-108,0,1
6526540,13053,-2462,15901,-600,500,65428
0,6527040,13054,0,-2946,16364,64936
1,0,-26060,99,13055,0,62106
65428,1,0,0,-25560,99,13056
32832936,65428,1,0,0,0,40476
1163194063,32832936,-108,0,1,0,0
13058,1193405674,-600,500,-108,0,1
6529540,13059,-5371,18669,-600,500,65428
0,6530040,13060,0,-5857,19130,64936
1,0,-23060,99,13061,0,59194
65428,1,0,0,-22560,99,13062
32832936,65428,1,0,0,0,43476
1344201584,32832936,-108,0,1,0,0
13064,1374347659,-600,500,-108,0,1
6532540,13065,-8282,21429,-600,500,65428
0,6533040,13066,0,-8768,21888,64936
1,0,-20060,99,13067,0,56281
65428,1,0,0,-19560,99,13068
32832936,65428,1,0,0,0,46476
1524619277,32832936,-108,0,1,0,0
13070,1554634278,-600,500,-108,0,1
6535540,13071,-11200,24179,-600,500,65428
0,6536040,13072,0,-11687,24635,64936
1,0,-17060,99,13073,0,53362
65428,1,0,0,-16560,99,13074
32832936,65428,1,0,0,0,49476
1704447143,32832936,-108,0,1,0,0
13076,1734396609,-600,500,-108,0,1
6538540,13077,-14118,26920,-600,500,65428
0,6539040,13078,0,-14605,27376,64936
1,0,-14060,99,13079,0,50444
65428,1,0,0,-13560,99,13080
32832936,65428,1,0,0,0,52476
1883685181,32832936,-108,0,1,0,0
13082,1913503574,-600,500,-108,0,1
6541540,13083,-17041,29651,-600,500,65428
0,6542040,13084,0,-17528,30105,64936
1,0,-11060,99,13085,0,47521
65428,1,0,0,-10560,99,13086
32832936,65428,1,0,0,0,55476
2062333396,32832936,-108,0,1,0,0
13088,2092086254,-600,500,-108,0,1
6544540,13089,-19961,32375,-600,500,65428
0,6545040,13090,0,-20449,-32708,64936
1,0,-8060,99,13091,0,44600
65428,1,0,0,-7560,99,13092
32832936,65428,1,0,0,0,58476
2240391787,32832936,-108,0,1,0,0
13094,2270013572,-600,500,-108,0,1
6547540,13095,-22883,-30446,-600,500,65428
0,6548040,13096,0,-23370,-29994,64936
1,0,-5060,99,13097,0,41679
65428,1,0,0,-4560,99,13098
32832936,65428,1,0,0,0,61476
2418122499,32832936,-108,0,1,0,0
13100,2447678748,-600,500,-108,0,1
6550540,13101,-25803,-27737,-600,500,65428
0,6551040,13102,0,-26290,-27286,64936
1,0,-2060,99,13103,0,38759
65428,1,0,0,-1560,99,13104
32832936,65428,1,0,0,0,64476
2595263384,32832936,-108,0,1,0,0
13106,2624688561,-600,500,-108,0,1
6553540,13107,-28725,-25037,-600,500,65428
0,6554040,13108,0,-29211,-24586,64936
1,0,940,100,13109,0,35838
65428,1,0,0,1440,100,13110
32832936,65428,1,0,0,0,1940
2772076592,32832936,-108,0,1,0,0
13112,2801501769,-600,500,-108,0,1
6556540,13113,-31647,-22341,-600,500,65428
0,6557040,13114,0,-32134,-21893,64936
1,0,3940,100,13115,0,32916
65428,1,0,0,4440,100,13116
32832936,65428,1,0,0,0,4940
2948365510,32832936,-108,0,1,0,0
13118,2977659615,-600,500,-108,0,1
6559540,13119,30968,-19653,-600,500,65428
0,6560040,13120,0,30481,-19206,64936
1,0,6940,100,13121,0,29993
65428,1,0,0,7440,100,13122
32832936,65428,1,0,0,0,7940
3124130139,32832936,-108,0,1,0,0
13124,3153424244,-600,500,-108,0,1
6562540,13125,28047,-16973,-600,500,65428
0,6563040,13126,0,27560,-16525,64936
1,0,9940,100,13127,0,27074
65428,1,0,0,10440,100,13128
32832936,65428,1,0,0,0,10940
3299829237,32832936,-108,0,1,0,0
13130,3329057805,-600,500,-108,0,1
6565540,13131,25126,-14293,-600,500,65428
0,6566040,13132,0,24639,-13848,64936
1,0,12940,100,13133,0,24151
65428,1,0,0,13440,100,13134
32832936,65428,1,0,0,0,13940
3474872968,32832936,-108,0,1,0,0
13136,3503970465,-600,500,-108,0,1
6568540,13137,22202,-11626,-600,500,65428
0,6569040,13138,0,21715,-11182,64936
1,0,15940,100,13139,0,21228
65428,1,0,0,16440,100,13140
32832936,65428,1,0,0,0,16940
3649457950,32832936,-108,0,1,0,0
13142,3678489911,-600,500,-108,0,1
6571540,13143,19280,-8964,-600,500,65428
0,6572040,13144,0,18793,-8523,64936
1,0,18940,100,13145,0,18306
65428,1,0,0,19440,100,13146
32832936,65428,1,0,0,0,19940
3823322035,32832936,-108,0,1,0,0
13148,3852288460,-600,500,-108,0,1
6574540,13149,16357,-6314,-600,500,65428
0,6575040,13150,0,15870,-5874,64936
1,0,21940,100,13151,0,15383
65428,1,0,0,22440,100,13152
32832936,65428,1,0,0,0,22940
3996596298,32832936,-108,0,1,0,0
13154,4025366115,-600,500,-108,0,1
6577540,13155,13436,-3675,-600,500,65428
0,6578040,13156,0,12949,-3237,64936
1,0,24940,100,13157,0,12463
65428,1,0,0,25440,100,13158
32832936,65428,1,0,0,0,25940
4169018595,32832936,-108,0,1,0,0
13160,4197657341,-600,500,-108,0,1
6580540,13161,10519,-1048,-600,500,65428
0,6581040,13162,0,10033,-612,64936
1,0,27940,100,13163,0,9548
65428,1,0,0,28440,100,13164
32832936,65428,1,0,0,0,28940
52961665,32832936,-108,0,1,0,0
13166,81731485,-600,500,-108,0,1
6583540,13167,7609,1686,-600,500,65428
0,6584040,13168,0,7125,2124,64936
1,0,30940,100,13169,0,6642
65428,1,0,0,31440,100,13170
32832936,65428,1,0,0,0,31940
225449516,32832936,-108,0,1,0,0
13172,254153802,-600,500,-108,0,1
6586540,13173,4712,4315,-600,500,65428
0,6587040,13174,0,4230,4752,64936
1,0,-31596,100,13175,0,3748
65428,1,0,0,-31096,100,13176
32832936,65428,1,0,0,0,34940
397282019,32832936,-108,0,1,0,0
13178,425855235,-600,500,-108,0,1
6589540,13179,1827,6934,-600,500,65428
0,6590040,13180,0,1348,7371,64936
1,0,-28596,100,13181,0,869
65428,1,0,0,-28096,100,13182
32832936,65428,1,0,0,0,37940
568786653,32832936,-108,0,1,0,0
13184,597359865,-600,500,-108,0,1
6592540,13185,-1259,9550,-600,500,65428
0,6593040,13186,0,-1742,9985,64936
1,0,-25596,100,13187,0,63311
65428,1,0,0,-25096,100,13188
32832936,65428,1,0,0,0,40940
740029323,32832936,-108,0,1,0,0
13190,768537001,-600,500,-108,0,1
6595540,13191,-4154,12162,-600,500,65428
0,6596040,13192,0,-4636,12598,64936
1,0,-22596,100,13193,0,60419
65428,1,0,0,-22096,100,13194
32832936,65428,1,0,0,0,43940
911337535,32832936,-108,0,1,0,0
13196,939910750,-600,500,-108,0,1
6598540,13197,-7044,14776,-600,500,65428
0,6599040,13198,0,-7525,15213,64936
1,0,-19596,100,13199,0,57529
65428,1,0,0,-19096,100,13200
32832936,65428,1,0,0,0,46940
1082842357,32832936,-108,0,1,0,0
13202,1111415571,-600,500,-108,0,1
6601540,13203,-9936,17393,-600,500,65428
0,6602040,13204,0,-10418,17830,64936
1,0,-16596,100,13205,0,54635
65428,1,0,0,-16096,100,13206
32832936,65428,1,0,0,0,49940
1254412709,32832936,-108,0,1,0,0
13208,1282985921,-600,500,-108,0,1
6604540,13209,-12834,20013,-600,500,65428
0,6605040,13210,0,-13318,20449,64936
1,0,-13596,100,13211,0,51733
65428,1,0,0,-13096,100,13212
32832936,65428,1,0,0,0,52940
1426048588,32832936,-108,0,1,0,0
13214,1454687334,-600,500,-108,0,1
6607540,13215,-15743,22633,-600,500,65428
0,6608040,13216,0,-16230,23069,64936
1,0,-10596,100,13217,0,48820
65428,1,0,0,-10096,100,13218
32832936,65428,1,0,0,0,55940
1597684454,32832936,-108,0,1,0,0
13220,1626257663,-600,500,-108,0,1
6610540,13221,-18665,25250,-600,500,65428
0,6611040,13222,0,-19153,25686,64936
1,0,-7596,100,13223,0,45895
65428,1,0,0,-7096,100,13224
32832936,65428,1,0,0,0,58940
1769058166,32832936,-108,0,1,0,0
13226,1797631374,-600,500,-108,0,1
6613540,13227,-21595,27864,-600,500,65428
0,6614040,13228,0,-22084,28299,64936
1,0,-4596,100,13229,0,42964
65428,1,0,0,-4096,100,13230
32832936,65428,1,0,0,0,61940
1940104194,32832936,-108,0,1,0,0
13232,1968546329,-600,500,-108,0,1
6616540,13233,-24528,30471,-600,500,65428
0,6617040,13234,0,-25016,30906,64936
1,0,-1596,100,13235,0,40031
65428,1,0,0,-1096,100,13236
32832936,65428,1,0,0,0,64940
2110822543,32832936,-108,0,1,0,0
13238,2139264678,-600,500,-108,0,1
6619540,13239,-27458,-32460,-600,500,65428
0,6620040,13240,0,-27946,-32026,64936
1,0,1404,101,13241,0,37102
65428,1,0,0,1904,101,13242
32832936,65428,1,0,0,0,2404
2281344287,32832936,-108,0,1,0,0
13244,2309851960,-600,500,-108,0,1
6622540,13245,-30383,-29857,-600,500,65428
0,6623040,13246,0,-30871,-29424,64936
1,0,4404,101,13247,0,34178
65428,1,0,0,4904,101,13248
32832936,65428,1,0,0,0,5404
2452062644,32832936,-108,0,1,0,0
13250,2480504781,-600,500,-108,0,1
6625540,13251,32230,-27252,-600,500,65428
0,6626040,13252,0,31743,-26818,64936
1,0,7404,101,13253,0,31257
65428,1,0,0,7904,101,13254
32832936,65428,1,0,0,0,8404
2623108683,32832936,-108,0,1,0,0
13256,2651681891,-600,500,-108,0,1
6628540,13257,29308,-24639,-600,500,65428
0,6629040,13258,0,28820,-24203,64936
1,0,10404,101,13259,0,28332
65428,1,0,0,10904,101,13260
32832936,65428,1,0,0,0,11404
2794679002,32832936,-108,0,1,0,0
13262,2823252209,-600,500,-108,0,1
6631540,13263,26376,-22020,-600,500,65428
0,6632040,13264,0,25886,-21583,64936
1,0,13404,101,13265,0,25396
65428,1,0,0,13904,101,13266
32832936,65428,1,0,0,0,14404
2966445919,32832936,-108,0,1,0,0
13268,2995019123,-600,500,-108,0,1
6634540,13269,23432,-19399,-600,500,65428
0,6635040,13270,0,22940,-18962,64936
1,0,16404,101,13271,0,22448
65428,1,0,0,16904,101,13272
32832936,65428,1,0,0,0,17404
3138016215,32832936,-108,0,1,0,0
13274,3166523883,-600,500,-108,0,1
6637540,13275,20478,-16785,-600,500,65428
0,6638040,13276,0,19986,-16352,64936
1,0,19404,101,13277,0,19493
65428,1,0,0,19904,101,13278
32832936,65428,1,0,0,0,20404
3308275790,32832936,-108,0,1,0,0
13280,3336455778,-600,500,-108,0,1
6640540,13281,17528,-14197,-600,500,65428
0,6641040,13282,0,17038,-13769,64936
1,0,22404,101,13283,0,16548
65428,1,0,0,22904,101,13284
32832936,65428,1,0,0,0,23404
3476176085,32832936,-108,0,1,0,0
13286,3503831791,-600,500,-108,0,1
6643540,13287,14602,-11651,-600,500,65428
0,6644040,13288,0,14119,-11233,64936
1,0,25404,101,13289,0,13637
65428,1,0,0,25904,101,13290
32832936,65428,1,0,0,0,26404
3640471943,32832936,-108,0,1,0,0
13292,3667341228,-600,500,-108,0,1
6646540,13293,11730,-9168,-600,500,65428
0,6647040,13294,0,11259,-8761,64936
1,0,28404,101,13295,0,10790
65428,1,0,0,28904,101,13296
32832936,65428,1,0,0,0,29404
3799852676,32832936,-108,0,1,0,0
13298,3825870007,-600,500,-108,0,1
6649540,13299,8941,-6764,-600,500,65428
0,6650040,13300,0,8485,-6371,64936
1,0,31404,101,13301,0,8033
65428,1,0,0,31904,101,13302
32832936,65428,1,0,0,0,32404
3953662945,32832936,-108,0,1,0,0
13304,3978762790,-600,500,-108,0,1
6652540,13305,6254,-4444,-600,500,65428
0,6653040,13306,0,5817,-4066,64936
1,0,-31132,101,13307,0,5382
65428,1,0,0,-30632,101,13308
32832936,65428,1,0,0,0,35404
4102164906,32832936,-108,0,1,0,0
13310,4126478336,-600,500,-108,0,1
6655540,13311,3673,-2203,-600,500,65428
0,6656040,13312,0,3252,-1836,64936
1,0,-28132,101,13313,0,2834
65428,1,0,0,-27632,101,13314
32832936,65428,1,0,0,0,38404
93128660,32832936,-108,0,1,0,0
13316,118556216,-600,500,-108,0,1
6658540,13317,1182,2194,-600,500,65428
0,6659040,13318,0,-1472,2579,64936
1,0,-25132,101,13319,0,63630
65428,1,0,0,-24632,101,13320
32832936,65428,1,0,0,0,41404
244643118,32832936,-108,0,1,0,0
13322,269742975,-600,500,-108,0,1
6661540,13323,-3632,4498,-600,500,65428
0,6662040,13324,0,-4062,4881,64936
1,0,-22132,101,13325,0,61043
65428,1,0,0,-21632,101,13326
32832936,65428,1,0,0,0,44404
395307798,32832936,-108,0,1,0,0
13328,420538726,-600,500,-108,0,1
6664540,13329,-6218,6801,-600,500,65428
0,6665040,13330,0,-6652,7187,64936
1,0,-19132,101,13331,0,58449
65428,1,0,0,-18632,101,13332
32832936,65428,1,0,0,0,47404
547479783,32768396,-107,0,0,0,0
13334,573103934,0,500,-130,0,0
6667558,13335,-8791,9137,0,500,65393
0,6668058,13336,0,-9175,9532,0
0,0,-16114,101,13337,0,55999
65373,0,0,0,-15614,101,13338
32768000,65368,0,0,0,0,50422
703060012,32768247,-167,0,0,0,0
13340,729405187,0,500,-172,0,0
6670558,13341,-10767,11534,0,500,65352
0,6671058,13342,0,-11018,11940,0
0,0,-13114,101,13343,0,54289
65361,0,0,0,-12614,101,13344
32768000,65346,0,0,0,0,53422
863163092,32768000,-196,0,0,0,0
13346,890360417,500,453,-194,0,0
6673558,13347,-11733,14001,0,500,65335
0,6674058,13348,0,-11740,14419,0
0,0,-10114,101,13349,0,53812
65310,0,0,0,-9614,101,13350
32768000,65299,0,0,0,0,56422
1028051612,32768000,-269,0,0,0,0
13352,1056035571,0,500,-275,0,0
6676558,13353,-11423,16541,0,500,65238
0,6677058,13354,0,-11290,16972,0
0,0,-7114,101,13355,0,54401
65213,0,0,0,-6614,101,13356
32768000,65203,0,0,0,0,59422
1197528572,32768000,-341,0,0,0,0
13358,1226102476,0,500,-354,0,0
6679558,13359,-10340,19145,0,500,65182
0,6680058,13360,0,-10133,19584,0
0,0,-4114,101,13361,0,55609
65169,0,0,0,-3614,101,13362
32768272,65172,0,0,0,0,62422
1370348243,32768000,-373,0,0,0,0
13364,1399511967,500,0,-358,0,0
6682558,13365,-9099,21799,0,500,65165
0,6683058,13366,0,-8893,22247,0
0,0,-1114,101,13367,0,56845
65139,0,0,0,-614,101,13368
32768000,65127,0,0,0,0,65422
1545985949,32768000,-426,0,0,0,0
13370,1575411812,0,500,-431,0,0
6685558,13371,-7895,24486,0,500,65071
0,6686058,13372,0,-7698,24935,500
0,0,1886,102,13373,0,58043
65069,0,0,0,2386,102,13374
32768000,65049,0,0,0,0,2886
1722541120,32768000,-501,0,0,0,0
13376,1751966977,0,500,-513,0,0
6688558,13377,-6721,27180,0,500,65009
0,6689058,13378,0,-6531,27630,500
0,0,4886,102,13379,0,59203
64999,0,0,0,5386,102,13380
32768123,65002,0,0,0,0,5886
1899030715,32768000,-548,0,0,0,0
13382,1928522100,168,500,-544,0,0
6691558,13383,-5588,29874,0,500,64987
0,6692058,13384,0,-5405,30323,500
0,0,7886,102,13385,0,60321
64988,0,0,0,8386,102,13386
32768000,64963,0,0,0,0,8886
2075782410,32768000,-578,0,0,0,0
13388,2105339324,0,500,-576,0,0
6694558,13389,-4499,32575,0,500,64927
0,6695058,13390,0,-4324,-32510,0
0,0,10886,102,13391,0,61387
64906,0,0,0,11386,102,13392
32768000,64904,0,0,0,0,11886
2253517091,32768000,-661,0,0,0,0
13394,2283270605,0,500,-684,0,0
6697558,13395,-3465,-30241,500,431,64859
0,6698058,13396,0,-3289,-29784,0
0,0,13886,102,13397,0,62416
64833,0,0,0,14386,102,13398
32768000,64837,0,0,0,0,14886
2433479965,32768000,-719,0,0,0,0
13400,2463757762,500,0,-709,0,0
6700558,13401,2675,-27479,0,500,64822
0,6701058,13402,0,2881,-27014,500
0,0,16886,102,13403,0,3091
64829,0,0,0,17386,102,13404
32768000,64804,0,0,0,0,17886
2616987053,500,-715,0,0,0,0
13406,2648051328,0,500,-732,0,0
6703558,13407,3916,-24654,0,500,64780
0,6704058,13408,0,4120,-24176,0
0,0,19886,102,13409,0,4324
64776,0,0,0,20386,102,13410
32768000,64764,0,0,0,0,20886
2805076603,32768000,-796,0,0,0,0
13412,2836796231,0,500,-805,0,0
6706558,13413,5138,-21766,0,500,64730
0,6707058,13414,0,5342,-21280,0
0,0,22886,102,13415,0,5547
64733,0,0,0,23386,102,13416
32768226,64739,0,0,0,0,23886
2996115268,32768000,-793,0,0,0,0
13418,3028031506,500,0,-769,0,0
6709558,13419,6375,-18845,500,0,64785
0,6710058,13420,0,6598,-18359,500
0,0,25886,102,13421,0,6830
64836,0,0,0,26386,102,13422
500,64855,0,0,0,0,26886
3186760851,500,-643,0,0,0,0
13424,3218087311,0,500,-648,0,0
6712558,13425,7811,-15956,500,0,64905
0,6713058,13426,0,8053,-15483,88
0,0,28886,102,13427,0,8287
64919,0,0,0,29386,102,13428
32768000,64912,0,0,0,0,29886
3371573805,32768000,-627,0,0,0,0
13430,3401261842,0,500,-640,0,0
6715558,13431,9209,-13190,0,500,64893
0,6716058,13432,0,9442,-12750,0
0,0,31886,102,13433,0,9677
64885,0,0,0,32386,102,13434
32768000,64878,0,0,0,0,32886
3543017394,32768000,-654,0,0,0,0
13436,3569821862,500,0,-640,0,0
6718558,13437,10659,-10664,0,500,64895
0,6719058,13438,0,10909,-10271,41
0,0,-30650,102,13439,0,11162
64915,0,0,0,-30150,102,13440
500,64926,0,0,0,0,35886
3695652273,500,-580,0,0,0,0
13442,3719179980,500,0,-559,0,0
6721558,13443,12273,-8436,500,0,64987
0,6722058,13444,0,12575,-8095,500
0,0,-27650,102,13445,0,12886
65020,0,0,0,-27150,102,13446
500,65028,0,0,0,0,38886
3828561113,500,-486,0,0,0,0
13448,3848943141,0,500,-489,0,0
6724558,13449,14182,-6502,500,0,65055
0,6725058,13450,0,14502,-6205,0
0,0,-24650,102,13451,0,14812
65031,0,0,0,-24150,102,13452
23527924,65037,0,0,0,0,41886
3944430666,32768000,-499,0,0,0,0
13454,3962453380,0,500,-503,0,0
6727558,13455,16064,-4804,0,500,65025
0,6728058,13456,0,16383,-4538,500
0,0,-21650,102,13457,0,16710
65018,0,0,0,-21150,102,13458
500,65033,0,0,0,0,44886
250889177,32768000,-507,0,0,0,0
13460,270419237,500,0,-485,0,0
6730558,13461,18040,4422,500,0,65065
0,6731058,13462,0,18388,4718,394
0,0,-18650,102,13463,0,18732
65092,0,0,0,-18150,102,13464
500,65106,0,0,0,0,47886
367479784,32768028,-428,0,0,0,0
13466,387075394,500,0,-418,0,0
6733558,13467,20134,6207,500,0,65137
0,6734058,13468,0,20496,6511,500
0,0,-15650,102,13469,0,20863
65158,0,0,0,-15150,102,13470
32768165,65160,0,0,0,0,50886
488068163,32768432,-373,0,0,0,0
13472,509171110,371,500,-370,0,0
6736558,13473,22283,8097,500,0,65173
0,6737058,13474,0,22643,8432,0
0,0,-12650,102,13475,0,23001
65172,0,0,0,-12150,102,13476
32768361,65175,0,0,0,0,53886
621436074,32768000,-374,0,0,0,0
13478,645488144,470,500,-371,0,0
6739558,13479,24441,10226,0,500,65164
0,6740058,13480,0,24800,10612,500
0,0,-9650,102,13481,0,25164
65168,0,0,0,-9150,102,13482
500,65179,0,0,0,0,56886
775382302,7733748,-351,0,0,0,0
13484,803432075,500,0,-345,0,0
6742558,13485,26619,12697,500,0,65206
0,6743058,13486,0,26989,13147,500
0,0,-6650,102,13487,0,27360
65214,0,0,0,-6150,102,13488
500,65222,0,0,0,0,59886
954035656,500,-303,0,0,0,0
13490,986148668,500,0,-289,0,0
6745558,13491,28850,15545,500,0,65268
0,6746058,13492,0,29224,16052,0
0,0,-3650,102,13493,0,29587
65279,0,0,0,-3150,102,13494
32768461,65281,0,0,0,0,62886
1154578031,32768094,-254,0,0,0,0
13496,1189509083,500,0,-248,0,0
6748558,13497,31049,18688,0,500,65285
0,6749058,13498,0,31414,19228,500
0,0,-650,102,13499,0,31782
65310,0,0,0,-150,102,13500
32768016,65309,0,0,0,0,350
1367310082,32768000,-236,0,0,0,0
13502,1403158640,500,407,-233,0,0
6751558,13503,-32286,21957,0,500,65297
0,6752058,13504,0,-31918,22503,0
0,0,2350,103,13505,0,33986
65307,0,0,0,2850,103,13506
32768000,65302,0,0,0,0,3350
1581746088,500,-214,0,0,0,0
13508,1617201439,0,500,-235,0,0
6754558,13509,-30060,25215,500,0,65306
0,6755058,13510,0,-29684,25752,500
0,0,5350,103,13511,0,36230
65339,0,0,0,5850,103,13512
500,65345,0,0,0,0,6350
1792577665,32768000,-196,0,0,0,0
13514,1827312128,500,0,-184,0,0
6757558,13515,-27775,28410,500,0,65359
0,6758058,13516,0,-27388,28938,500
0,0,8350,103,13517,0,38537
65371,0,0,0,8850,103,13518
500,65391,0,0,0,0,9350
1999673756,32768024,-146,0,0,0,0
13520,2033949481,500,270,-143,0,0
6760558,13521,-25416,31557,500,0,65412
0,6761058,13522,0,-25014,32080,135
0,0,11350,103,13523,0,40925
65411,0,0,0,11850,103,13524
32768044,65410,0,0,0,0,12350
2205131530,500,-100,0,0,0,0
13526,2239407269,0,500,-115,0,0
6763558,13527,-22976,-30842,500,0,65425
0,6764058,13528,0,-22562,-30317,0
0,0,14350,103,13529,0,43389
65418,0,0,0,14850,103,13530
32768235,65418,0,0,0,0,15350
2412031166,500,-99,0,0,0,0
13532,2446896738,0,500,-110,0,0
6766558,13533,-20475,-27664,500,0,65431
0,6767058,13534,0,-20052,-27127,500
0,0,17350,103,13535,0,45906
65435,0,0,0,17850,103,13536
500,65451,0,0,0,0,18350
2624173726,32768041,-87,0,0,0,0
13538,2660218946,500,0,-78,0,0
6769558,13539,-17947,-24392,304,500,65458
0,6770058,13540,0,-17530,-23836,500
0,0,20350,103,13541,0,48421
65467,0,0,0,20850,103,13542
500,65480,0,0,0,0,21350
2843459675,500,-48,0,0,0,0
13544,2880684528,500,319,-46,0,0
6772558,13545,-15487,-21011,500,0,65500
0,6773058,13546,0,-15090,-20441,500
0,0,23350,103,13547,0,50835
65517,0,0,0,23850,103,13548
500,65521,0,0,0,0,24350
3067529612,500,-13,0,0,0,0
13550,3104623358,0,500,-16,0,0
6775558,13551,-13209,-17602,500,0,65527
0,6776058,13552,0,-12857,-17044,500
0,0,26350,103,13553,0,53022
6,0,0,0,26850,103,13554
32768000,65525,0,0,0,0,27350
3284586928,500,-6,0,0,0,0
13556,3318797035,0,500,-9,0,0
6778558,13557,-11238,-14387,500,0,5
0,6779058,13558,0,-10945,-13891,0
0,0,29350,103,13559,0,54874
65528,0,0,0,29850,103,13560
500,9,0,0,0,0,30350
3476084848,32768000,-6,0,0,0,0
13562,3504331116,500,0,-1,0,0
6781558,13563,-9635,-11652,500,0,15
0,6782058,13564,0,-9403,-11257,0
0,0,32350,103,13565,0,56356
10,0,0,0,-32686,103,13566
500,26,0,0,0,0,33350
3627736516,32768000,21,0,0,0,0
13568,3648904839,500,0,40,0,0
6784558,13569,-8382,-9553,500,0,44
0,6785058,13570,0,-8203,-9263,500
0,0,-30186,103,13571,0,57504
53,0,0,0,-29686,103,13572
32768332,52,0,0,0,0,36350
3738886627,500,66,0,0,0,0
13574,3754025594,335,500,64,0,0
6787558,13575,-7412,-8036,500,0,78
0,6788058,13576,0,-7272,-7829,489
0,0,-27186,103,13577,0,58399
77,0,0,0,-26686,103,13578
500,103,0,0,0,0,39350
3818775840,32768000,91,0,0,0,0
13580,3829982619,500,0,115,0,0
6790558,13581,-6638,-6932,0,500,105
0,6791058,13582,0,-6521,-6774,500
0,0,-24186,103,13583,0,59130
122,0,0,0,-23686,103,13584
32768000,111,0,0,0,0,42350
3880524078,32768037,108,0,0,0,0
13586,425007553,500,0,116,0,0
6793558,13587,6739,6664,0,500,107
0,6794058,13588,0,6885,6844,500
0,0,-21186,103,13589,0,7032
110,0,0,0,-20686,103,13590
500,118,0,0,0,0,45350
484514977,500,119,0,0,0,0
13592,496966969,92,500,116,0,0
6796558,13593,7636,7779,500,0,122
0,6797058,13594,0,7794,7980,0
0,0,-18186,103,13595,0,7956
133,0,0,0,-17686,103,13596
500,139,0,0,0,0,48350
565846118,32768000,130,0,0,0,0
13598,581378327,500,0,143,0,0
6799558,13599,8654,9121,500,482,141
0,6800058,13600,0,8845,9384,500
0,0,-15186,103,13601,0,9042
149,0,0,0,-14686,103,13602
500,158,0,0,0,0,51350
672605432,32768414,156,0,0,0,0
13604,693970393,500,0,170,0,0
6802558,13605,9924,10933,0,500,159
0,6803058,13606,0,10169,11296,500
0,0,-12186,103,13607,0,10426
187,0,0,0,-11686,103,13608
32768000,182,0,0,0,0,54350
819342047,500,199,0,0,0,0
13610,848309252,500,359,198,0,0
6805558,13611,11574,13405,500,0,211
0,6806058,13612,0,11895,13885,500
0,0,-9186,103,13613,0,12228
224,0,0,0,-8686,103,13614
32768327,220,0,0,0,0,57350
1011233416,27263476,219,0,0,0,0
13616,1046950910,500,0,232,0,0
6808558,13617,13698,16533,0,500,221
0,6809058,13618,0,14098,17102,500
0,0,-6186,103,13619,0,14510
232,0,0,0,-5686,103,13620
500,233,0,0,0,0,60350
1235631113,32768000,224,0,0,0,0
13622,1274494407,500,0,232,0,0
6811558,13623,16270,20043,500,0,236
0,6812058,13624,0,16733,20640,500
0,0,-3186,103,13625,0,17203
238,0,0,0,-2686,103,13626
32768000,231,0,0,0,0,63350
1469728498,500,237,0,0,0,0
13628,1508526296,500,0,241,0,0
6814558,13629,19139,23606,0,500,228
0,6815058,13630,0,19631,24190,500
0,0,-186,103,13631,0,20125
235,0,0,0,314,104,13632
500,240,0,0,0,0,814
1699041916,24445428,238,0,0,0,0
13634,1736463468,500,0,240,0,0
6817558,13635,22107,27064,500,0,258
0,6818058,13636,0,22601,27629,500
0,0,2814,104,13637,0,23095
269,0,0,0,3314,104,13638
32768000,257,0,0,0,0,3814
1920753163,500,268,0,0,0,0
13640,1957060594,500,0,278,0,0
6820558,13641,25047,30415,500,0,285
0,6821058,13642,0,25530,30967,500
0,0,5814,104,13643,0,26011
296,0,0,0,6314,104,13644
500,297,0,0,0,0,6814
2137680215,32768350,293,0,0,0,0
13646,2173791026,500,0,305,0,0
6823558,13647,27915,-31817,500,0,310
0,6824058,13648,0,28387,-31266,500
0,0,8814,104,13649,0,28857
311,0,0,0,9314,104,13650
500,326,0,0,0,0,9814
2354869346,500,327,0,0,0,0
13652,2391438901,500,0,343,0,0
6826558,13653,30728,-28485,500,136,342
0,6827058,13654,0,31193,-27922,500
0,0,11814,104,13655,0,31659
359,0,0,0,12314,104,13656
32768039,353,0,0,0,0,12814
2577170254,32768000,346,0,0,0,0
13658,2615050527,500,0,355,0,0
6829558,13659,-32015,-25052,500,0,360
0,6830058,13660,0,-31548,-24466,500
0,0,14814,104,13661,0,34455
363,0,0,0,15314,104,13662
32768000,351,0,0,0,0,15814
2808449602,500,364,0,0,0,0
13664,2847902745,0,500,354,0,0
6832558,13665,-29198,-21476,500,192,352
0,6833058,13666,0,-28723,-20869,500
0,0,17814,104,13667,0,37291
365,0,0,0,18314,104,13668
32768000,354,0,0,0,0,18814
3047134575,500,363,0,0,0,0
13670,3086849877,0,500,356,0,0
6835558,13671,-26306,-17833,500,315,354
0,6836058,13672,0,-25814,-17239,0
0,0,20814,104,13673,0,40217
356,0,0,0,21314,104,13674
500,357,0,0,0,0,21814
3278086402,32768000,347,0,0,0,0
13676,3313804027,500,0,366,0,0
6838558,13677,-23304,-14446,0,500,359
0,6839058,13678,0,-22791,-13939,500
0,0,23814,104,13679,0,43261
370,0,0,0,24314,104,13680
500,373,0,0,0,0,24814
3472076044,500,374,0,0,0,0
13682,3499011863,500,0,389,0,0
6841558,13683,-20187,-11761,500,0,397
0,6842058,13684,0,-19662,-11402,500
0,0,26814,104,13685,0,46400
405,0,0,0,27314,104,13686
31785460,401,0,0,0,0,27814
3608459607,500,414,0,0,0,0
13688,3625565021,0,500,406,0,0
6844558,13689,-17059,-9977,500,0,435
0,6845058,13690,0,-16553,-9760,0
0,0,29814,104,13691,0,49480
433,0,0,0,30314,104,13692
32768000,420,0,0,0,0,30814
3690644745,500,444,0,0,0,0
13694,3700213462,500,167,441,0,0
6847558,13695,-14188,-8944,500,0,448
0,6848058,13696,0,-13758,-8826,500
0,0,-32722,104,13697,0,52191
462,0,0,0,-32222,104,13698
500,477,0,0,0,0,33814
3735670497,32768000,460,0,0,0,0
13700,3740848195,500,0,468,0,0
6850558,13701,-11885,-8383,500,107,465
0,6851058,13702,0,-11570,-8316,500
0,0,-29722,104,13703,0,54261
487,0,0,0,-29222,104,13704
32768357,482,0,0,0,0,36814
537515529,32768168,475,0,0,0,0
13706,542955253,500,0,490,0,0
6853558,13707,-10288,8368,409,500,485
0,6854058,13708,0,-10087,8454,500
0,0,-26722,104,13709,0,55633
482,0,0,0,-26222,104,13710
500,483,0,0,0,0,39814
572250772,11469300,479,0,0,0,0
13712,579001120,500,0,478,0,0
6856558,13713,-9313,8946,500,0,478
0,6857058,13714,0,-9197,9067,478
0,0,-23722,104,13715,0,56442
466,0,0,0,-23222,104,13716
500,477,0,0,0,0,42814
622517548,22282740,473,0,0,0,0
13718,633789816,500,0,472,0,0
6859558,13719,-8771,9859,500,0,480
0,6860058,13720,0,-8710,10066,500
0,0,-20722,104,13721,0,56882
468,0,0,0,-20222,104,13722
500,471,0,0,0,0,45814
708566676,500,481,0,0,0,0
13724,727834302,500,0,485,0,0
6862558,13725,-8473,11425,500,245,481
0,6863058,13726,0,8435,11771,500
0,0,-17722,104,13727,0,8497
491,0,0,0,-17222,104,13728
32768000,483,0,0,0,0,48814
850076077,500,484,0,0,0,0
13730,879829485,500,0,497,0,0
6865558,13731,8751,13905,500,0,515
0,6866058,13732,0,8820,14409,500
0,0,-14722,104,13733,0,8893
524,0,0,0,-14222,104,13734
32768000,515,0,0,0,0,51814
1051861855,500,529,0,0,0,0
13736,1089938361,0,500,514,0,0
6868558,13737,9243,17226,500,0,534
0,6869058,13738,0,9350,17830,500
0,0,-11722,104,13739,0,9466
563,0,0,0,-11222,104,13740
500,563,0,0,0,0,54814
1289823749,32768000,546,0,0,0,0
13742,1330521757,500,0,558,0,0
6871558,13743,10051,20923,500,0,568
0,6872058,13744,0,10233,21543,500
0,0,-8722,104,13745,0,10432
584,0,0,0,-8222,104,13746
500,584,0,0,0,0,57814
1532242563,32768000,571,0,0,0,0
13748,1571826561,500,0,594,0,0
6874558,13749,11413,24583,500,74,590
0,6875058,13750,0,11710,25178,500
0,0,-5722,104,13751,0,12029
598,0,0,0,-5222,104,13752
500,598,0,0,0,0,60814
1765290432,500,615,0,0,0,0
13754,1803170626,0,500,593,0,0
6877558,13755,13531,28089,500,0,602
0,6878058,13756,0,13961,28659,500
0,0,-2722,104,13757,0,14412
606,0,0,0,-2222,104,13758
500,617,0,0,0,0,63814
1989426184,32768363,610,0,0,0,0
13760,2026126846,500,0,615,0,0
6880558,13761,16386,31477,500,0,614
0,6881058,13762,0,16913,32037,500
0,0,278,105,13763,0,17451
604,0,0,0,778,105,13764
500,603,0,0,0,0,1278
2209433716,32768000,582,0,0,0,0
13766,2246134431,500,0,588,0,0
6883558,13767,19661,-30702,500,0,593
0,6884058,13768,0,20220,-30140,500
0,0,3278,105,13769,0,20778
601,0,0,0,3778,105,13770
20382196,596,0,0,0,0,4278
2431210883,500,596,0,0,0,0
13772,2468763564,0,500,578,0,0
6886558,13773,22993,-27290,500,0,594
0,6887058,13774,0,23539,-26710,0
0,0,6278,105,13775,0,24082
594,0,0,0,6778,105,13776
500,593,0,0,0,0,7278
2660196932,500,593,0,0,0,0
13778,2699387992,500,0,604,0,0
6889558,13779,26216,-23745,500,250,599
0,6890058,13780,0,26741,-23136,500
0,0,9278,105,13781,0,27263
607,0,0,0,9778,105,13782
8978932,603,0,0,0,0,10278
2900061834,500,628,0,0,0,0
13784,2940956813,137,500,620,0,0
6892558,13785,29325,-20035,500,0,623
0,6893058,13786,0,29835,-19408,500
0,0,12278,105,13787,0,30344
636,0,0,0,12778,105,13788
500,652,0,0,0,0,13278
3145235071,32768000,639,0,0,0,0
13790,3184950392,500,0,666,0,0
6895558,13791,32371,-16342,0,500,654
0,6896058,13792,0,-32660,-15761,500
0,0,15278,105,13793,0,33382
689,0,0,0,15778,105,13794
32768000,660,0,0,0,0,16278
3368322652,500,690,0,0,0,0
13796,3400435801,0,500,678,0,0
6898558,13797,-30122,-13189,500,0,698
0,6899058,13798,0,-29610,-12757,0
0,0,18278,105,13799,0,36440
696,0,0,0,18778,105,13800
500,692,0,0,0,0,19278
3531575906,500,709,0,0,0,0
13802,3551695980,500,0,707,0,0
6901558,13803,-27016,-11064,500,0,710
0,6902058,13804,0,-26488,-10816,500
0,0,21278,105,13805,0,39580
728,0,0,0,21778,105,13806
32768167,719,0,0,0,0,22278
3624574672,500,728,0,0,0,0
13808,3634340080,500,0,737,0,0
6904558,13809,-23787,-9954,500,42,732
0,6905058,13810,0,-23234,-9845,500
0,0,24278,105,13811,0,42860
732,0,0,0,24778,105,13812
500,739,0,0,0,0,25278
3664817107,32768324,731,0,0,0,0
13814,3667963403,500,353,724,0,0
6907558,13815,-20411,-9530,500,0,727
0,6908058,13816,0,-19838,-9502,500
0,0,27278,105,13817,0,46270
735,0,0,0,27778,105,13818
500,741,0,0,0,0,28278
3674978611,500,748,0,0,0,0
13820,3675175783,0,500,738,0,0
6910558,13821,-17004,-9458,182,500,729
0,6911058,13822,0,-16458,9461,109
0,0,30278,105,13823,0,49613
715,0,0,0,30778,105,13824
32768141,706,0,0,0,0,31278
623363531,500,716,0,0,0,0
13826,624740270,500,0,715,0,0
6913558,13827,-13957,9557,500,0,717
0,6914058,13828,0,-13519,9587,500
0,0,-32258,105,13829,0,52429
714,0,0,0,-31758,105,13830
32768000,696,0,0,0,0,34278
637390775,500,701,0,0,0,0
13832,641716484,500,0,709,0,0
6916558,13833,-11723,9871,500,184,703
0,6917058,13834,0,-11445,9964,500
0,0,-29258,105,13835,0,54343
713,0,0,0,-28758,105,13836
10355188,708,0,0,0,0,37278
678286838,14352884,702,0,0,0,0
13838,689428139,500,0,698,0,0
6919558,13839,-10422,10712,500,0,707
0,6920058,13840,0,-10284,10930,340
0,0,-26258,105,13841,0,55372
711,0,0,0,-25758,105,13842
500,712,0,0,0,0,40278
770365705,32768099,703,0,0,0,0
13844,792320336,500,0,715,0,0
6922558,13845,-9845,12457,0,500,702
0,6923058,13846,0,-9800,12857,500
0,0,-23258,105,13847,0,55771
712,0,0,0,-22758,105,13848
500,708,0,0,0,0,43278
933485061,19661300,702,0,0,0,0
13850,967563790,500,0,698,0,0
6925558,13851,-9712,15308,500,0,695
0,6926058,13852,0,-9715,15876,500
0,0,-20258,105,13853,0,55814
684,0,0,0,-19758,105,13854
500,695,0,0,0,0,46278
1158404589,32768429,688,0,0,0,0
13856,1199056416,0,500,678,0,0
6928558,13857,9761,18923,500,0,692
0,6929058,13858,0,9762,19553,0
0,0,-17258,105,13859,0,9764
665,0,0,0,-16758,105,13860
500,679,0,0,0,0,49278
1405101617,32768000,666,0,0,0,0
13862,1445930557,0,500,649,0,0
6931558,13863,9806,22681,500,0,657
0,6932058,13864,0,9830,23295,500
0,0,-14258,105,13865,0,9861
650,0,0,0,-13758,105,13866
32768000,635,0,0,0,0,52278
1645225695,500,645,0,0,0,0
13868,1684088604,0,500,631,0,0
6934558,13869,10085,26284,71,500,622
0,6935058,13870,0,10173,26868,500
0,0,-11258,105,13871,0,10275
616,0,0,0,-10758,105,13872
32768000,599,0,0,0,0,55278
1873881381,500,602,0,0,0,0
13874,1911237059,0,500,589,0,0
6937558,13875,10870,29729,500,0,603
0,6938058,13876,0,11073,30292,0
0,0,-8258,105,13877,0,11300
583,0,0,0,-7758,105,13878
500,580,0,0,0,0,58278
2095525431,5112308,576,0,0,0,0
13880,2132094827,500,0,573,0,0
6940558,13881,12474,-32443,500,46,570
0,6941058,13882,0,12839,-31883,500
0,0,-5258,105,13883,0,13232
562,0,0,0,-4758,105,13884
32768000,550,0,0,0,0,61278
2315859733,500,552,0,0,0,0
13886,2352756974,500,0,560,0,0
6943558,13887,15071,-29071,0,500,540
0,6944058,13888,0,15588,-28501,500
0,0,-2258,105,13889,0,16122
538,0,0,0,-1758,105,13890
500,542,0,0,0,0,64278
2540192596,500,548,0,0,0,0
13892,2578466193,0,500,537,0,0
6946558,13893,18389,-25603,500,131,534
0,6947058,13894,0,18973,-25011,500
0,0,742,106,13895,0,19560
527,0,0,0,1242,106,13896
500,536,0,0,0,0,1742
2774487293,500,534,0,0,0,0
13898,2814726981,500,0,532,0,0
6949558,13899,21898,-21968,500,0,533
0,6950058,13900,0,22476,-21343,500
0,0,3742,106,13901,0,23049
528,0,0,0,4242,106,13902
500,533,0,0,0,0,4742
3020054135,500,543,0,0,0,0
13904,3061407910,500,0,553,0,0
6952558,13905,25298,-18195,459,500,547
0,6953058,13906,0,25849,-17573,248
0,0,6742,106,13907,0,26396
540,0,0,0,7242,106,13908
3342836,537,0,0,0,0,7742
3261164375,500,542,0,0,0,0
13910,3298061679,0,500,522,0,0
6955558,13911,28548,-14671,500,0,534
0,6956058,13912,0,29079,-14157,500
0,0,9742,106,13913,0,29608
527,0,0,0,10242,106,13914
500,541,0,0,0,0,10742
3455809476,32768217,534,0,0,0,0
13916,3480910287,0,500,514,0,0
6958558,13917,31707,-12073,500,0,528
0,6959058,13918,0,32229,-11760,500
0,0,12742,106,13919,0,32750
515,0,0,0,13242,106,13920
500,515,0,0,0,0,13742
3572990980,500,517,0,0,0,0
13922,3585181199,132,500,511,0,0
6961558,13923,-30693,-10672,500,0,511
0,6962058,13924,0,-30168,-10538,0
0,0,15742,106,13925,0,35896
502,0,0,0,16242,106,13926
500,505,0,0,0,0,16742
3621883996,32768000,495,0,0,0,0
13928,3625226867,312,500,490,0,0
6964558,13929,-27508,-10185,500,0,497
0,6965058,13930,0,-26968,-10165,500
0,0,18742,106,13931,0,39113
474,0,0,0,19242,106,13932
32768107,467,0,0,0,0,19742
3628309781,500,470,0,0,0,0
13934,3626934083,26,500,463,0,0
6967558,13935,-24203,-10222,500,325,459
0,6968058,13936,0,-23636,-10256,500
0,0,21742,106,13937,0,42472
448,0,0,0,22242,106,13938
32768000,437,0,0,0,0,22742
3614878318,500,443,0,0,0,0
13940,678669495,500,443,439,0,0
6970558,13941,-20731,10325,0,500,428
0,6971058,13942,0,-20140,10296,500
0,0,24742,106,13943,0,45989
414,0,0,0,25242,106,13944
500,419,0,0,0,0,25742
670677062,500,419,0,0,0,0
13946,670022289,0,500,410,0,0
6973558,13947,-17196,10222,477,500,406
0,6974058,13948,0,-16626,10230,0
0,0,27742,106,13949,0,49467
394,0,0,0,28242,106,13950
500,403,0,0,0,0,28742
676775264,32768000,384,0,0,0,0
13952,680838995,500,321,381,0,0
6976558,13953,-14035,10468,500,0,382
0,6977058,13954,0,-13590,10568,500
0,0,30742,106,13955,0,52363
384,0,0,0,31242,106,13956
32768000,374,0,0,0,0,31742
721473390,20120052,371,0,0,0,0
13958,734580912,68,500,366,0,0
6979558,13959,-11821,11438,500,361,363
0,6980058,13960,0,-11561,11700,500
0,0,-31794,106,13961,0,54205
368,0,0,0,-31294,106,13962
32768110,363,0,0,0,0,34742
831640885,500,367,0,0,0,0
13964,857855435,420,500,363,0,0
6982558,13965,-10679,13523,500,298,360
0,6983058,13966,0,-10576,13991,500
0,0,-28794,106,13967,0,55044
351,0,0,0,-28294,106,13968
500,358,0,0,0,0,37742
1020712821,8847860,357,0,0,0,0
13970,1058461590,0,500,345,0,0
6985558,13971,-10327,16744,500,0,354
0,6986058,13972,0,-10320,17352,500
0,0,-25794,106,13973,0,55211
355,0,0,0,-25294,106,13974
500,357,0,0,0,0,40742
1260115845,500,362,0,0,0,0
13976,1301469031,500,0,367,0,0
6988558,13977,-10430,20487,0,500,348
0,6989058,13978,0,-10472,21115,500
0,0,-22794,106,13979,0,55018
366,0,0,0,-22294,106,13980
32768000,356,0,0,0,0,43742
1505547909,2163188,355,0,0,0,0
13982,1545415047,500,0,361,0,0
6991558,13983,10591,24184,500,0,360
0,6992058,13984,0,10551,24781,500
0,0,-19794,106,13985,0,10513
379,0,0,0,-19294,106,13986
32768000,353,0,0,0,0,46742
1739466959,32768000,343,0,0,0,0
13988,1777281205,500,0,354,0,0
6994558,13989,10401,27693,0,500,346
0,6995058,13990,0,10388,28265,500
0,0,-16794,106,13991,0,10385
343,0,0,0,-16294,106,13992
500,345,0,0,0,0,49742
1963141288,32768000,335,0,0,0,0
13994,1999907014,500,0,337,0,0
6997558,13995,10483,31073,500,410,334
0,6998058,13996,0,10543,31628,500
0,0,-13794,106,13997,0,10621
325,0,0,0,-13294,106,13998
500,328,0,0,0,0,52742
2182031956,500,327,0,0,0,0
14000,2218339042,0,500,310,0,0
7000558,14001,11144,-31130,500,89,309
0,7001058,14002,0,11336,-30572,500
0,0,-10794,106,14003,0,11557
301,0,0,0,-10294,106,14004
32768276,297,0,0,0,0,55742
2401578809,32768000,290,0,0,0,0
14006,2438738035,0,500,283,0,0
7003558,14007,12749,-27756,500,0,291
0,7004058,14008,0,13128,-27185,0
0,0,-7794,106,14009,0,13539
276,0,0,0,-7294,106,14010
500,277,0,0,0,0,58742
2627549300,32768000,270,0,0,0,0
14012,2666216038,0,500,262,0,0
7006558,14013,15472,-24256,73,500,257
0,7007058,14014,0,16015,-23656,0
0,0,-4794,106,14015,0,16576
242,0,0,0,-4294,106,14016
32768000,237,0,0,0,0,61742
2864989513,32768200,233,0,0,0,0
14018,2905753498,500,0,239,0,0
7009558,14019,18928,-20572,63,500,234
0,7010058,14020,0,19527,-19943,500
0,0,-1794,106,14021,0,20127
224,0,0,0,-1294,106,14022
24838644,222,0,0,0,0,64742
3111539528,18416116,221,0,0,0,0
14024,3152237975,0,500,210,0,0
7012558,14025,22498,-16827,329,500,207
0,7013058,14026,0,23081,-16231,500
0,0,1206,107,14027,0,23657
199,0,0,0,1706,107,14028
5112308,199,0,0,0,0,2206
3340263644,32768000,192,0,0,0,0
14030,3373097742,500,0,200,0,0
7015558,14031,25916,-13599,0,500,187
0,7016058,14032,0,26470,-13165,500
0,0,4206,107,14033,0,27018
184,0,0,0,4706,107,14034
500,199,0,0,0,0,5206
3503123914,32768000,190,0,0,0,0
14036,3521998821,327,500,187,0,0
7018558,14037,29181,-11544,0,500,181
0,7019058,14038,0,29715,-11326,500
0,0,7206,107,14039,0,30248
184,0,0,0,7706,107,14040
32768305,181,0,0,0,0,8206
3583605323,32768000,171,0,0,0,0
14042,3590356060,500,0,180,0,0
7021558,14043,32365,-10673,500,0,186
0,7022058,14044,0,-32644,-10615,0
0,0,10206,107,14045,0,33419
185,0,0,0,10706,107,14046
24773108,184,0,0,0,0,11206
3603465900,31785460,182,0,0,0,0
14048,3602811070,253,500,179,0,0
7024558,14049,-29998,-10583,500,0,180
0,7025058,14050,0,-29464,-10616,0
0,0,13206,107,14051,0,36608
182,0,0,0,13706,107,14052
500,184,0,0,0,0,14206
3589575479,32768349,182,0,0,0,0
14054,3585512791,500,0,185,0,0
7027558,14055,-26757,-10893,500,0,192
0,7028058,14056,0,-26205,-10962,0
0,0,16206,107,14057,0,39887
182,0,0,0,16706,107,14058
500,188,0,0,0,0,17206
717135924,32768000,175,0,0,0,0
14060,713204334,500,0,183,0,0
7030558,14061,-23379,10825,500,0,190
0,7031058,14062,0,-22798,10771,0
0,0,19206,107,14063,0,43324
171,0,0,0,19706,107,14064
459252,172,0,0,0,0,20206
697740766,15925748,172,0,0,0,0
14066,696102965,500,0,173,0,0
7033558,14067,-19825,10606,0,500,165
0,7034058,14068,0,-19222,10604,0
0,0,22206,107,14069,0,46916
161,0,0,0,22706,107,14070
8651252,162,0,0,0,0,23206
700496876,32768000,150,0,0,0,0
14072,704691763,500,316,150,0,0
7036558,14073,-16273,10838,0,500,143
0,7037058,14074,0,-15717,10948,500
0,0,25206,107,14075,0,50354
142,0,0,0,25706,107,14076
524788,143,0,0,0,0,26206
749848725,32768000,131,0,0,0,0
14078,764660317,402,500,129,0,0
7039558,14079,-13308,11928,500,129,129
0,7040058,14080,0,-12919,12224,0
0,0,28206,107,14081,0,52972
119,0,0,0,28706,107,14082
12976628,120,0,0,0,0,29206
873779530,32768000,109,0,0,0,0
14084,902877767,500,-600,109,0,1
7042540,14085,-11485,14253,500,-600,109
0,7043040,14086,0,-11296,14760,500
1,0,31188,107,14087,0,54400
109,1,0,0,31688,107,14088
4255646196,109,1,0,0,0,32188
1077138801,4255646196,109,0,1,0,0
14090,1116067270,500,-600,109,0,1
7045540,14091,-10746,17637,500,-600,109
0,7046040,14092,0,-10702,18251,500
1,0,-31348,107,14093,0,54860
109,1,0,0,-30848,107,14094
4255646196,109,1,0,0,0,35188
1318049364,4255646196,109,0,1,0,0
14096,1358419523,500,-600,109,0,1
7048540,14097,-10712,21339,500,-600,109
0,7049040,14098,0,-10749,21947,500
1,0,-28348,107,14099,0,54741
109,1,0,0,-27848,107,14100
4255646196,109,1,0,0,0,38188
1555551588,4255646196,109,0,1,0,0
14102,1593824548,500,-600,109,0,1
7051540,14103,-11041,24895,500,-600,109
0,7052040,14104,0,-11112,25466,500
1,0,-25348,107,14105,0,54350
109,1,0,0,-24848,107,14106
4255646196,109,1,0,0,0,41188
1779248043,4255646196,109,0,1,0,0
14108,1815358311,500,-600,109,0,1
7054540,14109,11045,28248,500,-600,109
0,7055040,14110,0,10981,28791,500
1,0,-22348,107,14111,0,10921
109,1,0,0,-21848,107,14112
4255646196,109,1,0,0,0,44188
1992436289,4255646196,109,0,1,0,0
14114,2027301398,500,-600,109,0,1
7057540,14115,10740,31464,500,-600,109
0,7058040,14116,0,10715,31993,500
1,0,-19348,107,14117,0,10700
109,1,0,0,-18848,107,14118
4255646196,109,1,0,0,0,47188
2200250836,4255646196,109,0,1,0,0
14120,2234657262,500,-600,109,0,1
7060540,14121,10776,-30911,500,-600,109
0,7061040,14122,0,10836,-30386,500
1,0,-16348,107,14123,0,10916
109,1,0,0,-15848,107,14124
4255646196,109,1,0,0,0,50188
2407410566,4255646196,109,0,1,0,0
14126,2442210331,500,-600,109,0,1
7063540,14127,11468,-27738,500,-600,109
0,7064040,14128,0,11673,-27202,500
1,0,-13348,107,14129,0,11908
109,1,0,0,-12848,107,14130
4255646196,109,1,0,0,0,53188
2618699960,4255646196,109,0,1,0,0
14132,2654679555,500,-600,109,0,1
7066540,14133,13166,-24477,500,-600,109
0,7067040,14134,0,13560,-23921,500
1,0,-10348,107,14135,0,13985
109,1,0,0,-9848,107,14136
4255646196,109,1,0,0,0,56188
2838116936,4255646196,109,0,1,0,0
14138,2875604032,500,-600,109,0,1
7069540,14139,15949,-21082,500,-600,109
0,7070040,14140,0,16490,-20504,500
1,0,-7348,107,14141,0,17045
109,1,0,0,-6848,107,14142
4255646196,109,1,0,0,0,59188
3065267974,4255646196,109,0,1,0,0
14144,3103017287,500,-600,109,0,1
7072540,14145,19337,-17619,500,-600,109
0,7073040,14146,0,19915,-17057,500
1,0,-4348,107,14147,0,20491
109,1,0,0,-3848,107,14148
4255646196,109,1,0,0,0,62188
3282195584,4255646196,109,0,1,0,0
14150,3314767541,500,-600,109,0,1
7075540,14151,22757,-14483,500,-600,109
0,7076040,14152,0,23311,-14035,500
1,0,-1348,107,14153,0,23861
109,1,0,0,-848,107,14154
4255646196,109,1,0,0,0,65188
3451609455,4255646196,109,0,1,0,0
14156,3472974724,500,-600,109,0,1
7078540,14157,26006,-12247,500,-600,109
0,7079040,14158,0,26531,-11982,500
1,0,1652,108,14159,0,27052
109,1,0,0,2152,108,14160
4255646196,109,1,0,0,0,2652
3550440883,4255646196,109,0,1,0,0
14162,3560599473,500,-600,109,0,1
7081540,14163,29101,-11076,500,-600,109
0,7082040,14164,0,29606,-10969,500
1,0,4652,108,14165,0,30109
109,1,0,0,5152,108,14166
4255646196,109,1,0,0,0,5652
3589765509,4255646196,109,0,1,0,0
14168,3592059767,500,-600,109,0,1
7084540,14169,32104,-10704,500,-600,109
0,7085040,14170,0,32600,-10695,500
1,0,7652,108,14171,0,33095
109,1,0,0,8152,108,14172
4255646196,109,1,0,0,0,8652
3591734566,4255646196,109,0,1,0,0
14174,3589834518,500,-600,109,0,1
7087540,14175,-30458,-10796,500,-600,109
0,7088040,14176,0,-29962,-10838,500
1,0,10652,108,14177,0,36073
109,1,0,0,11152,108,14178
4255646196,109,1,0,0,0,11652
3575025875,4255646196,109,0,1,0,0
14180,3571487434,500,-600,109,0,1
7090540,14181,-27453,-11096,500,-600,109
0,7091040,14182,0,-26945,-11152,500
1,0,13652,108,14183,0,39102
109,1,0,0,14152,108,14184
4255646196,109,1,0,0,0,14652
730111172,4255646196,109,0,1,0,0
14186,726310606,500,-600,109,0,1
7093540,14187,-24357,11027,500,-600,109
0,7094040,14188,0,-23829,10976,500
1,0,16652,108,14189,0,42239
109,1,0,0,17152,108,14190
4255646196,109,1,0,0,0,17652
710846774,4255646196,109,0,1,0,0
14192,708619096,500,-600,109,0,1
7096540,14193,-21125,10783,500,-600,109
0,7097040,14194,0,-20574,10758,500
1,0,19652,108,14195,0,45516
109,1,0,0,20152,108,14196
4255646196,109,1,0,0,0,20652
702002718,4255646196,109,0,1,0,0
14198,701544517,500,-600,109,0,1
7099540,14199,-17817,10701,500,-600,109
0,7100040,14200,0,-17276,10703,500
1,0,22652,108,14201,0,48791
109,1,0,0,23152,108,14202
4255646196,109,1,0,0,0,23652
703644313,4255646196,109,0,1,0,0
14204,704955522,500,-600,109,0,1
7102540,14205,-14761,10780,500,-600,109
0,7103040,14206,0,-14314,10810,500
1,0,25652,108,14207,0,51644
109,1,0,0,26152,108,14208
4255646196,109,1,0,0,0,26652
715705530,4255646196,109,0,1,0,0
14210,718589456,500,-600,109,0,1
7105540,14211,-12471,11009,500,-600,109
0,7106040,14212,0,-12186,11056,500
1,0,28652,108,14213,0,53608
109,1,0,0,29152,108,14214
4255646196,109,1,0,0,0,29652
3578450716,4255646196,109,0,1,0,0
14216,3582317520,500,-600,109,0,1
7108540,14217,-11155,-10817,500,-600,109
0,7109040,14218,0,-11019,-10763,500
1,0,31652,108,14219,0,54632
109,1,0,0,32152,108,14220
4255646196,109,1,0,0,0,32652
3598505496,4255646196,109,0,1,0,0
14222,3600602711,500,-600,109,0,1
7111540,14223,-10616,-10571,500,-600,109
0,7112040,14224,0,-10581,-10555,500
1,0,-30884,108,14225,0,54978
109,1,0,0,-30384,108,14226
4255646196,109,1,0,0,0,35652
3602110162,4255646196,109,0,1,0,0
14228,3600013004,500,-600,109,0,1
7114540,14229,-10561,-10652,500,-600,109
0,7115040,14230,0,-10581,-10715,500
1,0,-27884,108,14231,0,54930
109,1,0,0,-27384,108,14232
4255646196,109,1,0,0,0,38652
3572880977,4255646196,109,0,1,0,0
14234,3563378220,500,-600,109,0,1
7117540,14235,-10748,-11332,500,-600,109
0,7118040,14236,0,-10789,-11526,500
1,0,-24884,108,14237,0,54705
109,1,0,0,-24384,108,14238
4255646196,109,1,0,0,0,41652
3490982488,4255646196,109,0,1,0,0
14240,3470993950,500,-600,109,0,1
7120540,14241,10725,-12905,500,-600,109
0,7121040,14242,0,10671,-13266,500
1,0,-21884,108,14243,0,10620
109,1,0,0,-21384,108,14244
4255646196,109,1,0,0,0,44652
3343722788,4255646196,109,0,1,0,0
14246,3313248512,500,-600,109,0,1
7123540,14247,10467,-15464,500,-600,109
0,7124040,14248,0,10445,-15968,500
1,0,-18884,108,14249,0,10431
109,1,0,0,-18384,108,14250
4255646196,109,1,0,0,0,47652
3144165567,4255646196,109,0,1,0,0
14252,3108317391,500,-600,109,0,1
7126540,14253,10475,-18659,500,-600,109
0,7127040,14254,0,10517,-19215,500
1,0,-15884,108,14255,0,10572
109,1,0,0,-15384,108,14256
9044468,109,0,0,0,0,50670
2927831531,500,120,0,0,0,0
14258,2894604885,500,30,121,0,0
7129558,14259,10961,-21843,500,0,132
0,7130058,14260,0,11106,-22288,500
0,0,-12866,108,14261,0,11271
139,0,0,0,-12366,108,14262
32768473,138,0,0,0,0,53670
2763664791,500,146,0,0,0,0
14264,2746691202,500,0,155,0,0
7132558,14265,12165,-23855,500,0,161
0,7133058,14266,0,12450,-24057,500
0,0,-9866,108,14267,0,12760
165,0,0,0,-9366,108,14268
500,178,0,0,0,0,56670
2693543054,32768000,173,0,0,0,0
14270,2693084684,0,500,168,0,0
7135558,14271,14240,-24341,500,0,170
0,7136058,14272,0,14664,-24181,500
0,0,-6866,108,14273,0,15108
192,0,0,0,-6366,108,14274
32768000,184,0,0,0,0,59670
2754887338,32768000,174,0,0,0,0
14276,2778022032,500,0,180,0,0
7138558,14277,17024,-22747,500,0,184
0,7139058,14278,0,17528,-22317,500
0,0,-3866,108,14279,0,18039
186,0,0,0,-3366,108,14280
32768000,172,0,0,0,0,62670
2919713408,500,182,0,0,0,0
14282,2949139593,500,0,184,0,0
7141558,14283,20113,-20086,500,0,189
0,7142058,14284,0,20633,-19634,0
0,0,-866,108,14285,0,21151
176,0,0,0,-366,108,14286
500,178,0,0,0,0,134
3097122470,500,186,0,0,0,0
14288,3126483109,153,500,182,0,0
7144558,14289,23200,-17384,500,0,194
0,7145058,14290,0,23704,-16944,0
0,0,2134,109,14291,0,24206
186,0,0,0,2634,109,14292
500,196,0,0,0,0,3134
3268436591,32768450,193,0,0,0,0
14294,3295110235,500,0,196,0,0
7147558,14295,26179,-14862,500,0,209
0,7148058,14296,0,26665,-14480,398
0,0,5134,109,14297,0,27148
212,0,0,0,5634,109,14298
500,229,0,0,0,0,6134
3415305677,500,236,0,0,0,0
14300,3436212137,500,210,235,0,0
7150558,14301,29062,-12803,500,0,236
0,7151058,14302,0,29536,-12519,500
0,0,8134,109,14303,0,30008
261,0,0,0,8634,109,14304
32768000,248,0,0,0,0,9134
3523442920,500,266,0,0,0,0
14306,3537402558,500,0,272,0,0
7153558,14307,31892,-11362,500,199,270
0,7154058,14308,0,32362,-11181,500
0,0,11134,109,14309,0,32832
284,0,0,0,11634,109,14310
500,290,0,0,0,0,12134
3591930862,500,294,0,0,0,0
14312,3600057798,500,0,306,0,0
7156558,14313,-30816,-10493,500,0,306
0,7157058,14314,0,-30342,-10394,500
0,0,14134,109,14315,0,35671
325,0,0,0,14634,109,14316
500,342,0,0,0,0,15134
3629223701,32768195,337,0,0,0,0
14318,3633221880,500,0,340,0,0
7159558,14319,-27938,-10047,500,390,337
0,7160058,14320,0,-27450,-10002,500
0,0,17134,109,14321,0,38577
354,0,0,0,17634,109,14322
16384500,352,0,0,0,0,18134
3645807250,500,352,0,0,0,0
14324,3647249544,500,0,353,0,0
7162558,14325,-24958,-9867,500,0,361
0,7163058,14326,0,-24448,-9853,0
0,0,20134,109,14327,0,41602
360,0,0,0,20634,109,14328
32768455,356,0,0,0,0,21134
3650922131,500,356,0,0,0,0
14330,3651250338,500,0,366,0,0
7165558,14331,-21836,-9819,0,500,350
0,7166058,14332,0,-21302,-9816,500
0,0,23134,109,14333,0,44771
359,0,0,0,23634,109,14334
500,364,0,0,0,0,24134
641053466,12845556,362,0,0,0,0
14336,640005431,500,143,360,0,0
7168558,14337,-18605,9751,500,0,359
0,7169058,14338,0,-18070,9739,500
0,0,26134,109,14339,0,47998
360,0,0,0,26634,109,14340
500,367,0,0,0,0,27134
637452175,13369844,365,0,0,0,0
14342,637780361,500,0,376,0,0
7171558,14343,-15499,9741,0,500,367
0,7172058,14344,0,-15021,9758,500
0,0,29134,109,14345,0,50975
379,0,0,0,29634,109,14346
500,390,0,0,0,0,30134
645581437,32768090,384,0,0,0,0
14348,648727564,500,0,389,0,0
7174558,14349,-12924,9956,500,0,398
0,7175058,14350,0,-12571,10024,500
0,0,32134,109,14351,0,53294
407,0,0,0,32634,109,14352
500,423,0,0,0,0,33134
674878074,500,430,0,0,0,0
14354,682546045,500,188,427,0,0
7177558,14355,-11158,10546,500,0,437
0,7178058,14356,0,-10942,10693,500
0,0,-30402,109,14357,0,54790
440,0,0,0,-29902,109,14358
500,453,0,0,0,0,36134
736155478,500,464,0,0,0,0
14360,750245861,0,500,455,0,0
7180558,14361,-10140,11680,500,0,476
0,7181058,14362,0,-10028,11933,500
0,0,-27402,109,14363,0,55608
479,0,0,0,-26902,109,14364
500,486,0,0,0,0,39134
839440860,500,497,0,0,0,0
14366,861067807,500,283,493,0,0
7183558,14367,-9638,13488,500,0,512
0,7184058,14368,0,-9588,13855,500
0,0,-24402,109,14369,0,55992
527,0,0,0,-23902,109,14370
32768000,515,0,0,0,0,42134
986831615,500,538,0,0,0,0
14372,1015077660,0,500,528,0,0
7186558,14373,-9418,15931,500,0,534
0,7187058,14374,0,-9394,16385,500
0,0,-21402,109,14375,0,56165
535,0,0,0,-20902,109,14376
500,536,0,0,0,0,45134
1166353521,500,544,0,0,0,0
14378,1197941874,256,500,538,0,0
7189558,14379,9334,18766,357,500,532
0,7190058,14380,0,9340,19254,500
0,0,-18402,109,14381,0,9350
530,0,0,0,-17902,109,14382
500,540,0,0,0,0,48134
1358308519,500,539,0,0,0,0
14384,1390355649,0,500,530,0,0
7192558,14385,9442,21703,500,0,533
0,7193058,14386,0,9483,22189,500
0,0,-15402,109,14387,0,9533
532,0,0,0,-14902,109,14388
500,548,0,0,0,0,51134
1548756416,32768000,533,0,0,0,0
14390,1579951636,500,0,545,0,0
7195558,14391,9844,24581,500,0,548
0,7196058,14392,0,9956,25052,500
0,0,-12402,109,14393,0,10083
550,0,0,0,-11902,109,14394
32768104,542,0,0,0,0,54134
1733240981,500,563,0,0,0,0
14396,1763453259,500,0,565,0,0
7198558,14397,10773,27366,500,0,574
0,7199058,14398,0,10996,27822,500
0,0,-9402,109,14399,0,11242
574,0,0,0,-8902,109,14400
500,578,0,0,0,0,57134
1912286747,500,596,0,0,0,0
14402,1941647192,500,0,605,0,0
7201558,14403,12462,30075,500,0,603
0,7202058,14404,0,12828,30523,500
0,0,-6402,109,14405,0,13219
625,0,0,0,-5902,109,14406
32768272,617,0,0,0,0,60134
2087991029,500,627,0,0,0,0
14408,2117155007,500,0,624,0,0
7204558,14409,15004,32750,500,0,638
0,7205058,14410,0,15498,-32341,500
0,0,-3402,109,14411,0,16008
648,0,0,0,-2902,109,14412
500,677,0,0,0,0,63134
2263302826,32768000,663,0,0,0,0
14414,2292729033,500,0,672,0,0
7207558,14415,18159,-30101,500,0,680
0,7208058,14416,0,18715,-29650,500
0,0,-402,109,14417,0,19274
697,0,0,0,98,110,14418
32768487,690,0,0,0,0,598
2441301930,500,703,0,0,0,0
14420,2471383514,280,500,695,0,0
7210558,14421,21512,-27365,500,0,700
0,7211058,14422,0,22068,-26899,500
0,0,2598,110,14423,0,22621
684,0,0,0,3098,110,14424
500,706,0,0,0,0,3598
2624674982,500,709,0,0,0,0
14426,2656001732,500,0,716,0,0
7213558,14427,24798,-24529,0,500,703
0,7214058,14428,0,25333,-24045,500
0,0,5598,110,14429,0,25865
712,0,0,0,6098,110,14430
500,712,0,0,0,0,6598
2815715622,500,709,0,0,0,0
14432,2848222000,500,0,711,0,0
7216558,14433,27959,-21577,0,500,694
0,7217058,14434,0,28475,-21075,500
0,0,8598,110,14435,0,28989
724,0,0,0,9098,110,14436
32768000,701,0,0,0,0,9598
3012982076,500,711,0,0,0,0
14438,3046078265,500,0,715,0,0
7219558,14439,31028,-18554,500,0,716
0,7220058,14440,0,31536,-18054,500
0,0,11598,110,14441,0,32042
728,0,0,0,12098,110,14442
32768401,720,0,0,0,0,12598
3208151326,500,731,0,0,0,0
14444,3239281433,500,0,734,0,0
7222558,14445,-31467,-15644,500,0,736
0,7223058,14446,0,-30959,-15190,500
0,0,14598,110,14447,0,35087
733,0,0,0,15098,110,14448
500,733,0,0,0,0,15598
3383135503,500,741,0,0,0,0
14450,3408957202,500,24,736,0,0
7225558,14451,-28393,-13143,0,500,724
0,7226058,14452,0,-27873,-12783,500
0,0,17598,110,14453,0,38186
727,0,0,0,18098,110,14454
5636596,722,0,0,0,0,18598
3520698698,500,742,0,0,0,0
14456,3539442527,0,500,725,0,0
7228558,14457,-25224,-11262,500,428,718
0,7229058,14458,0,-24683,-11011,500
0,0,20598,110,14459,0,41398
719,0,0,0,21098,110,14460
500,720,0,0,0,0,21598
3616122372,32768000,709,0,0,0,0
14462,3628378161,500,155,704,0,0
7231558,14463,-21919,-9999,0,500,690
0,7232058,14464,0,-21357,-9839,0
0,0,23598,110,14465,0,44745
681,0,0,0,24098,110,14466
32768000,661,0,0,0,0,24598
3677074231,500,665,0,0,0,0
14468,3684676973,254,500,658,0,0
7234558,14469,-18526,-9205,500,0,659
0,7235058,14470,0,-17966,-9106,0
0,0,26598,110,14471,0,48126
638,0,0,0,27098,110,14472
32768000,623,0,0,0,0,27598
3715219516,500,631,0,0,0,0
14474,3720135242,0,500,619,0,0
7237558,14475,-15285,-8701,500,0,625
0,7238058,14476,0,-14787,-8633,0
0,0,29598,110,14477,0,51229
618,0,0,0,30098,110,14478
32768000,599,0,0,0,0,30598
3741633442,500,596,0,0,0,0
14480,3745631557,500,0,602,0,0
7240558,14481,-12590,8320,50,500,593
0,7241058,14482,0,-12215,8365,190
0,0,32598,110,14483,0,53673
591,0,0,0,-32438,110,14484
500,602,0,0,0,0,33598
557831206,32768000,584,0,0,0,0
14486,561435972,500,0,594,0,0
7243558,14487,-10675,8625,500,0,593
0,7244058,14488,0,-10430,8689,500
0,0,-29938,110,14489,0,55332
611,0,0,0,-29438,110,14490
32768000,593,0,0,0,0,36598
584636852,500,597,0,0,0,0
14492,590666341,500,0,600,0,0
7246558,14493,-9465,9112,500,0,606
0,7247058,14494,0,-9317,9223,500
0,0,-26938,110,14495,0,56357
615,0,0,0,-26438,110,14496
32768000,600,0,0,0,0,39598
630643991,500,617,0,0,0,0
14498,640998787,0,500,602,0,0
7249558,14499,-8728,9953,500,0,600
0,7250058,14500,0,-8634,10140,500
0,0,-23938,110,14501,0,56990
602,0,0,0,-23438,110,14502
500,611,0,0,0,0,42598
707911491,32768039,603,0,0,0,0
14504,724623249,500,0,608,0,0
